# Blender 4.3.2
# www.blender.org
mtllib Trampoline.mtl
o polySurface1271
v -0.668841 0.181372 0.191082
v -0.668876 0.181942 0.189962
v -0.668931 0.182828 0.189074
v -0.669000 0.183945 0.188504
v -0.669077 0.185183 0.188308
v -0.669154 0.186421 0.188504
v -0.669223 0.187539 0.189074
v -0.669278 0.188425 0.189962
v -0.669313 0.188994 0.191082
v -0.669325 0.189190 0.192322
v -0.669313 0.188994 0.193563
v -0.669278 0.188425 0.194682
v -0.669223 0.187539 0.195570
v -0.669154 0.186421 0.196140
v -0.669077 0.185183 0.196337
v -0.669000 0.183945 0.196140
v -0.668931 0.182828 0.195570
v -0.668876 0.181942 0.194682
v -0.668841 0.181372 0.193563
v -0.668828 0.181176 0.192322
v -0.700875 0.179386 0.191082
v -0.700911 0.179955 0.189962
v -0.700965 0.180841 0.189074
v -0.701035 0.181958 0.188504
v -0.701111 0.183196 0.188308
v -0.701188 0.184435 0.188504
v -0.701258 0.185552 0.189074
v -0.701313 0.186438 0.189962
v -0.701348 0.187007 0.191082
v -0.701360 0.187203 0.192322
v -0.701348 0.187007 0.193563
v -0.701313 0.186438 0.194682
v -0.701258 0.185552 0.195570
v -0.701188 0.184435 0.196140
v -0.701111 0.183196 0.196337
v -0.701035 0.181958 0.196140
v -0.700965 0.180841 0.195570
v -0.700911 0.179955 0.194682
v -0.700875 0.179386 0.193563
v -0.700863 0.179189 0.192322
v -0.669077 0.185183 0.192322
v -0.684911 0.182958 0.196140
v -0.684988 0.184196 0.196337
v -0.685065 0.185435 0.196140
v -0.685134 0.186552 0.195570
v -0.685189 0.187438 0.194682
v -0.685224 0.188007 0.193563
v -0.685236 0.188203 0.192322
v -0.685224 0.188007 0.191082
v -0.685189 0.187438 0.189962
v -0.685134 0.186552 0.189074
v -0.685065 0.185435 0.188504
v -0.684988 0.184196 0.188308
v -0.684911 0.182958 0.188504
v -0.684842 0.181841 0.189074
v -0.684787 0.180955 0.189962
v -0.684752 0.180386 0.191082
v -0.684739 0.180189 0.192322
v -0.684752 0.180386 0.193563
v -0.684787 0.180955 0.194682
v -0.684842 0.181841 0.195570
v -0.684880 0.182458 0.197682
v -0.684988 0.184196 0.197958
v -0.701004 0.181458 0.197682
v -0.701111 0.183196 0.197958
v -0.685096 0.185935 0.197682
v -0.701219 0.184935 0.197682
v -0.685193 0.187503 0.196881
v -0.701317 0.186503 0.196881
v -0.685270 0.188747 0.195635
v -0.701394 0.187747 0.195635
v -0.685320 0.189546 0.194064
v -0.701443 0.188546 0.194064
v -0.685337 0.189821 0.192322
v -0.701460 0.188821 0.192322
v -0.685320 0.189546 0.190581
v -0.701443 0.188546 0.190581
v -0.685270 0.188747 0.189010
v -0.701394 0.187747 0.189010
v -0.685193 0.187503 0.187763
v -0.701317 0.186503 0.187763
v -0.685096 0.185935 0.186963
v -0.701219 0.184935 0.186963
v -0.684988 0.184196 0.186687
v -0.701111 0.183196 0.186687
v -0.684880 0.182458 0.186963
v -0.701004 0.181458 0.186963
v -0.684783 0.180890 0.187763
v -0.700907 0.179890 0.187763
v -0.684706 0.179646 0.189010
v -0.700829 0.178646 0.189010
v -0.684656 0.178847 0.190581
v -0.700780 0.177847 0.190581
v -0.684639 0.178572 0.192322
v -0.700763 0.177572 0.192322
v -0.684656 0.178847 0.194064
v -0.700780 0.177847 0.194064
v -0.684706 0.179646 0.195635
v -0.700829 0.178646 0.195635
v -0.684783 0.180890 0.196881
v -0.700907 0.179890 0.196881
v -0.686503 0.180277 0.191082
v -0.686539 0.180846 0.189962
v -0.686740 0.184088 0.192322
v -0.686594 0.181733 0.189074
v -0.686663 0.182850 0.188504
v -0.686740 0.184088 0.188308
v -0.686817 0.185326 0.188504
v -0.686886 0.186443 0.189074
v -0.686941 0.187330 0.189962
v -0.686976 0.187899 0.191082
v -0.686988 0.188095 0.192322
v -0.686976 0.187899 0.193563
v -0.686941 0.187330 0.194682
v -0.686886 0.186443 0.195570
v -0.686817 0.185326 0.196140
v -0.686740 0.184088 0.196337
v -0.686663 0.182850 0.196140
v -0.686594 0.181733 0.195570
v -0.686539 0.180846 0.194682
v -0.686503 0.180277 0.193563
v -0.686491 0.180081 0.192322
v -0.674028 0.186710 0.191082
v -0.673685 0.187166 0.189962
v -0.673150 0.187875 0.189074
v -0.672476 0.188768 0.188504
v -0.671730 0.189759 0.188308
v -0.670982 0.190749 0.188504
v -0.670309 0.191643 0.189074
v -0.669774 0.192352 0.189962
v -0.669431 0.192807 0.191082
v -0.669312 0.192964 0.192322
v -0.669431 0.192807 0.193563
v -0.669774 0.192352 0.194682
v -0.670309 0.191643 0.195570
v -0.670982 0.190749 0.196140
v -0.671730 0.189759 0.196337
v -0.672476 0.188768 0.196140
v -0.673150 0.187875 0.195570
v -0.673685 0.187166 0.194682
v -0.674028 0.186710 0.193563
v -0.674147 0.186553 0.192322
v -0.699655 0.206035 0.191082
v -0.699311 0.206491 0.189962
v -0.698777 0.207200 0.189074
v -0.698103 0.208093 0.188504
v -0.697356 0.209084 0.188308
v -0.696609 0.210074 0.188504
v -0.695935 0.210968 0.189074
v -0.695400 0.211677 0.189962
v -0.695057 0.212132 0.191082
v -0.694939 0.212289 0.192322
v -0.695057 0.212132 0.193563
v -0.695400 0.211677 0.194682
v -0.695935 0.210968 0.195570
v -0.696609 0.210074 0.196140
v -0.697356 0.209084 0.196337
v -0.698103 0.208093 0.196140
v -0.698777 0.207200 0.195570
v -0.699311 0.206491 0.194682
v -0.699655 0.206035 0.193563
v -0.699773 0.205878 0.192322
v -0.671730 0.189759 0.192322
v -0.685205 0.198367 0.196140
v -0.684458 0.199357 0.196337
v -0.683711 0.200348 0.196140
v -0.683037 0.201241 0.195570
v -0.682502 0.201951 0.194682
v -0.682159 0.202406 0.193563
v -0.682040 0.202563 0.192322
v -0.682159 0.202406 0.191082
v -0.682502 0.201951 0.189962
v -0.683037 0.201241 0.189074
v -0.683711 0.200348 0.188504
v -0.684458 0.199357 0.188308
v -0.685205 0.198367 0.188504
v -0.685878 0.197473 0.189074
v -0.686413 0.196764 0.189962
v -0.686757 0.196309 0.191082
v -0.686875 0.196152 0.192322
v -0.686757 0.196309 0.193563
v -0.686413 0.196764 0.194682
v -0.685878 0.197473 0.195570
v -0.685506 0.197967 0.197682
v -0.684458 0.199357 0.197958
v -0.698404 0.207693 0.197682
v -0.697356 0.209084 0.197958
v -0.683409 0.200748 0.197682
v -0.696307 0.210474 0.197682
v -0.682463 0.202002 0.196881
v -0.695361 0.211729 0.196881
v -0.681713 0.202997 0.195635
v -0.694611 0.212724 0.195635
v -0.681231 0.203637 0.194064
v -0.694129 0.213363 0.194064
v -0.681064 0.203857 0.192322
v -0.693963 0.213583 0.192322
v -0.681231 0.203637 0.190581
v -0.694129 0.213363 0.190581
v -0.681713 0.202997 0.189010
v -0.694611 0.212724 0.189010
v -0.682463 0.202002 0.187763
v -0.695361 0.211729 0.187763
v -0.683409 0.200748 0.186963
v -0.696307 0.210474 0.186963
v -0.684458 0.199357 0.186687
v -0.697356 0.209084 0.186687
v -0.685506 0.197967 0.186963
v -0.698404 0.207693 0.186963
v -0.686452 0.196712 0.187763
v -0.699350 0.206439 0.187763
v -0.687203 0.195717 0.189010
v -0.700101 0.205444 0.189010
v -0.687685 0.195078 0.190581
v -0.700583 0.204805 0.190581
v -0.687851 0.194858 0.192322
v -0.700749 0.204584 0.192322
v -0.687685 0.195078 0.194064
v -0.700583 0.204805 0.194064
v -0.687203 0.195717 0.195635
v -0.700101 0.205444 0.195635
v -0.686452 0.196712 0.196881
v -0.699350 0.206439 0.196881
v -0.688158 0.197366 0.191082
v -0.687815 0.197821 0.189962
v -0.685859 0.200414 0.192322
v -0.687280 0.198530 0.189074
v -0.686606 0.199424 0.188504
v -0.685859 0.200414 0.188308
v -0.685112 0.201405 0.188504
v -0.684438 0.202298 0.189074
v -0.683903 0.203007 0.189962
v -0.683560 0.203463 0.191082
v -0.683442 0.203619 0.192322
v -0.683560 0.203463 0.193563
v -0.683903 0.203007 0.194682
v -0.684438 0.202298 0.195570
v -0.685112 0.201405 0.196140
v -0.685859 0.200414 0.196337
v -0.686606 0.199424 0.196140
v -0.687280 0.198530 0.195570
v -0.687815 0.197821 0.194682
v -0.688158 0.197366 0.193563
v -0.688276 0.197209 0.192322
v -0.674924 0.189446 0.191082
v -0.674353 0.189453 0.189962
v -0.673465 0.189464 0.189074
v -0.672346 0.189478 0.188504
v -0.671106 0.189494 0.188308
v -0.669865 0.189510 0.188504
v -0.668746 0.189524 0.189074
v -0.667858 0.189535 0.189962
v -0.667288 0.189542 0.191082
v -0.667091 0.189545 0.192322
v -0.667288 0.189542 0.193563
v -0.667858 0.189535 0.194682
v -0.668746 0.189524 0.195570
v -0.669865 0.189510 0.196140
v -0.671106 0.189494 0.196337
v -0.672346 0.189478 0.196140
v -0.673465 0.189464 0.195570
v -0.674353 0.189453 0.194682
v -0.674924 0.189446 0.193563
v -0.675120 0.189443 0.192322
v -0.675330 0.221539 0.191082
v -0.674760 0.221546 0.189962
v -0.673872 0.221558 0.189074
v -0.672753 0.221572 0.188504
v -0.671512 0.221588 0.188308
v -0.670272 0.221603 0.188504
v -0.669153 0.221618 0.189074
v -0.668265 0.221629 0.189962
v -0.667695 0.221636 0.191082
v -0.667498 0.221638 0.192322
v -0.667695 0.221636 0.193563
v -0.668265 0.221629 0.194682
v -0.669153 0.221618 0.195570
v -0.670272 0.221603 0.196140
v -0.671512 0.221588 0.196337
v -0.672753 0.221572 0.196140
v -0.673872 0.221558 0.195570
v -0.674760 0.221546 0.194682
v -0.675330 0.221539 0.193563
v -0.675527 0.221537 0.192322
v -0.671106 0.189494 0.192322
v -0.672548 0.205419 0.196140
v -0.671308 0.205434 0.196337
v -0.670067 0.205450 0.196140
v -0.668948 0.205464 0.195570
v -0.668060 0.205476 0.194682
v -0.667490 0.205483 0.193563
v -0.667293 0.205485 0.192322
v -0.667490 0.205483 0.191082
v -0.668060 0.205476 0.189962
v -0.668948 0.205464 0.189074
v -0.670067 0.205450 0.188504
v -0.671308 0.205434 0.188308
v -0.672548 0.205419 0.188504
v -0.673667 0.205404 0.189074
v -0.674555 0.205393 0.189962
v -0.675126 0.205386 0.191082
v -0.675322 0.205383 0.192322
v -0.675126 0.205386 0.193563
v -0.674555 0.205393 0.194682
v -0.673667 0.205404 0.195570
v -0.673049 0.205412 0.197682
v -0.671308 0.205434 0.197958
v -0.673254 0.221566 0.197682
v -0.671512 0.221588 0.197958
v -0.669566 0.205456 0.197682
v -0.669771 0.221610 0.197682
v -0.667996 0.205476 0.196881
v -0.668200 0.221630 0.196881
v -0.666749 0.205492 0.195635
v -0.666954 0.221645 0.195635
v -0.665949 0.205502 0.194064
v -0.666153 0.221656 0.194064
v -0.665673 0.205506 0.192322
v -0.665878 0.221659 0.192322
v -0.665949 0.205502 0.190581
v -0.666153 0.221656 0.190581
v -0.666749 0.205492 0.189010
v -0.666954 0.221645 0.189010
v -0.667996 0.205476 0.187763
v -0.668200 0.221630 0.187763
v -0.669566 0.205456 0.186963
v -0.669771 0.221610 0.186963
v -0.671308 0.205434 0.186687
v -0.671512 0.221588 0.186687
v -0.673049 0.205412 0.186963
v -0.673254 0.221566 0.186963
v -0.674620 0.205392 0.187763
v -0.674825 0.221546 0.187763
v -0.675867 0.205377 0.189010
v -0.676071 0.221530 0.189010
v -0.676667 0.205366 0.190581
v -0.676872 0.221520 0.190581
v -0.676943 0.205363 0.192322
v -0.677148 0.221516 0.192322
v -0.676667 0.205366 0.194064
v -0.676872 0.221520 0.194064
v -0.675867 0.205377 0.195635
v -0.676071 0.221530 0.195635
v -0.674620 0.205392 0.196881
v -0.674825 0.221546 0.196881
v -0.675148 0.207141 0.191082
v -0.674578 0.207148 0.189962
v -0.671330 0.207189 0.192322
v -0.673690 0.207159 0.189074
v -0.672571 0.207174 0.188504
v -0.671330 0.207189 0.188308
v -0.670090 0.207205 0.188504
v -0.668970 0.207219 0.189074
v -0.668082 0.207231 0.189962
v -0.667512 0.207238 0.191082
v -0.667316 0.207240 0.192322
v -0.667512 0.207238 0.193563
v -0.668082 0.207231 0.194682
v -0.668970 0.207219 0.195570
v -0.670090 0.207205 0.196140
v -0.671330 0.207189 0.196337
v -0.672571 0.207174 0.196140
v -0.673690 0.207159 0.195570
v -0.674578 0.207148 0.194682
v -0.675148 0.207141 0.193563
v -0.675344 0.207139 0.192322
v -0.668841 0.181372 0.191082
v -0.668876 0.181942 0.189962
v -0.684787 0.180955 0.189962
v -0.684752 0.180386 0.191082
v -0.668931 0.182828 0.189074
v -0.684842 0.181841 0.189074
v -0.669000 0.183945 0.188504
v -0.684911 0.182958 0.188504
v -0.669077 0.185183 0.188308
v -0.684988 0.184196 0.188308
v -0.669154 0.186421 0.188504
v -0.685065 0.185435 0.188504
v -0.669223 0.187539 0.189074
v -0.685134 0.186552 0.189074
v -0.669278 0.188425 0.189962
v -0.685189 0.187438 0.189962
v -0.669313 0.188994 0.191082
v -0.685224 0.188007 0.191082
v -0.669325 0.189190 0.192322
v -0.685236 0.188203 0.192322
v -0.669313 0.188994 0.193563
v -0.685224 0.188007 0.193563
v -0.669278 0.188425 0.194682
v -0.685189 0.187438 0.194682
v -0.669223 0.187539 0.195570
v -0.685134 0.186552 0.195570
v -0.669154 0.186421 0.196140
v -0.685065 0.185435 0.196140
v -0.669077 0.185183 0.196337
v -0.684988 0.184196 0.196337
v -0.669000 0.183945 0.196140
v -0.684911 0.182958 0.196140
v -0.668931 0.182828 0.195570
v -0.684842 0.181841 0.195570
v -0.668876 0.181942 0.194682
v -0.684787 0.180955 0.194682
v -0.668841 0.181372 0.193563
v -0.684752 0.180386 0.193563
v -0.668828 0.181176 0.192322
v -0.684739 0.180189 0.192322
v -0.669077 0.185183 0.192322
v -0.686503 0.180277 0.191082
v -0.686539 0.180846 0.189962
v -0.686740 0.184088 0.192322
v -0.686594 0.181733 0.189074
v -0.686663 0.182850 0.188504
v -0.686740 0.184088 0.188308
v -0.686817 0.185326 0.188504
v -0.686886 0.186443 0.189074
v -0.686941 0.187330 0.189962
v -0.686976 0.187899 0.191082
v -0.686988 0.188095 0.192322
v -0.686976 0.187899 0.193563
v -0.686941 0.187330 0.194682
v -0.686886 0.186443 0.195570
v -0.686817 0.185326 0.196140
v -0.686740 0.184088 0.196337
v -0.686663 0.182850 0.196140
v -0.686594 0.181733 0.195570
v -0.686539 0.180846 0.194682
v -0.686503 0.180277 0.193563
v -0.686491 0.180081 0.192322
v -0.684880 0.182458 0.197682
v -0.684988 0.184196 0.197958
v -0.701004 0.181458 0.197682
v -0.701111 0.183196 0.197958
v -0.685096 0.185935 0.197682
v -0.701219 0.184935 0.197682
v -0.685193 0.187503 0.196881
v -0.701317 0.186503 0.196881
v -0.685270 0.188747 0.195635
v -0.701394 0.187747 0.195635
v -0.685320 0.189546 0.194064
v -0.701443 0.188546 0.194064
v -0.685337 0.189821 0.192322
v -0.701460 0.188821 0.192322
v -0.685320 0.189546 0.190581
v -0.701443 0.188546 0.190581
v -0.685270 0.188747 0.189010
v -0.701394 0.187747 0.189010
v -0.685193 0.187503 0.187763
v -0.701317 0.186503 0.187763
v -0.685096 0.185935 0.186963
v -0.701219 0.184935 0.186963
v -0.684988 0.184196 0.186687
v -0.701111 0.183196 0.186687
v -0.684880 0.182458 0.186963
v -0.701004 0.181458 0.186963
v -0.684783 0.180890 0.187763
v -0.700907 0.179890 0.187763
v -0.684706 0.179646 0.189010
v -0.700829 0.178646 0.189010
v -0.684656 0.178847 0.190581
v -0.700780 0.177847 0.190581
v -0.684639 0.178572 0.192322
v -0.700763 0.177572 0.192322
v -0.684656 0.178847 0.194064
v -0.700780 0.177847 0.194064
v -0.684706 0.179646 0.195635
v -0.700829 0.178646 0.195635
v -0.684783 0.180890 0.196881
v -0.700907 0.179890 0.196881
v -0.701111 0.183196 0.196337
v -0.701035 0.181958 0.196140
v -0.701188 0.184435 0.196140
v -0.701258 0.185552 0.195570
v -0.701313 0.186438 0.194682
v -0.701348 0.187007 0.193563
v -0.701360 0.187203 0.192322
v -0.701348 0.187007 0.191082
v -0.701313 0.186438 0.189962
v -0.701258 0.185552 0.189074
v -0.701188 0.184435 0.188504
v -0.701111 0.183196 0.188308
v -0.701035 0.181958 0.188504
v -0.700965 0.180841 0.189074
v -0.700911 0.179955 0.189962
v -0.700875 0.179386 0.191082
v -0.700863 0.179189 0.192322
v -0.700875 0.179386 0.193563
v -0.700911 0.179955 0.194682
v -0.700965 0.180841 0.195570
v -0.674028 0.186710 0.191082
v -0.673685 0.187166 0.189962
v -0.686413 0.196764 0.189962
v -0.686757 0.196309 0.191082
v -0.673150 0.187875 0.189074
v -0.685878 0.197473 0.189074
v -0.672476 0.188768 0.188504
v -0.685205 0.198367 0.188504
v -0.671730 0.189759 0.188308
v -0.684458 0.199357 0.188308
v -0.670982 0.190749 0.188504
v -0.683711 0.200348 0.188504
v -0.670309 0.191643 0.189074
v -0.683037 0.201241 0.189074
v -0.669774 0.192352 0.189962
v -0.682502 0.201951 0.189962
v -0.669431 0.192807 0.191082
v -0.682159 0.202406 0.191082
v -0.669312 0.192964 0.192322
v -0.682040 0.202563 0.192322
v -0.669431 0.192807 0.193563
v -0.682159 0.202406 0.193563
v -0.669774 0.192352 0.194682
v -0.682502 0.201951 0.194682
v -0.670309 0.191643 0.195570
v -0.683037 0.201241 0.195570
v -0.670982 0.190749 0.196140
v -0.683711 0.200348 0.196140
v -0.671730 0.189759 0.196337
v -0.684458 0.199357 0.196337
v -0.672476 0.188768 0.196140
v -0.685205 0.198367 0.196140
v -0.673150 0.187875 0.195570
v -0.685878 0.197473 0.195570
v -0.673685 0.187166 0.194682
v -0.686413 0.196764 0.194682
v -0.674028 0.186710 0.193563
v -0.686757 0.196309 0.193563
v -0.674147 0.186553 0.192322
v -0.686875 0.196152 0.192322
v -0.671730 0.189759 0.192322
v -0.688158 0.197366 0.191082
v -0.687815 0.197821 0.189962
v -0.685859 0.200414 0.192322
v -0.687280 0.198530 0.189074
v -0.686606 0.199424 0.188504
v -0.685859 0.200414 0.188308
v -0.685112 0.201405 0.188504
v -0.684438 0.202298 0.189074
v -0.683903 0.203007 0.189962
v -0.683560 0.203463 0.191082
v -0.683442 0.203619 0.192322
v -0.683560 0.203463 0.193563
v -0.683903 0.203007 0.194682
v -0.684438 0.202298 0.195570
v -0.685112 0.201405 0.196140
v -0.685859 0.200414 0.196337
v -0.686606 0.199424 0.196140
v -0.687280 0.198530 0.195570
v -0.687815 0.197821 0.194682
v -0.688158 0.197366 0.193563
v -0.688276 0.197209 0.192322
v -0.685506 0.197967 0.197682
v -0.684458 0.199357 0.197958
v -0.698404 0.207693 0.197682
v -0.697356 0.209084 0.197958
v -0.683409 0.200748 0.197682
v -0.696307 0.210474 0.197682
v -0.682463 0.202002 0.196881
v -0.695361 0.211729 0.196881
v -0.681713 0.202997 0.195635
v -0.694611 0.212724 0.195635
v -0.681231 0.203637 0.194064
v -0.694129 0.213363 0.194064
v -0.681064 0.203857 0.192322
v -0.693963 0.213583 0.192322
v -0.681231 0.203637 0.190581
v -0.694129 0.213363 0.190581
v -0.681713 0.202997 0.189010
v -0.694611 0.212724 0.189010
v -0.682463 0.202002 0.187763
v -0.695361 0.211729 0.187763
v -0.683409 0.200748 0.186963
v -0.696307 0.210474 0.186963
v -0.684458 0.199357 0.186687
v -0.697356 0.209084 0.186687
v -0.685506 0.197967 0.186963
v -0.698404 0.207693 0.186963
v -0.686452 0.196712 0.187763
v -0.699350 0.206439 0.187763
v -0.687203 0.195717 0.189010
v -0.700101 0.205444 0.189010
v -0.687685 0.195078 0.190581
v -0.700583 0.204805 0.190581
v -0.687851 0.194858 0.192322
v -0.700749 0.204584 0.192322
v -0.687685 0.195078 0.194064
v -0.700583 0.204805 0.194064
v -0.687203 0.195717 0.195635
v -0.700101 0.205444 0.195635
v -0.686452 0.196712 0.196881
v -0.699350 0.206439 0.196881
v -0.697356 0.209084 0.196337
v -0.698103 0.208093 0.196140
v -0.696609 0.210074 0.196140
v -0.695935 0.210968 0.195570
v -0.695400 0.211677 0.194682
v -0.695057 0.212132 0.193563
v -0.694939 0.212289 0.192322
v -0.695057 0.212132 0.191082
v -0.695400 0.211677 0.189962
v -0.695935 0.210968 0.189074
v -0.696609 0.210074 0.188504
v -0.697356 0.209084 0.188308
v -0.698103 0.208093 0.188504
v -0.698777 0.207200 0.189074
v -0.699311 0.206491 0.189962
v -0.699655 0.206035 0.191082
v -0.699773 0.205878 0.192322
v -0.699655 0.206035 0.193563
v -0.699311 0.206491 0.194682
v -0.698777 0.207200 0.195570
v -0.674924 0.189446 0.191082
v -0.674353 0.189453 0.189962
v -0.674555 0.205393 0.189962
v -0.675126 0.205386 0.191082
v -0.673465 0.189464 0.189074
v -0.673667 0.205404 0.189074
v -0.672346 0.189478 0.188504
v -0.672548 0.205419 0.188504
v -0.671106 0.189494 0.188308
v -0.671308 0.205434 0.188308
v -0.669865 0.189510 0.188504
v -0.670067 0.205450 0.188504
v -0.668746 0.189524 0.189074
v -0.668948 0.205464 0.189074
v -0.667858 0.189535 0.189962
v -0.668060 0.205476 0.189962
v -0.667288 0.189542 0.191082
v -0.667490 0.205483 0.191082
v -0.667091 0.189545 0.192322
v -0.667293 0.205485 0.192322
v -0.667288 0.189542 0.193563
v -0.667490 0.205483 0.193563
v -0.667858 0.189535 0.194682
v -0.668060 0.205476 0.194682
v -0.668746 0.189524 0.195570
v -0.668948 0.205464 0.195570
v -0.669865 0.189510 0.196140
v -0.670067 0.205450 0.196140
v -0.671106 0.189494 0.196337
v -0.671308 0.205434 0.196337
v -0.672346 0.189478 0.196140
v -0.672548 0.205419 0.196140
v -0.673465 0.189464 0.195570
v -0.673667 0.205404 0.195570
v -0.674353 0.189453 0.194682
v -0.674555 0.205393 0.194682
v -0.674924 0.189446 0.193563
v -0.675126 0.205386 0.193563
v -0.675120 0.189443 0.192322
v -0.675322 0.205383 0.192322
v -0.671106 0.189494 0.192322
v -0.675148 0.207141 0.191082
v -0.674578 0.207148 0.189962
v -0.671330 0.207189 0.192322
v -0.673690 0.207159 0.189074
v -0.672571 0.207174 0.188504
v -0.671330 0.207189 0.188308
v -0.670090 0.207205 0.188504
v -0.668970 0.207219 0.189074
v -0.668082 0.207231 0.189962
v -0.667512 0.207238 0.191082
v -0.667316 0.207240 0.192322
v -0.667512 0.207238 0.193563
v -0.668082 0.207231 0.194682
v -0.668970 0.207219 0.195570
v -0.670090 0.207205 0.196140
v -0.671330 0.207189 0.196337
v -0.672571 0.207174 0.196140
v -0.673690 0.207159 0.195570
v -0.674578 0.207148 0.194682
v -0.675148 0.207141 0.193563
v -0.675344 0.207139 0.192322
v -0.673049 0.205412 0.197682
v -0.671308 0.205434 0.197958
v -0.673254 0.221566 0.197682
v -0.671512 0.221588 0.197958
v -0.669566 0.205456 0.197682
v -0.669771 0.221610 0.197682
v -0.667996 0.205476 0.196881
v -0.668200 0.221630 0.196881
v -0.666749 0.205492 0.195635
v -0.666954 0.221645 0.195635
v -0.665949 0.205502 0.194064
v -0.666153 0.221656 0.194064
v -0.665673 0.205506 0.192322
v -0.665878 0.221659 0.192322
v -0.665949 0.205502 0.190581
v -0.666153 0.221656 0.190581
v -0.666749 0.205492 0.189010
v -0.666954 0.221645 0.189010
v -0.667996 0.205476 0.187763
v -0.668200 0.221630 0.187763
v -0.669566 0.205456 0.186963
v -0.669771 0.221610 0.186963
v -0.671308 0.205434 0.186687
v -0.671512 0.221588 0.186687
v -0.673049 0.205412 0.186963
v -0.673254 0.221566 0.186963
v -0.674620 0.205392 0.187763
v -0.674825 0.221546 0.187763
v -0.675867 0.205377 0.189010
v -0.676071 0.221530 0.189010
v -0.676667 0.205366 0.190581
v -0.676872 0.221520 0.190581
v -0.676943 0.205363 0.192322
v -0.677148 0.221516 0.192322
v -0.676667 0.205366 0.194064
v -0.676872 0.221520 0.194064
v -0.675867 0.205377 0.195635
v -0.676071 0.221530 0.195635
v -0.674620 0.205392 0.196881
v -0.674825 0.221546 0.196881
v -0.671512 0.221588 0.196337
v -0.672753 0.221572 0.196140
v -0.670272 0.221603 0.196140
v -0.669153 0.221618 0.195570
v -0.668265 0.221629 0.194682
v -0.667695 0.221636 0.193563
v -0.667498 0.221638 0.192322
v -0.667695 0.221636 0.191082
v -0.668265 0.221629 0.189962
v -0.669153 0.221618 0.189074
v -0.670272 0.221603 0.188504
v -0.671512 0.221588 0.188308
v -0.672753 0.221572 0.188504
v -0.673872 0.221558 0.189074
v -0.674760 0.221546 0.189962
v -0.675330 0.221539 0.191082
v -0.675527 0.221537 0.192322
v -0.675330 0.221539 0.193563
v -0.674760 0.221546 0.194682
v -0.673872 0.221558 0.195570
v -0.378737 0.186710 0.191082
v -0.379080 0.187166 0.189962
v -0.379615 0.187875 0.189074
v -0.380289 0.188768 0.188504
v -0.381036 0.189759 0.188308
v -0.381783 0.190749 0.188504
v -0.382457 0.191643 0.189074
v -0.382992 0.192352 0.189962
v -0.383335 0.192807 0.191082
v -0.383453 0.192964 0.192322
v -0.383335 0.192807 0.193563
v -0.382992 0.192352 0.194682
v -0.382457 0.191643 0.195570
v -0.381783 0.190749 0.196140
v -0.381036 0.189759 0.196337
v -0.380289 0.188768 0.196140
v -0.379615 0.187875 0.195570
v -0.379080 0.187166 0.194682
v -0.378737 0.186710 0.193563
v -0.378619 0.186553 0.192322
v -0.353111 0.206035 0.191082
v -0.353454 0.206491 0.189962
v -0.353989 0.207200 0.189074
v -0.354663 0.208093 0.188504
v -0.355410 0.209084 0.188308
v -0.356157 0.210074 0.188504
v -0.356831 0.210968 0.189074
v -0.357365 0.211677 0.189962
v -0.357709 0.212132 0.191082
v -0.357827 0.212289 0.192322
v -0.357709 0.212132 0.193563
v -0.357365 0.211677 0.194682
v -0.356831 0.210968 0.195570
v -0.356157 0.210074 0.196140
v -0.355410 0.209084 0.196337
v -0.354663 0.208093 0.196140
v -0.353989 0.207200 0.195570
v -0.353454 0.206491 0.194682
v -0.353111 0.206035 0.193563
v -0.352993 0.205878 0.192322
v -0.381036 0.189759 0.192322
v -0.367561 0.198367 0.196140
v -0.368308 0.199357 0.196337
v -0.369055 0.200348 0.196140
v -0.369729 0.201241 0.195570
v -0.370263 0.201951 0.194682
v -0.370607 0.202406 0.193563
v -0.370725 0.202563 0.192322
v -0.370607 0.202406 0.191082
v -0.370263 0.201951 0.189962
v -0.369729 0.201241 0.189074
v -0.369055 0.200348 0.188504
v -0.368308 0.199357 0.188308
v -0.367561 0.198367 0.188504
v -0.366887 0.197473 0.189074
v -0.366352 0.196764 0.189962
v -0.366009 0.196309 0.191082
v -0.365891 0.196152 0.192322
v -0.366009 0.196309 0.193563
v -0.366352 0.196764 0.194682
v -0.366887 0.197473 0.195570
v -0.367259 0.197967 0.197682
v -0.368308 0.199357 0.197958
v -0.354361 0.207693 0.197682
v -0.355410 0.209084 0.197958
v -0.369356 0.200748 0.197682
v -0.356458 0.210474 0.197682
v -0.370302 0.202002 0.196881
v -0.357404 0.211729 0.196881
v -0.371053 0.202997 0.195635
v -0.358155 0.212724 0.195635
v -0.371535 0.203637 0.194064
v -0.358637 0.213363 0.194064
v -0.371701 0.203857 0.192322
v -0.358803 0.213583 0.192322
v -0.371535 0.203637 0.190581
v -0.358637 0.213363 0.190581
v -0.371053 0.202997 0.189010
v -0.358155 0.212724 0.189010
v -0.370302 0.202002 0.187763
v -0.357404 0.211729 0.187763
v -0.369356 0.200748 0.186963
v -0.356458 0.210474 0.186963
v -0.368308 0.199357 0.186687
v -0.355410 0.209084 0.186687
v -0.367259 0.197967 0.186963
v -0.354361 0.207693 0.186963
v -0.366313 0.196712 0.187763
v -0.353415 0.206439 0.187763
v -0.365563 0.195717 0.189010
v -0.352665 0.205444 0.189010
v -0.365081 0.195078 0.190581
v -0.352183 0.204805 0.190581
v -0.364915 0.194858 0.192322
v -0.352017 0.204584 0.192322
v -0.365081 0.195078 0.194064
v -0.352183 0.204805 0.194064
v -0.365563 0.195717 0.195635
v -0.352665 0.205444 0.195635
v -0.366313 0.196712 0.196881
v -0.353415 0.206439 0.196881
v -0.364608 0.197366 0.191082
v -0.364951 0.197821 0.189962
v -0.366906 0.200414 0.192322
v -0.365486 0.198530 0.189074
v -0.366160 0.199423 0.188504
v -0.366906 0.200414 0.188308
v -0.367653 0.201405 0.188504
v -0.368327 0.202298 0.189074
v -0.368862 0.203007 0.189962
v -0.369205 0.203463 0.191082
v -0.369324 0.203619 0.192322
v -0.369205 0.203463 0.193563
v -0.368862 0.203007 0.194682
v -0.368327 0.202298 0.195570
v -0.367653 0.201405 0.196140
v -0.366906 0.200414 0.196337
v -0.366160 0.199423 0.196140
v -0.365486 0.198530 0.195570
v -0.364951 0.197821 0.194682
v -0.364608 0.197366 0.193563
v -0.364489 0.197209 0.192322
v -0.378737 0.186710 0.191082
v -0.379080 0.187166 0.189962
v -0.366352 0.196764 0.189962
v -0.366009 0.196309 0.191082
v -0.379615 0.187875 0.189074
v -0.366887 0.197473 0.189074
v -0.380289 0.188768 0.188504
v -0.367561 0.198367 0.188504
v -0.381036 0.189759 0.188308
v -0.368308 0.199357 0.188308
v -0.381783 0.190749 0.188504
v -0.369055 0.200348 0.188504
v -0.382457 0.191643 0.189074
v -0.369729 0.201241 0.189074
v -0.382992 0.192352 0.189962
v -0.370263 0.201951 0.189962
v -0.383335 0.192807 0.191082
v -0.370607 0.202406 0.191082
v -0.383453 0.192964 0.192322
v -0.370725 0.202563 0.192322
v -0.383335 0.192807 0.193563
v -0.370607 0.202406 0.193563
v -0.382992 0.192352 0.194682
v -0.370263 0.201951 0.194682
v -0.382457 0.191643 0.195570
v -0.369729 0.201241 0.195570
v -0.381783 0.190749 0.196140
v -0.369055 0.200348 0.196140
v -0.381036 0.189759 0.196337
v -0.368308 0.199357 0.196337
v -0.380289 0.188768 0.196140
v -0.367561 0.198367 0.196140
v -0.379615 0.187875 0.195570
v -0.366887 0.197473 0.195570
v -0.379080 0.187166 0.194682
v -0.366352 0.196764 0.194682
v -0.378737 0.186710 0.193563
v -0.366009 0.196309 0.193563
v -0.378619 0.186553 0.192322
v -0.365891 0.196152 0.192322
v -0.381036 0.189759 0.192322
v -0.364608 0.197366 0.191082
v -0.364951 0.197821 0.189962
v -0.366906 0.200414 0.192322
v -0.365486 0.198530 0.189074
v -0.366160 0.199423 0.188504
v -0.366906 0.200414 0.188308
v -0.367653 0.201405 0.188504
v -0.368327 0.202298 0.189074
v -0.368862 0.203007 0.189962
v -0.369205 0.203463 0.191082
v -0.369324 0.203619 0.192322
v -0.369205 0.203463 0.193563
v -0.368862 0.203007 0.194682
v -0.368327 0.202298 0.195570
v -0.367653 0.201405 0.196140
v -0.366906 0.200414 0.196337
v -0.366160 0.199423 0.196140
v -0.365486 0.198530 0.195570
v -0.364951 0.197821 0.194682
v -0.364608 0.197366 0.193563
v -0.364489 0.197209 0.192322
v -0.367259 0.197967 0.197682
v -0.368308 0.199357 0.197958
v -0.354361 0.207693 0.197682
v -0.355410 0.209084 0.197958
v -0.369356 0.200748 0.197682
v -0.356458 0.210474 0.197682
v -0.370302 0.202002 0.196881
v -0.357404 0.211729 0.196881
v -0.371053 0.202997 0.195635
v -0.358155 0.212724 0.195635
v -0.371535 0.203637 0.194064
v -0.358637 0.213363 0.194064
v -0.371701 0.203857 0.192322
v -0.358803 0.213583 0.192322
v -0.371535 0.203637 0.190581
v -0.358637 0.213363 0.190581
v -0.371053 0.202997 0.189010
v -0.358155 0.212724 0.189010
v -0.370302 0.202002 0.187763
v -0.357404 0.211729 0.187763
v -0.369356 0.200748 0.186963
v -0.356458 0.210474 0.186963
v -0.368308 0.199357 0.186687
v -0.355410 0.209084 0.186687
v -0.367259 0.197967 0.186963
v -0.354361 0.207693 0.186963
v -0.366313 0.196712 0.187763
v -0.353415 0.206439 0.187763
v -0.365563 0.195717 0.189010
v -0.352665 0.205444 0.189010
v -0.365081 0.195078 0.190581
v -0.352183 0.204805 0.190581
v -0.364915 0.194858 0.192322
v -0.352017 0.204584 0.192322
v -0.365081 0.195078 0.194064
v -0.352183 0.204805 0.194064
v -0.365563 0.195717 0.195635
v -0.352665 0.205444 0.195635
v -0.366313 0.196712 0.196881
v -0.353415 0.206439 0.196881
v -0.355410 0.209084 0.196337
v -0.354663 0.208093 0.196140
v -0.356157 0.210074 0.196140
v -0.356831 0.210968 0.195570
v -0.357365 0.211677 0.194682
v -0.357709 0.212132 0.193563
v -0.357827 0.212289 0.192322
v -0.357709 0.212132 0.191082
v -0.357365 0.211677 0.189962
v -0.356831 0.210968 0.189074
v -0.356157 0.210074 0.188504
v -0.355410 0.209084 0.188308
v -0.354663 0.208093 0.188504
v -0.353989 0.207200 0.189074
v -0.353454 0.206491 0.189962
v -0.353111 0.206035 0.191082
v -0.352993 0.205878 0.192322
v -0.353111 0.206035 0.193563
v -0.353454 0.206491 0.194682
v -0.353989 0.207200 0.195570
v -0.379843 -0.004719 0.191799
v -0.380307 -0.004719 0.190887
v -0.381031 -0.004719 0.190164
v -0.381943 -0.004719 0.189699
v -0.382953 -0.004719 0.189539
v -0.383964 -0.004719 0.189699
v -0.384876 -0.004719 0.190164
v -0.385600 -0.004719 0.190887
v -0.386064 -0.004719 0.191799
v -0.386224 -0.004719 0.192810
v -0.386064 -0.004719 0.193821
v -0.385600 -0.004719 0.194732
v -0.384876 -0.004719 0.195456
v -0.383964 -0.004719 0.195921
v -0.382953 -0.004719 0.196081
v -0.381943 -0.004719 0.195921
v -0.381031 -0.004719 0.195456
v -0.380307 -0.004719 0.194732
v -0.379843 -0.004719 0.193821
v -0.379683 -0.004719 0.192810
v -0.379843 0.194391 0.191799
v -0.380307 0.194391 0.190887
v -0.381031 0.194391 0.190164
v -0.381943 0.194391 0.189699
v -0.382953 0.194391 0.189539
v -0.383964 0.194391 0.189699
v -0.384876 0.194391 0.190164
v -0.385600 0.194391 0.190887
v -0.386064 0.194391 0.191799
v -0.386224 0.194391 0.192810
v -0.386064 0.194391 0.193821
v -0.385600 0.194391 0.194732
v -0.384876 0.194391 0.195456
v -0.383964 0.194391 0.195921
v -0.382953 0.194391 0.196081
v -0.381943 0.194391 0.195921
v -0.381031 0.194391 0.195456
v -0.380307 0.194391 0.194732
v -0.379843 0.194391 0.193821
v -0.379683 0.194391 0.192810
v -0.382953 -0.004719 0.192810
v -0.382953 0.194391 0.192810
v -0.382953 0.177995 0.196081
v -0.383964 0.177995 0.195921
v -0.384876 0.177995 0.195456
v -0.385600 0.177995 0.194732
v -0.386064 0.177995 0.193821
v -0.386224 0.177995 0.192810
v -0.386064 0.177995 0.191799
v -0.385600 0.177995 0.190887
v -0.384876 0.177995 0.190164
v -0.383964 0.177995 0.189699
v -0.382953 0.177995 0.189539
v -0.381943 0.177995 0.189699
v -0.381031 0.177995 0.190164
v -0.380307 0.177995 0.190887
v -0.379843 0.177995 0.191799
v -0.379683 0.177995 0.192810
v -0.379843 0.177995 0.193821
v -0.380307 0.177995 0.194732
v -0.381031 0.177995 0.195456
v -0.381943 0.177995 0.195921
v -0.381943 0.015102 0.195921
v -0.382953 0.015102 0.196081
v -0.383964 0.015102 0.195921
v -0.384876 0.015102 0.195456
v -0.385600 0.015102 0.194732
v -0.386064 0.015102 0.193821
v -0.386224 0.015102 0.192810
v -0.386064 0.015102 0.191799
v -0.385600 0.015102 0.190887
v -0.384876 0.015102 0.190164
v -0.383964 0.015102 0.189699
v -0.382953 0.015102 0.189539
v -0.381943 0.015102 0.189699
v -0.381031 0.015102 0.190164
v -0.380307 0.015102 0.190887
v -0.379843 0.015102 0.191799
v -0.379683 0.015102 0.192810
v -0.379843 0.015102 0.193821
v -0.380307 0.015102 0.194732
v -0.381031 0.015102 0.195456
v -0.381943 0.095607 0.195921
v -0.382953 0.095607 0.196081
v -0.383964 0.095607 0.195921
v -0.384876 0.095607 0.195456
v -0.385600 0.095607 0.194732
v -0.386064 0.095607 0.193821
v -0.386224 0.095607 0.192810
v -0.386064 0.095607 0.191799
v -0.385600 0.095607 0.190887
v -0.384876 0.095607 0.190164
v -0.383964 0.095607 0.189699
v -0.382953 0.095607 0.189539
v -0.381943 0.095607 0.189699
v -0.381031 0.095607 0.190164
v -0.380307 0.095607 0.190887
v -0.379843 0.095607 0.191799
v -0.379683 0.095607 0.192810
v -0.379843 0.095607 0.193821
v -0.380307 0.095607 0.194732
v -0.381031 0.095607 0.195456
v -0.382953 0.111019 0.196081
v -0.383964 0.111019 0.195921
v -0.384876 0.111019 0.195456
v -0.385600 0.111019 0.194732
v -0.386064 0.111019 0.193821
v -0.386224 0.111019 0.192810
v -0.386064 0.111019 0.191799
v -0.385600 0.111019 0.190887
v -0.384876 0.111019 0.190164
v -0.383964 0.111019 0.189699
v -0.382953 0.111019 0.189539
v -0.381943 0.111019 0.189699
v -0.381031 0.111019 0.190164
v -0.380307 0.111019 0.190887
v -0.379843 0.111019 0.191799
v -0.379683 0.111019 0.192810
v -0.379843 0.111019 0.193821
v -0.380307 0.111019 0.194732
v -0.381031 0.111019 0.195456
v -0.381943 0.111019 0.195921
v -0.377968 -0.004719 0.191190
v -0.378713 -0.004719 0.189729
v -0.378713 0.015102 0.189729
v -0.377968 0.015102 0.191190
v -0.379872 -0.004719 0.188569
v -0.379872 0.015102 0.188569
v -0.381334 -0.004719 0.187825
v -0.381334 0.015102 0.187825
v -0.382953 -0.004719 0.187568
v -0.382953 0.015102 0.187568
v -0.384573 -0.004719 0.187825
v -0.384573 0.015102 0.187825
v -0.386034 -0.004719 0.188569
v -0.386034 0.015102 0.188569
v -0.387194 -0.004719 0.189729
v -0.387194 0.015102 0.189729
v -0.387939 -0.004719 0.191190
v -0.387939 0.015102 0.191190
v -0.388195 -0.004719 0.192810
v -0.388195 0.015102 0.192810
v -0.387939 -0.004719 0.194430
v -0.387939 0.015102 0.194430
v -0.387194 -0.004719 0.195891
v -0.387194 0.015102 0.195891
v -0.386034 -0.004719 0.197050
v -0.386034 0.015102 0.197050
v -0.384573 -0.004719 0.197795
v -0.384573 0.015102 0.197795
v -0.382953 -0.004719 0.198052
v -0.382953 0.015102 0.198052
v -0.381334 -0.004719 0.197795
v -0.381334 0.015102 0.197795
v -0.379872 -0.004719 0.197050
v -0.379872 0.015102 0.197050
v -0.378713 -0.004719 0.195891
v -0.378713 0.015102 0.195891
v -0.377968 -0.004719 0.194430
v -0.377968 0.015102 0.194430
v -0.377712 -0.004719 0.192810
v -0.377712 0.015102 0.192810
v -0.382953 0.177995 0.198052
v -0.384573 0.177995 0.197795
v -0.382953 0.194391 0.198052
v -0.384573 0.194391 0.197795
v -0.386034 0.177995 0.197050
v -0.386034 0.194391 0.197050
v -0.387194 0.177995 0.195891
v -0.387194 0.194391 0.195891
v -0.387939 0.177995 0.194430
v -0.387939 0.194391 0.194430
v -0.388195 0.177995 0.192810
v -0.388195 0.194391 0.192810
v -0.387939 0.177995 0.191190
v -0.387939 0.194391 0.191190
v -0.387194 0.177995 0.189729
v -0.387194 0.194391 0.189729
v -0.386034 0.177995 0.188569
v -0.386034 0.194391 0.188569
v -0.384573 0.177995 0.187825
v -0.384573 0.194391 0.187825
v -0.382953 0.177995 0.187568
v -0.382953 0.194391 0.187568
v -0.381334 0.177995 0.187825
v -0.381334 0.194391 0.187825
v -0.379872 0.177995 0.188569
v -0.379872 0.194391 0.188569
v -0.378713 0.177995 0.189729
v -0.378713 0.194391 0.189729
v -0.377968 0.177995 0.191190
v -0.377968 0.194391 0.191190
v -0.377712 0.177995 0.192810
v -0.377712 0.194391 0.192810
v -0.377968 0.177995 0.194430
v -0.377968 0.194391 0.194430
v -0.378713 0.177995 0.195891
v -0.378713 0.194391 0.195891
v -0.379872 0.177995 0.197050
v -0.379872 0.194391 0.197050
v -0.381334 0.177995 0.197795
v -0.381334 0.194391 0.197795
v -0.381334 0.095607 0.197795
v -0.382953 0.095607 0.198052
v -0.381334 0.111019 0.197795
v -0.382953 0.111019 0.198052
v -0.384573 0.095607 0.197795
v -0.384573 0.111019 0.197795
v -0.386034 0.095607 0.197050
v -0.386034 0.111019 0.197050
v -0.387194 0.095607 0.195891
v -0.387194 0.111019 0.195891
v -0.387939 0.095607 0.194430
v -0.387939 0.111019 0.194430
v -0.388195 0.095607 0.192810
v -0.388195 0.111019 0.192810
v -0.387939 0.095607 0.191190
v -0.387939 0.111019 0.191190
v -0.387194 0.095607 0.189729
v -0.387194 0.111019 0.189729
v -0.386034 0.095607 0.188569
v -0.386034 0.111019 0.188569
v -0.384573 0.095607 0.187825
v -0.384573 0.111019 0.187825
v -0.382953 0.095607 0.187568
v -0.382953 0.111019 0.187568
v -0.381334 0.095607 0.187825
v -0.381334 0.111019 0.187825
v -0.379872 0.095607 0.188569
v -0.379872 0.111019 0.188569
v -0.378713 0.095607 0.189729
v -0.378713 0.111019 0.189729
v -0.377968 0.095607 0.191190
v -0.377968 0.111019 0.191190
v -0.377712 0.095607 0.192810
v -0.377712 0.111019 0.192810
v -0.377968 0.095607 0.194430
v -0.377968 0.111019 0.194430
v -0.378713 0.095607 0.195891
v -0.378713 0.111019 0.195891
v -0.379872 0.095607 0.197050
v -0.379872 0.111019 0.197050
v -0.377968 -0.004719 0.191190
v -0.378713 -0.004719 0.189729
v -0.378713 0.015102 0.189729
v -0.377968 0.015102 0.191190
v -0.379872 -0.004719 0.188569
v -0.379872 0.015102 0.188569
v -0.381334 -0.004719 0.187825
v -0.381334 0.015102 0.187825
v -0.382953 -0.004719 0.187568
v -0.382953 0.015102 0.187568
v -0.384573 -0.004719 0.187825
v -0.384573 0.015102 0.187825
v -0.386034 -0.004719 0.188569
v -0.386034 0.015102 0.188569
v -0.387194 -0.004719 0.189729
v -0.387194 0.015102 0.189729
v -0.387939 -0.004719 0.191190
v -0.387939 0.015102 0.191190
v -0.388195 -0.004719 0.192810
v -0.388195 0.015102 0.192810
v -0.387939 -0.004719 0.194430
v -0.387939 0.015102 0.194430
v -0.387194 -0.004719 0.195891
v -0.387194 0.015102 0.195891
v -0.386034 -0.004719 0.197050
v -0.386034 0.015102 0.197050
v -0.384573 -0.004719 0.197795
v -0.384573 0.015102 0.197795
v -0.382953 -0.004719 0.198052
v -0.382953 0.015102 0.198052
v -0.381334 -0.004719 0.197795
v -0.381334 0.015102 0.197795
v -0.379872 -0.004719 0.197050
v -0.379872 0.015102 0.197050
v -0.378713 -0.004719 0.195891
v -0.378713 0.015102 0.195891
v -0.377968 -0.004719 0.194430
v -0.377968 0.015102 0.194430
v -0.377712 -0.004719 0.192810
v -0.377712 0.015102 0.192810
v -0.379843 -0.004719 0.191799
v -0.380307 -0.004719 0.190887
v -0.382953 -0.004719 0.192810
v -0.381031 -0.004719 0.190164
v -0.381943 -0.004719 0.189699
v -0.382953 -0.004719 0.189539
v -0.383964 -0.004719 0.189699
v -0.384876 -0.004719 0.190164
v -0.385600 -0.004719 0.190887
v -0.386064 -0.004719 0.191799
v -0.386224 -0.004719 0.192810
v -0.386064 -0.004719 0.193821
v -0.385600 -0.004719 0.194732
v -0.384876 -0.004719 0.195456
v -0.383964 -0.004719 0.195921
v -0.382953 -0.004719 0.196081
v -0.381943 -0.004719 0.195921
v -0.381031 -0.004719 0.195456
v -0.380307 -0.004719 0.194732
v -0.379843 -0.004719 0.193821
v -0.379683 -0.004719 0.192810
v -0.379843 0.194391 0.191799
v -0.380307 0.194391 0.190887
v -0.382953 0.194391 0.192810
v -0.381031 0.194391 0.190164
v -0.381943 0.194391 0.189699
v -0.382953 0.194391 0.189539
v -0.383964 0.194391 0.189699
v -0.384876 0.194391 0.190164
v -0.385600 0.194391 0.190887
v -0.386064 0.194391 0.191799
v -0.386224 0.194391 0.192810
v -0.386064 0.194391 0.193821
v -0.385600 0.194391 0.194732
v -0.384876 0.194391 0.195456
v -0.383964 0.194391 0.195921
v -0.382953 0.194391 0.196081
v -0.381943 0.194391 0.195921
v -0.381031 0.194391 0.195456
v -0.380307 0.194391 0.194732
v -0.379843 0.194391 0.193821
v -0.379683 0.194391 0.192810
v -0.382953 0.177995 0.198052
v -0.384573 0.177995 0.197795
v -0.382953 0.194391 0.198052
v -0.384573 0.194391 0.197795
v -0.386034 0.177995 0.197050
v -0.386034 0.194391 0.197050
v -0.387194 0.177995 0.195891
v -0.387194 0.194391 0.195891
v -0.387939 0.177995 0.194430
v -0.387939 0.194391 0.194430
v -0.388195 0.177995 0.192810
v -0.388195 0.194391 0.192810
v -0.387939 0.177995 0.191190
v -0.387939 0.194391 0.191190
v -0.387194 0.177995 0.189729
v -0.387194 0.194391 0.189729
v -0.386034 0.177995 0.188569
v -0.386034 0.194391 0.188569
v -0.384573 0.177995 0.187825
v -0.384573 0.194391 0.187825
v -0.382953 0.177995 0.187568
v -0.382953 0.194391 0.187568
v -0.381334 0.177995 0.187825
v -0.381334 0.194391 0.187825
v -0.379872 0.177995 0.188569
v -0.379872 0.194391 0.188569
v -0.378713 0.177995 0.189729
v -0.378713 0.194391 0.189729
v -0.377968 0.177995 0.191190
v -0.377968 0.194391 0.191190
v -0.377712 0.177995 0.192810
v -0.377712 0.194391 0.192810
v -0.377968 0.177995 0.194430
v -0.377968 0.194391 0.194430
v -0.378713 0.177995 0.195891
v -0.378713 0.194391 0.195891
v -0.379872 0.177995 0.197050
v -0.379872 0.194391 0.197050
v -0.381334 0.177995 0.197795
v -0.381334 0.194391 0.197795
v -0.381943 0.015102 0.195921
v -0.382953 0.015102 0.196081
v -0.381943 0.095607 0.195921
v -0.382953 0.095607 0.196081
v -0.383964 0.015102 0.195921
v -0.383964 0.095607 0.195921
v -0.384876 0.015102 0.195456
v -0.384876 0.095607 0.195456
v -0.385600 0.015102 0.194732
v -0.385600 0.095607 0.194732
v -0.386064 0.015102 0.193821
v -0.386064 0.095607 0.193821
v -0.386224 0.015102 0.192810
v -0.386224 0.095607 0.192810
v -0.386064 0.015102 0.191799
v -0.386064 0.095607 0.191799
v -0.385600 0.015102 0.190887
v -0.385600 0.095607 0.190887
v -0.384876 0.015102 0.190164
v -0.384876 0.095607 0.190164
v -0.383964 0.015102 0.189699
v -0.383964 0.095607 0.189699
v -0.382953 0.015102 0.189539
v -0.382953 0.095607 0.189539
v -0.381943 0.015102 0.189699
v -0.381943 0.095607 0.189699
v -0.381031 0.015102 0.190164
v -0.381031 0.095607 0.190164
v -0.380307 0.015102 0.190887
v -0.380307 0.095607 0.190887
v -0.379843 0.015102 0.191799
v -0.379843 0.095607 0.191799
v -0.379683 0.015102 0.192810
v -0.379683 0.095607 0.192810
v -0.379843 0.015102 0.193821
v -0.379843 0.095607 0.193821
v -0.380307 0.015102 0.194732
v -0.380307 0.095607 0.194732
v -0.381031 0.015102 0.195456
v -0.381031 0.095607 0.195456
v -0.381334 0.095607 0.197795
v -0.382953 0.095607 0.198052
v -0.381334 0.111019 0.197795
v -0.382953 0.111019 0.198052
v -0.384573 0.095607 0.197795
v -0.384573 0.111019 0.197795
v -0.386034 0.095607 0.197050
v -0.386034 0.111019 0.197050
v -0.387194 0.095607 0.195891
v -0.387194 0.111019 0.195891
v -0.387939 0.095607 0.194430
v -0.387939 0.111019 0.194430
v -0.388195 0.095607 0.192810
v -0.388195 0.111019 0.192810
v -0.387939 0.095607 0.191190
v -0.387939 0.111019 0.191190
v -0.387194 0.095607 0.189729
v -0.387194 0.111019 0.189729
v -0.386034 0.095607 0.188569
v -0.386034 0.111019 0.188569
v -0.384573 0.095607 0.187825
v -0.384573 0.111019 0.187825
v -0.382953 0.095607 0.187568
v -0.382953 0.111019 0.187568
v -0.381334 0.095607 0.187825
v -0.381334 0.111019 0.187825
v -0.379872 0.095607 0.188569
v -0.379872 0.111019 0.188569
v -0.378713 0.095607 0.189729
v -0.378713 0.111019 0.189729
v -0.377968 0.095607 0.191190
v -0.377968 0.111019 0.191190
v -0.377712 0.095607 0.192810
v -0.377712 0.111019 0.192810
v -0.377968 0.095607 0.194430
v -0.377968 0.111019 0.194430
v -0.378713 0.095607 0.195891
v -0.378713 0.111019 0.195891
v -0.379872 0.095607 0.197050
v -0.379872 0.111019 0.197050
v -0.382953 0.111019 0.196081
v -0.383964 0.111019 0.195921
v -0.382953 0.177995 0.196081
v -0.383964 0.177995 0.195921
v -0.384876 0.111019 0.195456
v -0.384876 0.177995 0.195456
v -0.385600 0.111019 0.194732
v -0.385600 0.177995 0.194732
v -0.386064 0.111019 0.193821
v -0.386064 0.177995 0.193821
v -0.386224 0.111019 0.192810
v -0.386224 0.177995 0.192810
v -0.386064 0.111019 0.191799
v -0.386064 0.177995 0.191799
v -0.385600 0.111019 0.190887
v -0.385600 0.177995 0.190887
v -0.384876 0.111019 0.190164
v -0.384876 0.177995 0.190164
v -0.383964 0.111019 0.189699
v -0.383964 0.177995 0.189699
v -0.382953 0.111019 0.189539
v -0.382953 0.177995 0.189539
v -0.381943 0.111019 0.189699
v -0.381943 0.177995 0.189699
v -0.381031 0.111019 0.190164
v -0.381031 0.177995 0.190164
v -0.380307 0.111019 0.190887
v -0.380307 0.177995 0.190887
v -0.379843 0.111019 0.191799
v -0.379843 0.177995 0.191799
v -0.379683 0.111019 0.192810
v -0.379683 0.177995 0.192810
v -0.379843 0.111019 0.193821
v -0.379843 0.177995 0.193821
v -0.380307 0.111019 0.194732
v -0.380307 0.177995 0.194732
v -0.381031 0.111019 0.195456
v -0.381031 0.177995 0.195456
v -0.381943 0.111019 0.195921
v -0.381943 0.177995 0.195921
v -0.377842 0.189446 0.191082
v -0.378412 0.189453 0.189962
v -0.379300 0.189464 0.189074
v -0.380419 0.189478 0.188504
v -0.381660 0.189494 0.188308
v -0.382900 0.189510 0.188504
v -0.384019 0.189524 0.189074
v -0.384907 0.189535 0.189962
v -0.385478 0.189542 0.191082
v -0.385674 0.189545 0.192322
v -0.385478 0.189542 0.193563
v -0.384907 0.189535 0.194682
v -0.384019 0.189524 0.195570
v -0.382900 0.189510 0.196140
v -0.381660 0.189494 0.196337
v -0.380419 0.189478 0.196140
v -0.379300 0.189464 0.195570
v -0.378412 0.189453 0.194682
v -0.377842 0.189446 0.193563
v -0.377645 0.189443 0.192322
v -0.377435 0.221539 0.191082
v -0.378005 0.221546 0.189962
v -0.378893 0.221558 0.189074
v -0.380012 0.221572 0.188504
v -0.381253 0.221588 0.188308
v -0.382493 0.221603 0.188504
v -0.383613 0.221618 0.189074
v -0.384501 0.221629 0.189962
v -0.385071 0.221636 0.191082
v -0.385267 0.221638 0.192322
v -0.385071 0.221636 0.193563
v -0.384501 0.221629 0.194682
v -0.383613 0.221618 0.195570
v -0.382493 0.221603 0.196140
v -0.381253 0.221588 0.196337
v -0.380012 0.221572 0.196140
v -0.378893 0.221558 0.195570
v -0.378005 0.221546 0.194682
v -0.377435 0.221539 0.193563
v -0.377239 0.221537 0.192322
v -0.381660 0.189494 0.192322
v -0.380217 0.205419 0.196140
v -0.381458 0.205434 0.196337
v -0.382698 0.205450 0.196140
v -0.383817 0.205464 0.195570
v -0.384705 0.205476 0.194682
v -0.385276 0.205483 0.193563
v -0.385472 0.205485 0.192322
v -0.385276 0.205483 0.191082
v -0.384705 0.205476 0.189962
v -0.383817 0.205464 0.189074
v -0.382698 0.205450 0.188504
v -0.381458 0.205434 0.188308
v -0.380217 0.205419 0.188504
v -0.379098 0.205404 0.189074
v -0.378210 0.205393 0.189962
v -0.377640 0.205386 0.191082
v -0.377443 0.205383 0.192322
v -0.377640 0.205386 0.193563
v -0.378210 0.205393 0.194682
v -0.379098 0.205404 0.195570
v -0.379716 0.205412 0.197682
v -0.381458 0.205434 0.197958
v -0.379512 0.221566 0.197682
v -0.381253 0.221588 0.197958
v -0.383199 0.205456 0.197682
v -0.382994 0.221610 0.197682
v -0.384770 0.205476 0.196881
v -0.384565 0.221630 0.196881
v -0.386017 0.205492 0.195635
v -0.385812 0.221645 0.195635
v -0.386817 0.205502 0.194064
v -0.386612 0.221656 0.194064
v -0.387093 0.205506 0.192322
v -0.386888 0.221659 0.192322
v -0.386817 0.205502 0.190581
v -0.386612 0.221656 0.190581
v -0.386017 0.205492 0.189010
v -0.385812 0.221645 0.189010
v -0.384770 0.205476 0.187763
v -0.384565 0.221630 0.187763
v -0.383199 0.205456 0.186963
v -0.382994 0.221610 0.186963
v -0.381458 0.205434 0.186687
v -0.381253 0.221588 0.186687
v -0.379716 0.205412 0.186963
v -0.379512 0.221566 0.186963
v -0.378146 0.205392 0.187763
v -0.377941 0.221546 0.187763
v -0.376899 0.205377 0.189010
v -0.376694 0.221530 0.189010
v -0.376098 0.205366 0.190581
v -0.375894 0.221520 0.190581
v -0.375823 0.205363 0.192322
v -0.375618 0.221516 0.192322
v -0.376098 0.205366 0.194064
v -0.375894 0.221520 0.194064
v -0.376899 0.205377 0.195635
v -0.376694 0.221530 0.195635
v -0.378146 0.205392 0.196881
v -0.377941 0.221546 0.196881
v -0.377618 0.207141 0.191082
v -0.378188 0.207148 0.189962
v -0.381435 0.207189 0.192322
v -0.379076 0.207159 0.189074
v -0.380195 0.207174 0.188504
v -0.381435 0.207189 0.188308
v -0.382676 0.207205 0.188504
v -0.383795 0.207219 0.189074
v -0.384683 0.207231 0.189962
v -0.385253 0.207238 0.191082
v -0.385450 0.207240 0.192322
v -0.385253 0.207238 0.193563
v -0.384683 0.207231 0.194682
v -0.383795 0.207219 0.195570
v -0.382676 0.207205 0.196140
v -0.381435 0.207189 0.196337
v -0.380195 0.207174 0.196140
v -0.379076 0.207159 0.195570
v -0.378188 0.207148 0.194682
v -0.377618 0.207141 0.193563
v -0.377421 0.207139 0.192322
v -0.377842 0.189446 0.191082
v -0.378412 0.189453 0.189962
v -0.378210 0.205393 0.189962
v -0.377640 0.205386 0.191082
v -0.379300 0.189464 0.189074
v -0.379098 0.205404 0.189074
v -0.380419 0.189478 0.188504
v -0.380217 0.205419 0.188504
v -0.381660 0.189494 0.188308
v -0.381458 0.205434 0.188308
v -0.382900 0.189510 0.188504
v -0.382698 0.205450 0.188504
v -0.384019 0.189524 0.189074
v -0.383817 0.205464 0.189074
v -0.384907 0.189535 0.189962
v -0.384705 0.205476 0.189962
v -0.385478 0.189542 0.191082
v -0.385276 0.205483 0.191082
v -0.385674 0.189545 0.192322
v -0.385472 0.205485 0.192322
v -0.385478 0.189542 0.193563
v -0.385276 0.205483 0.193563
v -0.384907 0.189535 0.194682
v -0.384705 0.205476 0.194682
v -0.384019 0.189524 0.195570
v -0.383817 0.205464 0.195570
v -0.382900 0.189510 0.196140
v -0.382698 0.205450 0.196140
v -0.381660 0.189494 0.196337
v -0.381458 0.205434 0.196337
v -0.380419 0.189478 0.196140
v -0.380217 0.205419 0.196140
v -0.379300 0.189464 0.195570
v -0.379098 0.205404 0.195570
v -0.378412 0.189453 0.194682
v -0.378210 0.205393 0.194682
v -0.377842 0.189446 0.193563
v -0.377640 0.205386 0.193563
v -0.377645 0.189443 0.192322
v -0.377443 0.205383 0.192322
v -0.381660 0.189494 0.192322
v -0.377618 0.207141 0.191082
v -0.378188 0.207148 0.189962
v -0.381435 0.207189 0.192322
v -0.379076 0.207159 0.189074
v -0.380195 0.207174 0.188504
v -0.381435 0.207189 0.188308
v -0.382676 0.207205 0.188504
v -0.383795 0.207219 0.189074
v -0.384683 0.207231 0.189962
v -0.385253 0.207238 0.191082
v -0.385450 0.207240 0.192322
v -0.385253 0.207238 0.193563
v -0.384683 0.207231 0.194682
v -0.383795 0.207219 0.195570
v -0.382676 0.207205 0.196140
v -0.381435 0.207189 0.196337
v -0.380195 0.207174 0.196140
v -0.379076 0.207159 0.195570
v -0.378188 0.207148 0.194682
v -0.377618 0.207141 0.193563
v -0.377421 0.207139 0.192322
v -0.379716 0.205412 0.197682
v -0.381458 0.205434 0.197958
v -0.379512 0.221566 0.197682
v -0.381253 0.221588 0.197958
v -0.383199 0.205456 0.197682
v -0.382994 0.221610 0.197682
v -0.384770 0.205476 0.196881
v -0.384565 0.221630 0.196881
v -0.386017 0.205492 0.195635
v -0.385812 0.221645 0.195635
v -0.386817 0.205502 0.194064
v -0.386612 0.221656 0.194064
v -0.387093 0.205506 0.192322
v -0.386888 0.221659 0.192322
v -0.386817 0.205502 0.190581
v -0.386612 0.221656 0.190581
v -0.386017 0.205492 0.189010
v -0.385812 0.221645 0.189010
v -0.384770 0.205476 0.187763
v -0.384565 0.221630 0.187763
v -0.383199 0.205456 0.186963
v -0.382994 0.221610 0.186963
v -0.381458 0.205434 0.186687
v -0.381253 0.221588 0.186687
v -0.379716 0.205412 0.186963
v -0.379512 0.221566 0.186963
v -0.378146 0.205392 0.187763
v -0.377941 0.221546 0.187763
v -0.376899 0.205377 0.189010
v -0.376694 0.221530 0.189010
v -0.376098 0.205366 0.190581
v -0.375894 0.221520 0.190581
v -0.375823 0.205363 0.192322
v -0.375618 0.221516 0.192322
v -0.376098 0.205366 0.194064
v -0.375894 0.221520 0.194064
v -0.376899 0.205377 0.195635
v -0.376694 0.221530 0.195635
v -0.378146 0.205392 0.196881
v -0.377941 0.221546 0.196881
v -0.381253 0.221588 0.196337
v -0.380012 0.221572 0.196140
v -0.382493 0.221603 0.196140
v -0.383613 0.221618 0.195570
v -0.384501 0.221629 0.194682
v -0.385071 0.221636 0.193563
v -0.385267 0.221638 0.192322
v -0.385071 0.221636 0.191082
v -0.384501 0.221629 0.189962
v -0.383613 0.221618 0.189074
v -0.382493 0.221603 0.188504
v -0.381253 0.221588 0.188308
v -0.380012 0.221572 0.188504
v -0.378893 0.221558 0.189074
v -0.378005 0.221546 0.189962
v -0.377435 0.221539 0.191082
v -0.377239 0.221537 0.192322
v -0.377435 0.221539 0.193563
v -0.378005 0.221546 0.194682
v -0.378893 0.221558 0.195570
v -0.667916 -0.004719 0.191799
v -0.668380 -0.004719 0.190887
v -0.669104 -0.004719 0.190164
v -0.670016 -0.004719 0.189699
v -0.671027 -0.004719 0.189539
v -0.672037 -0.004719 0.189699
v -0.672949 -0.004719 0.190164
v -0.673673 -0.004719 0.190887
v -0.674137 -0.004719 0.191799
v -0.674297 -0.004719 0.192810
v -0.674137 -0.004719 0.193821
v -0.673673 -0.004719 0.194732
v -0.672949 -0.004719 0.195456
v -0.672037 -0.004719 0.195921
v -0.671027 -0.004719 0.196081
v -0.670016 -0.004719 0.195921
v -0.669104 -0.004719 0.195456
v -0.668380 -0.004719 0.194732
v -0.667916 -0.004719 0.193821
v -0.667756 -0.004719 0.192810
v -0.667916 0.194391 0.191799
v -0.668380 0.194391 0.190887
v -0.669104 0.194391 0.190164
v -0.670016 0.194391 0.189699
v -0.671027 0.194391 0.189539
v -0.672037 0.194391 0.189699
v -0.672949 0.194391 0.190164
v -0.673673 0.194391 0.190887
v -0.674137 0.194391 0.191799
v -0.674297 0.194391 0.192810
v -0.674137 0.194391 0.193821
v -0.673673 0.194391 0.194732
v -0.672949 0.194391 0.195456
v -0.672037 0.194391 0.195921
v -0.671027 0.194391 0.196081
v -0.670016 0.194391 0.195921
v -0.669104 0.194391 0.195456
v -0.668380 0.194391 0.194732
v -0.667916 0.194391 0.193821
v -0.667756 0.194391 0.192810
v -0.671027 -0.004719 0.192810
v -0.671027 0.194391 0.192810
v -0.671027 0.177995 0.196081
v -0.672037 0.177995 0.195921
v -0.672949 0.177995 0.195456
v -0.673673 0.177995 0.194732
v -0.674137 0.177995 0.193821
v -0.674297 0.177995 0.192810
v -0.674137 0.177995 0.191799
v -0.673673 0.177995 0.190887
v -0.672949 0.177995 0.190164
v -0.672037 0.177995 0.189699
v -0.671027 0.177995 0.189539
v -0.670016 0.177995 0.189699
v -0.669104 0.177995 0.190164
v -0.668380 0.177995 0.190887
v -0.667916 0.177995 0.191799
v -0.667756 0.177995 0.192810
v -0.667916 0.177995 0.193821
v -0.668380 0.177995 0.194732
v -0.669104 0.177995 0.195456
v -0.670016 0.177995 0.195921
v -0.670016 0.015102 0.195921
v -0.671027 0.015102 0.196081
v -0.672037 0.015102 0.195921
v -0.672949 0.015102 0.195456
v -0.673673 0.015102 0.194732
v -0.674137 0.015102 0.193821
v -0.674297 0.015102 0.192810
v -0.674137 0.015102 0.191799
v -0.673673 0.015102 0.190887
v -0.672949 0.015102 0.190164
v -0.672037 0.015102 0.189699
v -0.671027 0.015102 0.189539
v -0.670016 0.015102 0.189699
v -0.669104 0.015102 0.190164
v -0.668380 0.015102 0.190887
v -0.667916 0.015102 0.191799
v -0.667756 0.015102 0.192810
v -0.667916 0.015102 0.193821
v -0.668380 0.015102 0.194732
v -0.669104 0.015102 0.195456
v -0.670016 0.095607 0.195921
v -0.671027 0.095607 0.196081
v -0.672037 0.095607 0.195921
v -0.672949 0.095607 0.195456
v -0.673673 0.095607 0.194732
v -0.674137 0.095607 0.193821
v -0.674297 0.095607 0.192810
v -0.674137 0.095607 0.191799
v -0.673673 0.095607 0.190887
v -0.672949 0.095607 0.190164
v -0.672037 0.095607 0.189699
v -0.671027 0.095607 0.189539
v -0.670016 0.095607 0.189699
v -0.669104 0.095607 0.190164
v -0.668380 0.095607 0.190887
v -0.667916 0.095607 0.191799
v -0.667756 0.095607 0.192810
v -0.667916 0.095607 0.193821
v -0.668380 0.095607 0.194732
v -0.669104 0.095607 0.195456
v -0.671027 0.111019 0.196081
v -0.672037 0.111019 0.195921
v -0.672949 0.111019 0.195456
v -0.673673 0.111019 0.194732
v -0.674137 0.111019 0.193821
v -0.674297 0.111019 0.192810
v -0.674137 0.111019 0.191799
v -0.673673 0.111019 0.190887
v -0.672949 0.111019 0.190164
v -0.672037 0.111019 0.189699
v -0.671027 0.111019 0.189539
v -0.670016 0.111019 0.189699
v -0.669104 0.111019 0.190164
v -0.668380 0.111019 0.190887
v -0.667916 0.111019 0.191799
v -0.667756 0.111019 0.192810
v -0.667916 0.111019 0.193821
v -0.668380 0.111019 0.194732
v -0.669104 0.111019 0.195456
v -0.670016 0.111019 0.195921
v -0.666041 -0.004719 0.191190
v -0.666786 -0.004719 0.189729
v -0.666786 0.015102 0.189729
v -0.666041 0.015102 0.191190
v -0.667946 -0.004719 0.188569
v -0.667946 0.015102 0.188569
v -0.669407 -0.004719 0.187825
v -0.669407 0.015102 0.187825
v -0.671027 -0.004719 0.187568
v -0.671027 0.015102 0.187568
v -0.672646 -0.004719 0.187825
v -0.672646 0.015102 0.187825
v -0.674108 -0.004719 0.188569
v -0.674108 0.015102 0.188569
v -0.675267 -0.004719 0.189729
v -0.675267 0.015102 0.189729
v -0.676012 -0.004719 0.191190
v -0.676012 0.015102 0.191190
v -0.676268 -0.004719 0.192810
v -0.676268 0.015102 0.192810
v -0.676012 -0.004719 0.194430
v -0.676012 0.015102 0.194430
v -0.675267 -0.004719 0.195891
v -0.675267 0.015102 0.195891
v -0.674108 -0.004719 0.197050
v -0.674108 0.015102 0.197050
v -0.672646 -0.004719 0.197795
v -0.672646 0.015102 0.197795
v -0.671027 -0.004719 0.198052
v -0.671027 0.015102 0.198052
v -0.669407 -0.004719 0.197795
v -0.669407 0.015102 0.197795
v -0.667946 -0.004719 0.197050
v -0.667946 0.015102 0.197050
v -0.666786 -0.004719 0.195891
v -0.666786 0.015102 0.195891
v -0.666041 -0.004719 0.194430
v -0.666041 0.015102 0.194430
v -0.665785 -0.004719 0.192810
v -0.665785 0.015102 0.192810
v -0.671027 0.177995 0.198052
v -0.672646 0.177995 0.197795
v -0.671027 0.194391 0.198052
v -0.672646 0.194391 0.197795
v -0.674108 0.177995 0.197050
v -0.674108 0.194391 0.197050
v -0.675267 0.177995 0.195891
v -0.675267 0.194391 0.195891
v -0.676012 0.177995 0.194430
v -0.676012 0.194391 0.194430
v -0.676268 0.177995 0.192810
v -0.676268 0.194391 0.192810
v -0.676012 0.177995 0.191190
v -0.676012 0.194391 0.191190
v -0.675267 0.177995 0.189729
v -0.675267 0.194391 0.189729
v -0.674108 0.177995 0.188569
v -0.674108 0.194391 0.188569
v -0.672646 0.177995 0.187825
v -0.672646 0.194391 0.187825
v -0.671027 0.177995 0.187568
v -0.671027 0.194391 0.187568
v -0.669407 0.177995 0.187825
v -0.669407 0.194391 0.187825
v -0.667946 0.177995 0.188569
v -0.667946 0.194391 0.188569
v -0.666786 0.177995 0.189729
v -0.666786 0.194391 0.189729
v -0.666041 0.177995 0.191190
v -0.666041 0.194391 0.191190
v -0.665785 0.177995 0.192810
v -0.665785 0.194391 0.192810
v -0.666041 0.177995 0.194430
v -0.666041 0.194391 0.194430
v -0.666786 0.177995 0.195891
v -0.666786 0.194391 0.195891
v -0.667946 0.177995 0.197050
v -0.667946 0.194391 0.197050
v -0.669407 0.177995 0.197795
v -0.669407 0.194391 0.197795
v -0.669407 0.095607 0.197795
v -0.671027 0.095607 0.198052
v -0.669407 0.111019 0.197795
v -0.671027 0.111019 0.198052
v -0.672646 0.095607 0.197795
v -0.672646 0.111019 0.197795
v -0.674108 0.095607 0.197050
v -0.674108 0.111019 0.197050
v -0.675267 0.095607 0.195891
v -0.675267 0.111019 0.195891
v -0.676012 0.095607 0.194430
v -0.676012 0.111019 0.194430
v -0.676268 0.095607 0.192810
v -0.676268 0.111019 0.192810
v -0.676012 0.095607 0.191190
v -0.676012 0.111019 0.191190
v -0.675267 0.095607 0.189729
v -0.675267 0.111019 0.189729
v -0.674108 0.095607 0.188569
v -0.674108 0.111019 0.188569
v -0.672646 0.095607 0.187825
v -0.672646 0.111019 0.187825
v -0.671027 0.095607 0.187568
v -0.671027 0.111019 0.187568
v -0.669407 0.095607 0.187825
v -0.669407 0.111019 0.187825
v -0.667946 0.095607 0.188569
v -0.667946 0.111019 0.188569
v -0.666786 0.095607 0.189729
v -0.666786 0.111019 0.189729
v -0.666041 0.095607 0.191190
v -0.666041 0.111019 0.191190
v -0.665785 0.095607 0.192810
v -0.665785 0.111019 0.192810
v -0.666041 0.095607 0.194430
v -0.666041 0.111019 0.194430
v -0.666786 0.095607 0.195891
v -0.666786 0.111019 0.195891
v -0.667946 0.095607 0.197050
v -0.667946 0.111019 0.197050
v -0.666041 -0.004719 0.191190
v -0.666786 -0.004719 0.189729
v -0.666786 0.015102 0.189729
v -0.666041 0.015102 0.191190
v -0.667946 -0.004719 0.188569
v -0.667946 0.015102 0.188569
v -0.669407 -0.004719 0.187825
v -0.669407 0.015102 0.187825
v -0.671027 -0.004719 0.187568
v -0.671027 0.015102 0.187568
v -0.672646 -0.004719 0.187825
v -0.672646 0.015102 0.187825
v -0.674108 -0.004719 0.188569
v -0.674108 0.015102 0.188569
v -0.675267 -0.004719 0.189729
v -0.675267 0.015102 0.189729
v -0.676012 -0.004719 0.191190
v -0.676012 0.015102 0.191190
v -0.676268 -0.004719 0.192810
v -0.676268 0.015102 0.192810
v -0.676012 -0.004719 0.194430
v -0.676012 0.015102 0.194430
v -0.675267 -0.004719 0.195891
v -0.675267 0.015102 0.195891
v -0.674108 -0.004719 0.197050
v -0.674108 0.015102 0.197050
v -0.672646 -0.004719 0.197795
v -0.672646 0.015102 0.197795
v -0.671027 -0.004719 0.198052
v -0.671027 0.015102 0.198052
v -0.669407 -0.004719 0.197795
v -0.669407 0.015102 0.197795
v -0.667946 -0.004719 0.197050
v -0.667946 0.015102 0.197050
v -0.666786 -0.004719 0.195891
v -0.666786 0.015102 0.195891
v -0.666041 -0.004719 0.194430
v -0.666041 0.015102 0.194430
v -0.665785 -0.004719 0.192810
v -0.665785 0.015102 0.192810
v -0.667916 -0.004719 0.191799
v -0.668380 -0.004719 0.190887
v -0.671027 -0.004719 0.192810
v -0.669104 -0.004719 0.190164
v -0.670016 -0.004719 0.189699
v -0.671027 -0.004719 0.189539
v -0.672037 -0.004719 0.189699
v -0.672949 -0.004719 0.190164
v -0.673673 -0.004719 0.190887
v -0.674137 -0.004719 0.191799
v -0.674297 -0.004719 0.192810
v -0.674137 -0.004719 0.193821
v -0.673673 -0.004719 0.194732
v -0.672949 -0.004719 0.195456
v -0.672037 -0.004719 0.195921
v -0.671027 -0.004719 0.196081
v -0.670016 -0.004719 0.195921
v -0.669104 -0.004719 0.195456
v -0.668380 -0.004719 0.194732
v -0.667916 -0.004719 0.193821
v -0.667756 -0.004719 0.192810
v -0.667916 0.194391 0.191799
v -0.668380 0.194391 0.190887
v -0.671027 0.194391 0.192810
v -0.669104 0.194391 0.190164
v -0.670016 0.194391 0.189699
v -0.671027 0.194391 0.189539
v -0.672037 0.194391 0.189699
v -0.672949 0.194391 0.190164
v -0.673673 0.194391 0.190887
v -0.674137 0.194391 0.191799
v -0.674297 0.194391 0.192810
v -0.674137 0.194391 0.193821
v -0.673673 0.194391 0.194732
v -0.672949 0.194391 0.195456
v -0.672037 0.194391 0.195921
v -0.671027 0.194391 0.196081
v -0.670016 0.194391 0.195921
v -0.669104 0.194391 0.195456
v -0.668380 0.194391 0.194732
v -0.667916 0.194391 0.193821
v -0.667756 0.194391 0.192810
v -0.671027 0.177995 0.198052
v -0.672646 0.177995 0.197795
v -0.671027 0.194391 0.198052
v -0.672646 0.194391 0.197795
v -0.674108 0.177995 0.197050
v -0.674108 0.194391 0.197050
v -0.675267 0.177995 0.195891
v -0.675267 0.194391 0.195891
v -0.676012 0.177995 0.194430
v -0.676012 0.194391 0.194430
v -0.676268 0.177995 0.192810
v -0.676268 0.194391 0.192810
v -0.676012 0.177995 0.191190
v -0.676012 0.194391 0.191190
v -0.675267 0.177995 0.189729
v -0.675267 0.194391 0.189729
v -0.674108 0.177995 0.188569
v -0.674108 0.194391 0.188569
v -0.672646 0.177995 0.187825
v -0.672646 0.194391 0.187825
v -0.671027 0.177995 0.187568
v -0.671027 0.194391 0.187568
v -0.669407 0.177995 0.187825
v -0.669407 0.194391 0.187825
v -0.667946 0.177995 0.188569
v -0.667946 0.194391 0.188569
v -0.666786 0.177995 0.189729
v -0.666786 0.194391 0.189729
v -0.666041 0.177995 0.191190
v -0.666041 0.194391 0.191190
v -0.665785 0.177995 0.192810
v -0.665785 0.194391 0.192810
v -0.666041 0.177995 0.194430
v -0.666041 0.194391 0.194430
v -0.666786 0.177995 0.195891
v -0.666786 0.194391 0.195891
v -0.667946 0.177995 0.197050
v -0.667946 0.194391 0.197050
v -0.669407 0.177995 0.197795
v -0.669407 0.194391 0.197795
v -0.670016 0.015102 0.195921
v -0.671027 0.015102 0.196081
v -0.670016 0.095607 0.195921
v -0.671027 0.095607 0.196081
v -0.672037 0.015102 0.195921
v -0.672037 0.095607 0.195921
v -0.672949 0.015102 0.195456
v -0.672949 0.095607 0.195456
v -0.673673 0.015102 0.194732
v -0.673673 0.095607 0.194732
v -0.674137 0.015102 0.193821
v -0.674137 0.095607 0.193821
v -0.674297 0.015102 0.192810
v -0.674297 0.095607 0.192810
v -0.674137 0.015102 0.191799
v -0.674137 0.095607 0.191799
v -0.673673 0.015102 0.190887
v -0.673673 0.095607 0.190887
v -0.672949 0.015102 0.190164
v -0.672949 0.095607 0.190164
v -0.672037 0.015102 0.189699
v -0.672037 0.095607 0.189699
v -0.671027 0.015102 0.189539
v -0.671027 0.095607 0.189539
v -0.670016 0.015102 0.189699
v -0.670016 0.095607 0.189699
v -0.669104 0.015102 0.190164
v -0.669104 0.095607 0.190164
v -0.668380 0.015102 0.190887
v -0.668380 0.095607 0.190887
v -0.667916 0.015102 0.191799
v -0.667916 0.095607 0.191799
v -0.667756 0.015102 0.192810
v -0.667756 0.095607 0.192810
v -0.667916 0.015102 0.193821
v -0.667916 0.095607 0.193821
v -0.668380 0.015102 0.194732
v -0.668380 0.095607 0.194732
v -0.669104 0.015102 0.195456
v -0.669104 0.095607 0.195456
v -0.669407 0.095607 0.197795
v -0.671027 0.095607 0.198052
v -0.669407 0.111019 0.197795
v -0.671027 0.111019 0.198052
v -0.672646 0.095607 0.197795
v -0.672646 0.111019 0.197795
v -0.674108 0.095607 0.197050
v -0.674108 0.111019 0.197050
v -0.675267 0.095607 0.195891
v -0.675267 0.111019 0.195891
v -0.676012 0.095607 0.194430
v -0.676012 0.111019 0.194430
v -0.676268 0.095607 0.192810
v -0.676268 0.111019 0.192810
v -0.676012 0.095607 0.191190
v -0.676012 0.111019 0.191190
v -0.675267 0.095607 0.189729
v -0.675267 0.111019 0.189729
v -0.674108 0.095607 0.188569
v -0.674108 0.111019 0.188569
v -0.672646 0.095607 0.187825
v -0.672646 0.111019 0.187825
v -0.671027 0.095607 0.187568
v -0.671027 0.111019 0.187568
v -0.669407 0.095607 0.187825
v -0.669407 0.111019 0.187825
v -0.667946 0.095607 0.188569
v -0.667946 0.111019 0.188569
v -0.666786 0.095607 0.189729
v -0.666786 0.111019 0.189729
v -0.666041 0.095607 0.191190
v -0.666041 0.111019 0.191190
v -0.665785 0.095607 0.192810
v -0.665785 0.111019 0.192810
v -0.666041 0.095607 0.194430
v -0.666041 0.111019 0.194430
v -0.666786 0.095607 0.195891
v -0.666786 0.111019 0.195891
v -0.667946 0.095607 0.197050
v -0.667946 0.111019 0.197050
v -0.671027 0.111019 0.196081
v -0.672037 0.111019 0.195921
v -0.671027 0.177995 0.196081
v -0.672037 0.177995 0.195921
v -0.672949 0.111019 0.195456
v -0.672949 0.177995 0.195456
v -0.673673 0.111019 0.194732
v -0.673673 0.177995 0.194732
v -0.674137 0.111019 0.193821
v -0.674137 0.177995 0.193821
v -0.674297 0.111019 0.192810
v -0.674297 0.177995 0.192810
v -0.674137 0.111019 0.191799
v -0.674137 0.177995 0.191799
v -0.673673 0.111019 0.190887
v -0.673673 0.177995 0.190887
v -0.672949 0.111019 0.190164
v -0.672949 0.177995 0.190164
v -0.672037 0.111019 0.189699
v -0.672037 0.177995 0.189699
v -0.671027 0.111019 0.189539
v -0.671027 0.177995 0.189539
v -0.670016 0.111019 0.189699
v -0.670016 0.177995 0.189699
v -0.669104 0.111019 0.190164
v -0.669104 0.177995 0.190164
v -0.668380 0.111019 0.190887
v -0.668380 0.177995 0.190887
v -0.667916 0.111019 0.191799
v -0.667916 0.177995 0.191799
v -0.667756 0.111019 0.192810
v -0.667756 0.177995 0.192810
v -0.667916 0.111019 0.193821
v -0.667916 0.177995 0.193821
v -0.668380 0.111019 0.194732
v -0.668380 0.177995 0.194732
v -0.669104 0.111019 0.195456
v -0.669104 0.177995 0.195456
v -0.670016 0.111019 0.195921
v -0.670016 0.177995 0.195921
v -0.669369 0.134514 0.193943
v -0.643382 0.134514 0.186584
v -0.643382 0.153979 0.186584
v -0.669369 0.153979 0.193943
v -0.669369 0.192911 0.193943
v -0.643382 0.192911 0.186584
v -0.643382 0.192911 0.185632
v -0.669369 0.192911 0.192990
v -0.669369 0.153979 0.192990
v -0.643382 0.153979 0.185632
v -0.643382 0.134514 0.185632
v -0.669369 0.134514 0.192990
v -0.383510 0.134514 0.192990
v -0.383510 0.134514 0.193943
v -0.383510 0.153979 0.192990
v -0.383510 0.153979 0.193943
v -0.409497 0.185357 0.195263
v -0.383510 0.192911 0.193943
v -0.383510 0.192911 0.192990
v -0.409497 0.185357 0.194311
v -0.409497 0.153979 0.194311
v -0.409497 0.134514 0.194311
v -0.409497 0.134514 0.195263
v -0.409497 0.153979 0.195263
v -0.435484 0.179926 0.187864
v -0.435484 0.179926 0.186912
v -0.435484 0.153979 0.186912
v -0.435484 0.134718 0.186912
v -0.435484 0.134718 0.187864
v -0.435484 0.153979 0.187864
v -0.461471 0.182568 0.193943
v -0.461471 0.182568 0.192990
v -0.461471 0.153979 0.192990
v -0.461471 0.150816 0.192990
v -0.461471 0.150816 0.193943
v -0.461471 0.153979 0.193943
v -0.487458 0.182568 0.193943
v -0.487458 0.182568 0.192990
v -0.487458 0.153979 0.192990
v -0.487458 0.134514 0.192990
v -0.487458 0.134514 0.193943
v -0.487458 0.153979 0.193943
v -0.513446 0.184442 0.197961
v -0.504045 0.173445 0.196507
v -0.504045 0.173445 0.195555
v -0.513446 0.184442 0.197009
v -0.513446 0.153979 0.197009
v -0.513446 0.134514 0.197009
v -0.504045 0.153979 0.195555
v -0.504045 0.134514 0.195555
v -0.513446 0.134514 0.197961
v -0.504045 0.134514 0.196507
v -0.513446 0.153979 0.197961
v -0.504045 0.153979 0.196507
v -0.539433 0.188219 0.203070
v -0.539433 0.188219 0.202118
v -0.539433 0.153979 0.202118
v -0.539433 0.144406 0.202118
v -0.539433 0.144406 0.203070
v -0.539433 0.153979 0.203070
v -0.565420 0.192911 0.193943
v -0.565420 0.192911 0.192990
v -0.565420 0.153979 0.192990
v -0.572540 0.147646 0.192990
v -0.572540 0.147646 0.193943
v -0.565420 0.153979 0.193943
v -0.591407 0.192911 0.193943
v -0.591407 0.192911 0.192990
v -0.591407 0.153979 0.192990
v -0.591407 0.138779 0.192990
v -0.591407 0.138779 0.193943
v -0.591407 0.153979 0.193943
v -0.617394 0.183771 0.187599
v -0.617394 0.183771 0.186647
v -0.617394 0.153979 0.186647
v -0.617394 0.134514 0.186647
v -0.617394 0.134514 0.187599
v -0.617394 0.153979 0.187599
v -0.669369 0.173445 0.193943
v -0.669369 0.173445 0.192990
v -0.643382 0.173445 0.185632
v -0.617394 0.173445 0.186647
v -0.591407 0.173445 0.192990
v -0.565420 0.173445 0.192990
v -0.539433 0.173445 0.202118
v -0.513446 0.173445 0.197009
v -0.504045 0.173445 0.195555
v -0.487458 0.173445 0.192990
v -0.461471 0.173445 0.192990
v -0.435484 0.173445 0.186912
v -0.409497 0.173445 0.194311
v -0.383510 0.173445 0.192990
v -0.383510 0.173445 0.193943
v -0.409497 0.173445 0.195263
v -0.435484 0.173445 0.187864
v -0.461471 0.173445 0.193943
v -0.487458 0.173445 0.193943
v -0.513446 0.173445 0.197961
v -0.504045 0.173445 0.196507
v -0.539433 0.173445 0.203070
v -0.565420 0.173445 0.193943
v -0.591407 0.173445 0.193943
v -0.617394 0.173445 0.187599
v -0.643382 0.173445 0.186584
v -0.492939 0.182963 0.194790
v -0.492939 0.182963 0.193838
v -0.492939 0.173445 0.193838
v -0.492939 0.153979 0.193838
v -0.492939 0.134514 0.193838
v -0.492939 0.134514 0.194790
v -0.492939 0.153979 0.194790
v -0.492939 0.173445 0.194790
v -0.383925 0.181372 0.191082
v -0.383890 0.181941 0.189962
v -0.383835 0.182828 0.189074
v -0.383765 0.183945 0.188504
v -0.383689 0.185183 0.188308
v -0.383612 0.186421 0.188504
v -0.383543 0.187538 0.189074
v -0.383488 0.188425 0.189962
v -0.383452 0.188994 0.191082
v -0.383440 0.189190 0.192322
v -0.383452 0.188994 0.193563
v -0.383488 0.188425 0.194682
v -0.383543 0.187538 0.195570
v -0.383612 0.186421 0.196140
v -0.383689 0.185183 0.196337
v -0.383765 0.183945 0.196140
v -0.383835 0.182828 0.195570
v -0.383890 0.181941 0.194682
v -0.383925 0.181372 0.193563
v -0.383937 0.181176 0.192322
v -0.351890 0.179386 0.191082
v -0.351855 0.179955 0.189962
v -0.351800 0.180841 0.189074
v -0.351731 0.181958 0.188504
v -0.351654 0.183196 0.188308
v -0.351577 0.184435 0.188504
v -0.351508 0.185552 0.189074
v -0.351453 0.186438 0.189962
v -0.351418 0.187007 0.191082
v -0.351405 0.187203 0.192322
v -0.351418 0.187007 0.193563
v -0.351453 0.186438 0.194682
v -0.351508 0.185552 0.195570
v -0.351577 0.184435 0.196140
v -0.351654 0.183196 0.196337
v -0.351731 0.181958 0.196140
v -0.351800 0.180841 0.195570
v -0.351855 0.179955 0.194682
v -0.351890 0.179386 0.193563
v -0.351903 0.179189 0.192322
v -0.383689 0.185183 0.192322
v -0.367854 0.182958 0.196140
v -0.367778 0.184196 0.196337
v -0.367701 0.185435 0.196140
v -0.367631 0.186552 0.195570
v -0.367577 0.187438 0.194682
v -0.367541 0.188007 0.193563
v -0.367529 0.188203 0.192322
v -0.367541 0.188007 0.191082
v -0.367577 0.187438 0.189962
v -0.367631 0.186552 0.189074
v -0.367701 0.185435 0.188504
v -0.367778 0.184196 0.188308
v -0.367854 0.182958 0.188504
v -0.367924 0.181841 0.189074
v -0.367979 0.180955 0.189962
v -0.368014 0.180386 0.191082
v -0.368026 0.180189 0.192322
v -0.368014 0.180386 0.193563
v -0.367979 0.180955 0.194682
v -0.367924 0.181841 0.195570
v -0.367885 0.182458 0.197682
v -0.367778 0.184196 0.197958
v -0.351762 0.181458 0.197682
v -0.351654 0.183196 0.197958
v -0.367670 0.185935 0.197682
v -0.351546 0.184935 0.197682
v -0.367572 0.187503 0.196881
v -0.351449 0.186503 0.196881
v -0.367495 0.188747 0.195635
v -0.351372 0.187747 0.195635
v -0.367446 0.189546 0.194064
v -0.351322 0.188546 0.194064
v -0.367429 0.189821 0.192322
v -0.351305 0.188821 0.192322
v -0.367446 0.189546 0.190581
v -0.351322 0.188546 0.190581
v -0.367495 0.188747 0.189010
v -0.351372 0.187747 0.189010
v -0.367572 0.187503 0.187763
v -0.351449 0.186503 0.187763
v -0.367670 0.185935 0.186963
v -0.351546 0.184935 0.186963
v -0.367778 0.184196 0.186687
v -0.351654 0.183196 0.186687
v -0.367885 0.182458 0.186963
v -0.351762 0.181458 0.186963
v -0.367983 0.180890 0.187763
v -0.351859 0.179890 0.187763
v -0.368060 0.179646 0.189010
v -0.351936 0.178646 0.189010
v -0.368109 0.178847 0.190581
v -0.351986 0.177847 0.190581
v -0.368126 0.178572 0.192322
v -0.352003 0.177572 0.192322
v -0.368109 0.178847 0.194064
v -0.351986 0.177847 0.194064
v -0.368060 0.179646 0.195635
v -0.351936 0.178646 0.195635
v -0.367983 0.180890 0.196881
v -0.351859 0.179890 0.196881
v -0.366262 0.180277 0.191082
v -0.366227 0.180846 0.189962
v -0.366026 0.184088 0.192322
v -0.366172 0.181733 0.189074
v -0.366103 0.182850 0.188504
v -0.366026 0.184088 0.188308
v -0.365949 0.185326 0.188504
v -0.365880 0.186443 0.189074
v -0.365825 0.187329 0.189962
v -0.365789 0.187899 0.191082
v -0.365777 0.188095 0.192322
v -0.365789 0.187899 0.193563
v -0.365825 0.187329 0.194682
v -0.365880 0.186443 0.195570
v -0.365949 0.185326 0.196140
v -0.366026 0.184088 0.196337
v -0.366103 0.182850 0.196140
v -0.366172 0.181733 0.195570
v -0.366227 0.180846 0.194682
v -0.366262 0.180277 0.193563
v -0.366274 0.180081 0.192322
v -0.383925 0.181372 0.191082
v -0.383890 0.181941 0.189962
v -0.367979 0.180955 0.189962
v -0.368014 0.180386 0.191082
v -0.383835 0.182828 0.189074
v -0.367924 0.181841 0.189074
v -0.383765 0.183945 0.188504
v -0.367854 0.182958 0.188504
v -0.383689 0.185183 0.188308
v -0.367778 0.184196 0.188308
v -0.383612 0.186421 0.188504
v -0.367701 0.185435 0.188504
v -0.383543 0.187538 0.189074
v -0.367631 0.186552 0.189074
v -0.383488 0.188425 0.189962
v -0.367577 0.187438 0.189962
v -0.383452 0.188994 0.191082
v -0.367541 0.188007 0.191082
v -0.383440 0.189190 0.192322
v -0.367529 0.188203 0.192322
v -0.383452 0.188994 0.193563
v -0.367541 0.188007 0.193563
v -0.383488 0.188425 0.194682
v -0.367577 0.187438 0.194682
v -0.383543 0.187538 0.195570
v -0.367631 0.186552 0.195570
v -0.383612 0.186421 0.196140
v -0.367701 0.185435 0.196140
v -0.383689 0.185183 0.196337
v -0.367778 0.184196 0.196337
v -0.383765 0.183945 0.196140
v -0.367854 0.182958 0.196140
v -0.383835 0.182828 0.195570
v -0.367924 0.181841 0.195570
v -0.383890 0.181941 0.194682
v -0.367979 0.180955 0.194682
v -0.383925 0.181372 0.193563
v -0.368014 0.180386 0.193563
v -0.383937 0.181176 0.192322
v -0.368026 0.180189 0.192322
v -0.383689 0.185183 0.192322
v -0.366262 0.180277 0.191082
v -0.366227 0.180846 0.189962
v -0.366026 0.184088 0.192322
v -0.366172 0.181733 0.189074
v -0.366103 0.182850 0.188504
v -0.366026 0.184088 0.188308
v -0.365949 0.185326 0.188504
v -0.365880 0.186443 0.189074
v -0.365825 0.187329 0.189962
v -0.365789 0.187899 0.191082
v -0.365777 0.188095 0.192322
v -0.365789 0.187899 0.193563
v -0.365825 0.187329 0.194682
v -0.365880 0.186443 0.195570
v -0.365949 0.185326 0.196140
v -0.366026 0.184088 0.196337
v -0.366103 0.182850 0.196140
v -0.366172 0.181733 0.195570
v -0.366227 0.180846 0.194682
v -0.366262 0.180277 0.193563
v -0.366274 0.180081 0.192322
v -0.367885 0.182458 0.197682
v -0.367778 0.184196 0.197958
v -0.351762 0.181458 0.197682
v -0.351654 0.183196 0.197958
v -0.367670 0.185935 0.197682
v -0.351546 0.184935 0.197682
v -0.367572 0.187503 0.196881
v -0.351449 0.186503 0.196881
v -0.367495 0.188747 0.195635
v -0.351372 0.187747 0.195635
v -0.367446 0.189546 0.194064
v -0.351322 0.188546 0.194064
v -0.367429 0.189821 0.192322
v -0.351305 0.188821 0.192322
v -0.367446 0.189546 0.190581
v -0.351322 0.188546 0.190581
v -0.367495 0.188747 0.189010
v -0.351372 0.187747 0.189010
v -0.367572 0.187503 0.187763
v -0.351449 0.186503 0.187763
v -0.367670 0.185935 0.186963
v -0.351546 0.184935 0.186963
v -0.367778 0.184196 0.186687
v -0.351654 0.183196 0.186687
v -0.367885 0.182458 0.186963
v -0.351762 0.181458 0.186963
v -0.367983 0.180890 0.187763
v -0.351859 0.179890 0.187763
v -0.368060 0.179646 0.189010
v -0.351936 0.178646 0.189010
v -0.368109 0.178847 0.190581
v -0.351986 0.177847 0.190581
v -0.368126 0.178572 0.192322
v -0.352003 0.177572 0.192322
v -0.368109 0.178847 0.194064
v -0.351986 0.177847 0.194064
v -0.368060 0.179646 0.195635
v -0.351936 0.178646 0.195635
v -0.367983 0.180890 0.196881
v -0.351859 0.179890 0.196881
v -0.351654 0.183196 0.196337
v -0.351731 0.181958 0.196140
v -0.351577 0.184435 0.196140
v -0.351508 0.185552 0.195570
v -0.351453 0.186438 0.194682
v -0.351418 0.187007 0.193563
v -0.351405 0.187203 0.192322
v -0.351418 0.187007 0.191082
v -0.351453 0.186438 0.189962
v -0.351508 0.185552 0.189074
v -0.351577 0.184435 0.188504
v -0.351654 0.183196 0.188308
v -0.351731 0.181958 0.188504
v -0.351800 0.180841 0.189074
v -0.351855 0.179955 0.189962
v -0.351890 0.179386 0.191082
v -0.351903 0.179189 0.192322
v -0.351890 0.179386 0.193563
v -0.351855 0.179955 0.194682
v -0.351800 0.180841 0.195570
vn 0.0589 -0.9492 -0.3090
vn 0.0501 -0.8075 -0.5878
vn 0.0364 -0.5867 -0.8090
vn 0.0191 -0.3084 -0.9511
vn -0.0000 -0.0000 -1.0000
vn -0.0191 0.3084 -0.9511
vn -0.0364 0.5867 -0.8090
vn -0.0501 0.8075 -0.5878
vn -0.0589 0.9492 -0.3090
vn -0.0619 0.9981 -0.0000
vn -0.0589 0.9492 0.3090
vn -0.0501 0.8075 0.5878
vn -0.0364 0.5867 0.8090
vn -0.0191 0.3084 0.9511
vn -0.0000 -0.0000 1.0000
vn 0.0191 -0.3084 0.9511
vn 0.0364 -0.5867 0.8090
vn 0.0501 -0.8075 0.5878
vn 0.0589 -0.9492 0.3090
vn 0.0619 -0.9981 -0.0000
vn 0.9981 0.0619 -0.0000
vn 0.9981 0.0618 -0.0000
vn -0.9981 -0.0619 -0.0000
vn -0.9981 -0.0620 -0.0000
vn -0.9981 -0.0618 -0.0000
vn -0.5726 -0.7593 -0.3090
vn -0.4871 -0.6459 -0.5878
vn -0.3539 -0.4693 -0.8090
vn -0.1861 -0.2467 -0.9511
vn 0.1861 0.2467 -0.9511
vn 0.3539 0.4693 -0.8090
vn 0.4871 0.6459 -0.5878
vn 0.5726 0.7593 -0.3090
vn 0.6021 0.7984 -0.0000
vn 0.5726 0.7593 0.3090
vn 0.4871 0.6459 0.5878
vn 0.3539 0.4693 0.8090
vn 0.1861 0.2467 0.9511
vn -0.1861 -0.2467 0.9511
vn -0.3539 -0.4693 0.8090
vn -0.4871 -0.6459 0.5878
vn -0.5726 -0.7593 0.3090
vn -0.6021 -0.7984 -0.0000
vn 0.7984 -0.6021 -0.0000
vn -0.7984 0.6021 -0.0000
vn -0.7984 0.6022 -0.0000
vn -0.9510 -0.0121 -0.3090
vn -0.8089 -0.0103 -0.5878
vn -0.5877 -0.0074 -0.8090
vn -0.3090 -0.0039 -0.9511
vn 0.3090 0.0039 -0.9511
vn 0.5877 0.0074 -0.8090
vn 0.8089 0.0103 -0.5878
vn 0.9510 0.0121 -0.3090
vn 0.9999 0.0127 -0.0000
vn 0.9510 0.0121 0.3090
vn 0.8090 0.0103 0.5878
vn 0.5877 0.0074 0.8090
vn 0.3090 0.0039 0.9511
vn -0.3090 -0.0039 0.9511
vn -0.5877 -0.0074 0.8090
vn -0.8090 -0.0103 0.5878
vn -0.9510 -0.0121 0.3090
vn -0.9999 -0.0127 -0.0000
vn 0.0127 -0.9999 -0.0000
vn -0.0127 0.9999 -0.0000
vn 0.8090 0.0103 -0.5878
vn -0.8089 -0.0103 0.5878
vn 0.9981 0.0620 -0.0000
vn 0.7984 -0.6022 -0.0000
vn 0.8089 0.0103 0.5878
vn -0.8090 -0.0103 -0.5878
vn 0.5726 -0.7593 -0.3090
vn 0.4871 -0.6459 -0.5878
vn 0.3539 -0.4693 -0.8090
vn 0.1861 -0.2467 -0.9511
vn -0.1861 0.2467 -0.9511
vn -0.3539 0.4693 -0.8090
vn -0.4871 0.6459 -0.5878
vn -0.5726 0.7593 -0.3090
vn -0.6021 0.7984 -0.0000
vn -0.5726 0.7593 0.3090
vn -0.4871 0.6459 0.5878
vn -0.3539 0.4693 0.8090
vn -0.1861 0.2467 0.9511
vn 0.1861 -0.2467 0.9511
vn 0.3539 -0.4693 0.8090
vn 0.4871 -0.6459 0.5878
vn 0.5726 -0.7593 0.3090
vn 0.6021 -0.7984 -0.0000
vn -0.7984 -0.6021 -0.0000
vn 0.7984 0.6021 -0.0000
vn 0.7985 0.6021 -0.0000
vn -0.7985 -0.6021 -0.0000
vn 0.9511 -0.0000 -0.3090
vn 0.8090 -0.0000 -0.5878
vn 0.5878 -0.0000 -0.8090
vn 0.3090 -0.0000 -0.9511
vn -0.3090 -0.0000 -0.9511
vn -0.5878 -0.0000 -0.8090
vn -0.8090 -0.0000 -0.5878
vn -0.9511 -0.0000 -0.3090
vn -1.0000 -0.0000 -0.0000
vn -0.9511 -0.0000 0.3090
vn -0.8090 -0.0000 0.5878
vn -0.5878 -0.0000 0.8090
vn -0.3090 -0.0000 0.9511
vn 0.3090 -0.0000 0.9511
vn 0.5878 -0.0000 0.8090
vn 0.8090 -0.0000 0.5878
vn 0.9511 -0.0000 0.3090
vn 1.0000 -0.0000 -0.0000
vn -0.0000 -1.0000 -0.0000
vn -0.0000 1.0000 -0.0000
vn 0.9510 -0.0121 -0.3090
vn 0.8089 -0.0103 -0.5878
vn 0.5877 -0.0075 -0.8090
vn 0.3090 -0.0039 -0.9511
vn -0.3090 0.0039 -0.9511
vn -0.5877 0.0074 -0.8090
vn -0.8090 0.0103 -0.5878
vn -0.9510 0.0121 -0.3090
vn -0.9999 0.0127 -0.0000
vn -0.9510 0.0121 0.3090
vn -0.8090 0.0103 0.5878
vn -0.5877 0.0074 0.8090
vn -0.3090 0.0039 0.9511
vn 0.3090 -0.0039 0.9511
vn 0.5877 -0.0074 0.8090
vn 0.8089 -0.0103 0.5878
vn 0.8090 -0.0103 0.5878
vn 0.9510 -0.0121 0.3090
vn 0.9999 -0.0127 -0.0000
vn -0.0127 -0.9999 -0.0000
vn 0.0127 0.9999 -0.0000
vn 0.5877 -0.0074 -0.8090
vn 0.8090 -0.0103 -0.5878
vn -0.8089 0.0103 0.5878
vn -0.5877 0.0075 0.8090
vn -0.8089 0.0103 -0.5878
vn 0.2724 -0.0000 0.9622
vn 0.1211 -0.0000 0.9926
vn 0.1616 0.9869 -0.0000
vn 0.1874 0.9823 -0.0000
vn -0.2724 -0.0000 -0.9622
vn -0.1211 -0.0000 -0.9926
vn -0.2454 0.9694 -0.0000
vn -0.2791 0.9603 -0.0000
vn -0.2399 0.9708 -0.0000
vn 0.1153 -0.0000 -0.9933
vn 0.1159 -0.0000 -0.9933
vn -0.0507 -0.0000 -0.9987
vn -0.0036 -1.0000 -0.0000
vn -0.0042 -1.0000 -0.0000
vn -0.1159 -0.0000 0.9933
vn -0.1153 -0.0000 0.9933
vn 0.0508 -0.0000 0.9987
vn -0.0555 0.9985 -0.0000
vn -0.0511 0.9987 -0.0000
vn 0.1413 -0.0000 -0.9900
vn 0.0557 -0.0000 -0.9984
vn -0.2933 -0.9560 -0.0000
vn -0.3073 -0.9516 -0.0000
vn -0.0557 -0.0000 0.9984
vn -0.1413 -0.0000 0.9900
vn 0.0467 0.9989 -0.0000
vn 0.0541 0.9985 -0.0000
vn -0.1151 -0.0000 -0.9934
vn -0.1160 -0.0000 -0.9933
vn 0.0454 -0.9990 -0.0000
vn -0.0327 -0.9995 -0.0000
vn 0.1160 -0.0000 0.9933
vn 0.1152 -0.0000 0.9933
vn 0.0135 0.9999 -0.0000
vn 0.0115 0.9999 -0.0000
vn -0.0557 -0.0000 -0.9984
vn -0.0326 -0.0000 -0.9995
vn 0.4539 -0.8911 -0.0000
vn 0.4662 -0.8847 -0.0000
vn 0.0326 -0.0000 0.9995
vn 0.0557 -0.0000 0.9984
vn 0.3575 0.9339 -0.0000
vn 0.1410 0.9900 -0.0000
vn 0.0034 1.0000 -0.0000
vn 0.4161 0.9093 -0.0000
vn -0.1776 -0.0000 -0.9841
vn -0.1813 -0.0000 -0.9834
vn -0.1528 -0.0000 -0.9883
vn -0.2825 -0.9593 -0.0000
vn -0.2541 -0.9672 -0.0000
vn 0.1812 -0.0000 0.9834
vn 0.1775 -0.0000 0.9841
vn 0.1528 -0.0000 0.9883
vn 0.1599 0.9871 -0.0000
vn 0.1614 0.9869 -0.0000
vn -0.0330 -0.0442 -0.9985
vn 0.0470 -0.0199 -0.9987
vn -0.2211 -0.9753 -0.0000
vn -0.2139 -0.9769 -0.0000
vn -0.0470 0.0199 0.9987
vn 0.0330 0.0442 0.9985
vn 0.0984 0.9951 -0.0000
vn 0.0792 0.9969 -0.0000
vn 0.0729 -0.0326 -0.9968
vn 0.1903 -0.0323 -0.9812
vn 0.0877 -0.9961 -0.0000
vn 0.1322 -0.9912 -0.0000
vn -0.1903 0.0323 0.9812
vn -0.0729 0.0326 0.9968
vn -0.1601 0.9871 -0.0000
vn -0.1844 0.9828 -0.0000
vn 0.1808 -0.0000 -0.9835
vn 0.1370 -0.0000 -0.9906
vn 0.2918 -0.9565 -0.0000
vn 0.2718 -0.9623 -0.0000
vn -0.1370 -0.0000 0.9906
vn -0.1808 -0.0000 0.9835
vn -0.0278 0.9996 -0.0000
vn 0.0313 0.9995 -0.0000
vn 0.1291 -0.0000 -0.9916
vn 0.1374 -0.0000 -0.9905
vn 0.0885 -0.9961 -0.0000
vn 0.0737 -0.9973 -0.0000
vn -0.1374 -0.0000 0.9905
vn -0.1292 -0.0000 0.9916
vn -0.1602 -0.0000 -0.9871
vn -0.1310 -0.0000 -0.9914
vn 0.1402 -0.0000 -0.9901
vn 0.1399 -0.0000 -0.9902
vn 0.1137 -0.0000 -0.9935
vn 0.0916 -0.0000 -0.9958
vn 0.1677 -0.0000 -0.9858
vn 0.1527 -0.0000 -0.9883
vn 0.0937 -0.0000 -0.9956
vn 0.1405 -0.0000 -0.9901
vn -0.1842 -0.0000 -0.9829
vn -0.1905 -0.0000 -0.9817
vn -0.1135 -0.0000 -0.9935
vn -0.0271 -0.0000 -0.9996
vn -0.0284 -0.0000 -0.9996
vn -0.1035 -0.0000 -0.9946
vn 0.0319 -0.0000 -0.9995
vn 0.0540 -0.0000 -0.9985
vn 0.0994 -0.0000 -0.9950
vn 0.0507 -0.0000 -0.9987
vn -0.0508 -0.0000 -0.9987
vn -0.0507 -0.0000 0.9987
vn -0.0994 -0.0000 0.9950
vn -0.0540 -0.0000 0.9985
vn -0.0319 -0.0000 0.9995
vn 0.1035 -0.0000 0.9946
vn 0.1134 -0.0000 0.9935
vn 0.0284 -0.0000 0.9996
vn 0.0271 -0.0000 0.9996
vn 0.1905 -0.0000 0.9817
vn 0.1842 -0.0000 0.9829
vn -0.1405 -0.0000 0.9901
vn -0.0937 -0.0000 0.9956
vn -0.1526 -0.0000 0.9883
vn -0.1681 -0.0000 0.9858
vn -0.0916 -0.0000 0.9958
vn -0.1137 -0.0000 0.9935
vn -0.1399 -0.0000 0.9902
vn -0.1401 -0.0000 0.9901
vn 0.1602 -0.0000 0.9871
vn 0.1310 -0.0000 0.9914
vn -0.5047 0.8633 -0.0000
vn -0.4572 0.8894 -0.0000
vn -0.0589 -0.9492 -0.3090
vn -0.0501 -0.8075 -0.5878
vn -0.0364 -0.5867 -0.8090
vn -0.0191 -0.3084 -0.9511
vn 0.0191 0.3084 -0.9511
vn 0.0364 0.5867 -0.8090
vn 0.0501 0.8075 -0.5878
vn 0.0589 0.9492 -0.3090
vn 0.0619 0.9981 -0.0000
vn 0.0589 0.9492 0.3090
vn 0.0501 0.8075 0.5878
vn 0.0364 0.5867 0.8090
vn 0.0191 0.3084 0.9511
vn -0.0191 -0.3084 0.9511
vn -0.0364 -0.5867 0.8090
vn -0.0501 -0.8075 0.5878
vn -0.0589 -0.9492 0.3090
vn -0.0619 -0.9981 -0.0000
vn -0.9981 0.0619 -0.0000
vn 0.9981 -0.0619 -0.0000
vt 0.351095 0.660163
vt 0.351095 0.708611
vt 0.347687 0.708719
vt 0.347687 0.660271
vt 0.344983 0.708887
vt 0.344983 0.660438
vt 0.510050 0.606764
vt 0.513055 0.655213
vt 0.509654 0.655424
vt 0.506649 0.606975
vt 0.505883 0.655658
vt 0.502878 0.607209
vt 0.502113 0.655891
vt 0.499108 0.607443
vt 0.498711 0.656102
vt 0.495707 0.607654
vt 0.544083 0.681096
vt 0.544083 0.729545
vt 0.541378 0.729712
vt 0.541378 0.681264
vt 0.537971 0.729820
vt 0.537971 0.681371
vt 0.534193 0.729857
vt 0.534193 0.681408
vt 0.530415 0.729820
vt 0.530415 0.681371
vt 0.527008 0.729712
vt 0.527008 0.681264
vt 0.524303 0.729545
vt 0.524303 0.681096
vt 0.473020 0.607654
vt 0.470015 0.656103
vt 0.466614 0.655892
vt 0.469619 0.607443
vt 0.462844 0.655658
vt 0.465848 0.607210
vt 0.459073 0.655424
vt 0.462078 0.606976
vt 0.455672 0.655213
vt 0.458677 0.606765
vt 0.364762 0.660438
vt 0.364762 0.708887
vt 0.362058 0.708719
vt 0.362058 0.660271
vt 0.358650 0.708611
vt 0.358650 0.660163
vt 0.354873 0.708575
vt 0.354873 0.660126
vt 0.126285 0.955255
vt 0.136156 0.962440
vt 0.124552 0.958663
vt 0.128984 0.952550
vt 0.132386 0.950814
vt 0.136156 0.950216
vt 0.139926 0.950814
vt 0.143328 0.952550
vt 0.146027 0.955255
vt 0.147760 0.958663
vt 0.148357 0.962440
vt 0.147760 0.966218
vt 0.146027 0.969626
vt 0.143328 0.972330
vt 0.139926 0.974067
vt 0.136156 0.974665
vt 0.132386 0.974067
vt 0.128984 0.972330
vt 0.126285 0.969626
vt 0.124552 0.966218
vt 0.123955 0.962440
vt 0.749856 0.970073
vt 0.761460 0.966295
vt 0.751589 0.973481
vt 0.754288 0.976185
vt 0.757689 0.977921
vt 0.761460 0.978520
vt 0.765230 0.977921
vt 0.768631 0.976185
vt 0.771331 0.973481
vt 0.773063 0.970073
vt 0.773661 0.966295
vt 0.773063 0.962518
vt 0.771331 0.959110
vt 0.768631 0.956405
vt 0.765230 0.954669
vt 0.761460 0.954071
vt 0.757689 0.954669
vt 0.754288 0.956405
vt 0.751589 0.959110
vt 0.749856 0.962518
vt 0.749258 0.966295
vt 0.829094 0.479577
vt 0.826049 0.528673
vt 0.820756 0.528345
vt 0.823801 0.479249
vt 0.834386 0.479906
vt 0.831341 0.529001
vt 0.839161 0.480202
vt 0.836116 0.529297
vt 0.505222 0.548935
vt 0.505222 0.598031
vt 0.501426 0.597796
vt 0.501426 0.548700
vt 0.510006 0.549086
vt 0.510006 0.598182
vt 0.515309 0.549138
vt 0.515309 0.598234
vt 0.520611 0.549086
vt 0.520611 0.598182
vt 0.525395 0.548935
vt 0.525395 0.598031
vt 0.529191 0.548700
vt 0.529191 0.597796
vt 0.860790 0.479906
vt 0.863835 0.529002
vt 0.859061 0.529298
vt 0.856016 0.480202
vt 0.866083 0.479578
vt 0.869128 0.528673
vt 0.871376 0.479250
vt 0.874421 0.528345
vt 0.876150 0.478953
vt 0.879195 0.528049
vt 0.469000 0.552716
vt 0.469000 0.601811
vt 0.465204 0.602046
vt 0.465204 0.552951
vt 0.473784 0.552565
vt 0.473784 0.601661
vt 0.479087 0.552513
vt 0.479087 0.601609
vt 0.484389 0.552565
vt 0.484389 0.601661
vt 0.489173 0.552716
vt 0.489173 0.601811
vt 0.492969 0.552951
vt 0.492969 0.602046
vt 0.815982 0.528049
vt 0.819027 0.478953
vt 0.122018 0.909918
vt 0.122018 0.914853
vt 0.116725 0.914013
vt 0.118247 0.909319
vt 0.158282 0.886067
vt 0.156760 0.881373
vt 0.162052 0.880533
vt 0.162052 0.885468
vt 0.125788 0.909319
vt 0.127310 0.914013
vt 0.167345 0.881373
vt 0.165823 0.886067
vt 0.129189 0.907583
vt 0.132085 0.911576
vt 0.172119 0.883810
vt 0.169224 0.887803
vt 0.131889 0.904879
vt 0.135874 0.907780
vt 0.175909 0.887607
vt 0.171923 0.890508
vt 0.133622 0.901471
vt 0.138306 0.902996
vt 0.178341 0.892390
vt 0.173656 0.893915
vt 0.134219 0.897693
vt 0.139145 0.897693
vt 0.179179 0.897693
vt 0.174254 0.897693
vt 0.133622 0.893916
vt 0.138306 0.892390
vt 0.178341 0.902996
vt 0.173656 0.901471
vt 0.131889 0.890508
vt 0.135874 0.887607
vt 0.175909 0.907779
vt 0.171923 0.904878
vt 0.129189 0.887803
vt 0.132085 0.883810
vt 0.172119 0.911576
vt 0.169224 0.907583
vt 0.125788 0.886067
vt 0.127310 0.881373
vt 0.167345 0.914013
vt 0.165823 0.909319
vt 0.122018 0.885469
vt 0.122018 0.880533
vt 0.162052 0.914853
vt 0.162052 0.909918
vt 0.118247 0.886067
vt 0.116725 0.881373
vt 0.156760 0.914013
vt 0.158282 0.909319
vt 0.114846 0.887803
vt 0.111951 0.883810
vt 0.151985 0.911576
vt 0.154881 0.907583
vt 0.112147 0.890508
vt 0.108162 0.887607
vt 0.148196 0.907779
vt 0.152181 0.904878
vt 0.110414 0.893916
vt 0.105729 0.892390
vt 0.145764 0.902996
vt 0.150448 0.901471
vt 0.109817 0.897693
vt 0.104891 0.897693
vt 0.144925 0.897693
vt 0.149851 0.897693
vt 0.110414 0.901471
vt 0.105729 0.902996
vt 0.145764 0.892390
vt 0.150448 0.893915
vt 0.112147 0.904879
vt 0.108162 0.907780
vt 0.148196 0.887607
vt 0.152181 0.890508
vt 0.114846 0.907583
vt 0.111951 0.911576
vt 0.151985 0.883810
vt 0.154881 0.887803
vt 0.536064 0.887785
vt 0.536064 0.844023
vt 0.539472 0.844131
vt 0.539472 0.887892
vt 0.542176 0.844298
vt 0.542176 0.888060
vt 0.381205 0.046911
vt 0.383919 0.003149
vt 0.387320 0.003360
vt 0.384606 0.047122
vt 0.391090 0.003594
vt 0.388376 0.047356
vt 0.394861 0.003828
vt 0.392146 0.047589
vt 0.398262 0.004039
vt 0.395548 0.047800
vt 0.495707 0.889550
vt 0.495707 0.845789
vt 0.498411 0.845956
vt 0.498411 0.889718
vt 0.501819 0.846064
vt 0.501819 0.889825
vt 0.505597 0.846101
vt 0.505597 0.889862
vt 0.509374 0.846064
vt 0.509374 0.889825
vt 0.512782 0.845956
vt 0.512782 0.889718
vt 0.515487 0.845789
vt 0.515487 0.889550
vt 0.458386 0.869464
vt 0.455672 0.825703
vt 0.459073 0.825492
vt 0.461787 0.869254
vt 0.462843 0.825258
vt 0.465558 0.869020
vt 0.466614 0.825024
vt 0.469328 0.868786
vt 0.470015 0.824814
vt 0.472729 0.868575
vt 0.522397 0.888060
vt 0.522397 0.844298
vt 0.525101 0.844131
vt 0.525101 0.887892
vt 0.528509 0.844023
vt 0.528509 0.887785
vt 0.532287 0.843986
vt 0.532287 0.887748
vt 0.297034 0.946086
vt 0.297034 0.975313
vt 0.293626 0.976699
vt 0.293626 0.947473
vt 0.752337 0.452174
vt 0.723111 0.490930
vt 0.720951 0.489302
vt 0.750178 0.450545
vt 0.718230 0.487250
vt 0.747457 0.448493
vt 0.715214 0.484976
vt 0.744441 0.446219
vt 0.712198 0.482701
vt 0.741425 0.443944
vt 0.709477 0.480649
vt 0.738704 0.441893
vt 0.707318 0.479021
vt 0.736545 0.440264
vt 0.560087 0.272188
vt 0.560087 0.301415
vt 0.556679 0.302801
vt 0.556679 0.273575
vt 0.552901 0.303279
vt 0.552901 0.274052
vt 0.549124 0.302801
vt 0.549124 0.273575
vt 0.545716 0.301415
vt 0.545716 0.272188
vt 0.561066 0.436452
vt 0.590293 0.475208
vt 0.588134 0.476837
vt 0.558907 0.438080
vt 0.585413 0.478889
vt 0.556186 0.440132
vt 0.582397 0.481163
vt 0.553170 0.442406
vt 0.579380 0.483438
vt 0.550154 0.444681
vt 0.576660 0.485489
vt 0.547433 0.446733
vt 0.574500 0.487118
vt 0.545274 0.448361
vt 0.307997 0.947473
vt 0.307997 0.976699
vt 0.304589 0.975313
vt 0.304589 0.946086
vt 0.300812 0.974835
vt 0.300812 0.945609
vt 0.300812 0.955369
vt 0.562791 0.258555
vt 0.552901 0.264292
vt 0.560087 0.256396
vt 0.564528 0.261276
vt 0.565126 0.264292
vt 0.564528 0.267308
vt 0.562791 0.270029
vt 0.543012 0.270029
vt 0.541275 0.267308
vt 0.540677 0.264292
vt 0.541275 0.261276
vt 0.543012 0.258555
vt 0.545716 0.256396
vt 0.505276 0.666007
vt 0.509054 0.675290
vt 0.501868 0.667393
vt 0.499164 0.669552
vt 0.497427 0.672273
vt 0.496829 0.675290
vt 0.497427 0.678306
vt 0.499164 0.681026
vt 0.501868 0.683186
vt 0.505276 0.684572
vt 0.509054 0.685050
vt 0.512831 0.684572
vt 0.516239 0.683186
vt 0.518944 0.681026
vt 0.520680 0.678306
vt 0.521278 0.675290
vt 0.520680 0.672273
vt 0.518944 0.669552
vt 0.516239 0.667393
vt 0.512831 0.666007
vt 0.509054 0.665529
vt 0.624989 0.389826
vt 0.654606 0.429100
vt 0.650372 0.432293
vt 0.620755 0.393018
vt 0.629223 0.386633
vt 0.658840 0.425907
vt 0.633042 0.383753
vt 0.662659 0.423027
vt 0.636073 0.381467
vt 0.665691 0.420741
vt 0.547599 0.306549
vt 0.547599 0.336166
vt 0.542815 0.334220
vt 0.542815 0.304603
vt 0.552901 0.307219
vt 0.552901 0.336836
vt 0.558204 0.306549
vt 0.558204 0.336166
vt 0.562988 0.304603
vt 0.562988 0.334220
vt 0.732341 0.383753
vt 0.702724 0.423027
vt 0.699692 0.420741
vt 0.729310 0.381467
vt 0.736160 0.386633
vt 0.706543 0.425907
vt 0.740394 0.389826
vt 0.710777 0.429100
vt 0.744628 0.393018
vt 0.715011 0.432293
vt 0.748447 0.395898
vt 0.718830 0.435173
vt 0.751478 0.398184
vt 0.721861 0.437459
vt 0.935149 0.423777
vt 0.935149 0.453394
vt 0.930365 0.455340
vt 0.930365 0.425723
vt 0.940451 0.423107
vt 0.940451 0.452724
vt 0.945754 0.423777
vt 0.945754 0.453394
vt 0.950538 0.425723
vt 0.950538 0.455340
vt 0.616936 0.395898
vt 0.646553 0.435173
vt 0.643522 0.437459
vt 0.613905 0.398184
vt 0.540677 0.293518
vt 0.535742 0.293518
vt 0.536581 0.289285
vt 0.541275 0.290502
vt 0.952077 0.463408
vt 0.956771 0.462191
vt 0.957611 0.466424
vt 0.952676 0.466424
vt 0.541275 0.296535
vt 0.536581 0.297752
vt 0.956771 0.470658
vt 0.952077 0.469441
vt 0.543012 0.299255
vt 0.539019 0.301572
vt 0.954334 0.474478
vt 0.950341 0.472161
vt 0.950538 0.477509
vt 0.947637 0.474321
vt 0.545716 0.331032
vt 0.549124 0.332418
vt 0.552901 0.332896
vt 0.556679 0.332418
vt 0.505276 0.710971
vt 0.503751 0.714719
vt 0.498967 0.712773
vt 0.501868 0.709585
vt 0.562791 0.299255
vt 0.566784 0.301572
vt 0.495171 0.709742
vt 0.499164 0.707426
vt 0.564528 0.296535
vt 0.569221 0.297752
vt 0.492734 0.705922
vt 0.497427 0.704705
vt 0.565126 0.293518
vt 0.570061 0.293518
vt 0.491894 0.701689
vt 0.496829 0.701689
vt 0.564528 0.290502
vt 0.569221 0.289285
vt 0.492734 0.697455
vt 0.497427 0.698673
vt 0.562791 0.287781
vt 0.566784 0.285465
vt 0.495171 0.693636
vt 0.499164 0.695952
vt 0.560087 0.285622
vt 0.562988 0.282434
vt 0.498967 0.690604
vt 0.501868 0.693792
vt 0.936674 0.427525
vt 0.933266 0.428911
vt 0.933266 0.458528
vt 0.936674 0.457142
vt 0.300812 0.970895
vt 0.295509 0.971565
vt 0.940451 0.456664
vt 0.306114 0.971565
vt 0.944229 0.457142
vt 0.947637 0.428911
vt 0.944229 0.427525
vt 0.947637 0.458528
vt 0.543012 0.287781
vt 0.539019 0.285465
vt 0.542815 0.282434
vt 0.545716 0.285622
vt 0.954334 0.458371
vt 0.950341 0.460687
vt 0.630587 0.974510
vt 0.630587 0.948111
vt 0.633995 0.949497
vt 0.633995 0.975897
vt 0.653649 0.827298
vt 0.627250 0.792291
vt 0.629409 0.790663
vt 0.655808 0.825670
vt 0.632130 0.788611
vt 0.658529 0.823618
vt 0.635146 0.786336
vt 0.661545 0.821344
vt 0.638162 0.784062
vt 0.664561 0.819069
vt 0.640883 0.782010
vt 0.667282 0.817017
vt 0.643042 0.780382
vt 0.669442 0.815389
vt 0.509054 0.711449
vt 0.512831 0.710971
vt 0.516239 0.709585
vt 0.863641 0.829306
vt 0.890041 0.794299
vt 0.892200 0.795927
vt 0.865801 0.830934
vt 0.894921 0.797979
vt 0.868522 0.832986
vt 0.897937 0.800253
vt 0.871538 0.835261
vt 0.900953 0.802528
vt 0.874554 0.837535
vt 0.903674 0.804580
vt 0.877275 0.839587
vt 0.905833 0.806208
vt 0.879434 0.841215
vt 0.619624 0.975897
vt 0.619624 0.949497
vt 0.623032 0.948111
vt 0.623032 0.974510
vt 0.626809 0.947633
vt 0.626809 0.974032
vt 0.701992 0.712398
vt 0.701992 0.760936
vt 0.698584 0.760958
vt 0.698584 0.712420
vt 0.695880 0.760992
vt 0.695880 0.712455
vt 0.425784 0.108465
vt 0.425169 0.059927
vt 0.428577 0.059884
vt 0.429192 0.108421
vt 0.432354 0.059836
vt 0.432969 0.108374
vt 0.436131 0.059788
vt 0.436747 0.108326
vt 0.439539 0.059745
vt 0.440154 0.108283
vt 0.740443 0.712391
vt 0.740443 0.760928
vt 0.737738 0.760963
vt 0.737738 0.712425
vt 0.734330 0.760985
vt 0.734330 0.712447
vt 0.730553 0.760992
vt 0.730553 0.712455
vt 0.726775 0.760985
vt 0.726775 0.712447
vt 0.723367 0.760963
vt 0.723367 0.712425
vt 0.720663 0.760928
vt 0.720663 0.712391
vt 0.398096 0.052301
vt 0.397481 0.100839
vt 0.394073 0.100796
vt 0.394688 0.052258
vt 0.390296 0.100748
vt 0.390911 0.052210
vt 0.386519 0.100700
vt 0.387134 0.052162
vt 0.383111 0.100657
vt 0.383726 0.052119
vt 0.715659 0.712455
vt 0.715659 0.760992
vt 0.712955 0.760958
vt 0.712955 0.712420
vt 0.709547 0.760936
vt 0.709547 0.712398
vt 0.705770 0.760928
vt 0.705770 0.712391
vt 0.034781 0.962921
vt 0.044671 0.970106
vt 0.033045 0.966329
vt 0.037486 0.960216
vt 0.040893 0.958480
vt 0.044671 0.957882
vt 0.048448 0.958480
vt 0.051855 0.960216
vt 0.054560 0.962921
vt 0.056296 0.966329
vt 0.056894 0.970106
vt 0.056296 0.973884
vt 0.054560 0.977292
vt 0.051855 0.979996
vt 0.048448 0.981733
vt 0.044671 0.982331
vt 0.040893 0.981733
vt 0.037486 0.979996
vt 0.034781 0.977292
vt 0.033045 0.973884
vt 0.032447 0.970106
vt 0.155056 0.973884
vt 0.166681 0.970107
vt 0.156792 0.977292
vt 0.159496 0.979997
vt 0.162904 0.981733
vt 0.166681 0.982331
vt 0.170458 0.981733
vt 0.173866 0.979997
vt 0.176570 0.977292
vt 0.178306 0.973884
vt 0.178905 0.970107
vt 0.178306 0.966329
vt 0.176570 0.962921
vt 0.173866 0.960217
vt 0.170458 0.958481
vt 0.166681 0.957882
vt 0.162904 0.958481
vt 0.159496 0.960217
vt 0.156792 0.962921
vt 0.155056 0.966329
vt 0.154457 0.970107
vt 0.544544 0.562733
vt 0.543921 0.611919
vt 0.538618 0.611852
vt 0.539242 0.562666
vt 0.549846 0.562801
vt 0.549223 0.611987
vt 0.554630 0.562861
vt 0.554006 0.612047
vt 0.610075 0.638672
vt 0.610075 0.687858
vt 0.606279 0.687810
vt 0.606279 0.638624
vt 0.614859 0.638703
vt 0.614859 0.687889
vt 0.620162 0.638714
vt 0.620162 0.687900
vt 0.625465 0.638703
vt 0.625465 0.687889
vt 0.630248 0.638672
vt 0.630248 0.687858
vt 0.634045 0.638624
vt 0.634045 0.687810
vt 0.635635 0.631238
vt 0.635012 0.582052
vt 0.639795 0.581991
vt 0.640419 0.631177
vt 0.630333 0.631305
vt 0.629710 0.582119
vt 0.625031 0.631372
vt 0.624407 0.582186
vt 0.620247 0.631433
vt 0.619624 0.582247
vt 0.772119 0.646216
vt 0.772119 0.695402
vt 0.768322 0.695450
vt 0.768322 0.646264
vt 0.776902 0.646185
vt 0.776902 0.695371
vt 0.782205 0.646174
vt 0.782205 0.695360
vt 0.787508 0.646185
vt 0.787508 0.695371
vt 0.792291 0.646216
vt 0.792291 0.695402
vt 0.796088 0.646264
vt 0.796088 0.695450
vt 0.533835 0.611791
vt 0.534458 0.562606
vt 0.259311 0.909917
vt 0.259311 0.914853
vt 0.254009 0.914013
vt 0.255534 0.909319
vt 0.295569 0.886255
vt 0.294044 0.881561
vt 0.299346 0.880721
vt 0.299346 0.885657
vt 0.263089 0.909319
vt 0.264614 0.914013
vt 0.304648 0.881561
vt 0.303123 0.886255
vt 0.266496 0.907583
vt 0.269397 0.911575
vt 0.309432 0.883999
vt 0.306531 0.887991
vt 0.269200 0.904878
vt 0.273193 0.907779
vt 0.313228 0.887795
vt 0.309235 0.890696
vt 0.270937 0.901470
vt 0.275630 0.902995
vt 0.315665 0.892579
vt 0.310971 0.894104
vt 0.271535 0.897693
vt 0.276470 0.897693
vt 0.316505 0.897881
vt 0.311570 0.897881
vt 0.270937 0.893915
vt 0.275630 0.892390
vt 0.315665 0.903184
vt 0.310971 0.901659
vt 0.269200 0.890507
vt 0.273193 0.887606
vt 0.313228 0.907968
vt 0.309235 0.905067
vt 0.266496 0.887803
vt 0.269397 0.883810
vt 0.309432 0.911764
vt 0.306531 0.907771
vt 0.263089 0.886066
vt 0.264614 0.881373
vt 0.304648 0.914201
vt 0.303123 0.909508
vt 0.259311 0.885468
vt 0.259311 0.880533
vt 0.299346 0.915041
vt 0.299346 0.910106
vt 0.255534 0.886066
vt 0.254009 0.881373
vt 0.294044 0.914201
vt 0.295569 0.909508
vt 0.252126 0.887803
vt 0.249226 0.883810
vt 0.289261 0.911764
vt 0.292161 0.907771
vt 0.249422 0.890507
vt 0.245430 0.887606
vt 0.285465 0.907968
vt 0.289457 0.905067
vt 0.247686 0.893915
vt 0.242993 0.892390
vt 0.283027 0.903184
vt 0.287721 0.901659
vt 0.247088 0.897693
vt 0.242153 0.897693
vt 0.282188 0.897881
vt 0.287123 0.897881
vt 0.247686 0.901470
vt 0.242993 0.902995
vt 0.283027 0.892579
vt 0.287721 0.894104
vt 0.249422 0.904878
vt 0.245430 0.907779
vt 0.285465 0.887795
vt 0.289457 0.890696
vt 0.252126 0.907583
vt 0.249226 0.911575
vt 0.289261 0.883999
vt 0.292161 0.887991
vt 0.802960 0.919608
vt 0.802960 0.875766
vt 0.806368 0.875788
vt 0.806368 0.919630
vt 0.809072 0.875822
vt 0.809072 0.919664
vt 0.547180 0.888983
vt 0.547736 0.845141
vt 0.551143 0.845184
vt 0.550588 0.889026
vt 0.554921 0.845232
vt 0.554365 0.889074
vt 0.558698 0.845280
vt 0.558142 0.889122
vt 0.562106 0.845323
vt 0.561550 0.889165
vt 0.184960 0.921591
vt 0.184960 0.877749
vt 0.187665 0.877784
vt 0.187665 0.921625
vt 0.191072 0.877806
vt 0.191072 0.921648
vt 0.194850 0.877813
vt 0.194850 0.921655
vt 0.198628 0.877806
vt 0.198628 0.921648
vt 0.202036 0.877784
vt 0.202036 0.921625
vt 0.204740 0.877749
vt 0.204740 0.921591
vt 0.782692 0.860394
vt 0.783248 0.904236
vt 0.779840 0.904279
vt 0.779284 0.860437
vt 0.776063 0.904327
vt 0.775507 0.860485
vt 0.772286 0.904375
vt 0.771730 0.860533
vt 0.768878 0.904418
vt 0.768322 0.860576
vt 0.789293 0.919664
vt 0.789293 0.875822
vt 0.791997 0.875788
vt 0.791997 0.919630
vt 0.795405 0.875766
vt 0.795405 0.919608
vt 0.799182 0.875758
vt 0.799182 0.919600
vt 0.684764 0.684946
vt 0.688172 0.685054
vt 0.688172 0.733502
vt 0.684764 0.733395
vt 0.690877 0.685221
vt 0.690877 0.733670
vt 0.519682 0.615747
vt 0.523084 0.615958
vt 0.520079 0.664407
vt 0.516677 0.664196
vt 0.526854 0.616192
vt 0.523849 0.664641
vt 0.530624 0.616426
vt 0.527620 0.664874
vt 0.534025 0.616637
vt 0.531021 0.665086
vt 0.890331 0.684911
vt 0.893035 0.685078
vt 0.893035 0.733526
vt 0.890331 0.733359
vt 0.896443 0.685186
vt 0.896443 0.733634
vt 0.900221 0.685223
vt 0.900221 0.733671
vt 0.903998 0.685186
vt 0.903998 0.733634
vt 0.907406 0.685078
vt 0.907406 0.733526
vt 0.910111 0.684911
vt 0.910111 0.733359
vt 0.537648 0.622356
vt 0.541049 0.622145
vt 0.544054 0.670594
vt 0.540653 0.670805
vt 0.544820 0.621911
vt 0.547824 0.670360
vt 0.548590 0.621677
vt 0.551595 0.670126
vt 0.551991 0.621467
vt 0.554996 0.669915
vt 0.671097 0.685221
vt 0.673801 0.685054
vt 0.673801 0.733502
vt 0.671097 0.733670
vt 0.677209 0.684946
vt 0.677209 0.733395
vt 0.680987 0.684909
vt 0.680987 0.733358
vt 0.835469 0.979011
vt 0.833736 0.975603
vt 0.845340 0.971825
vt 0.838169 0.981715
vt 0.841570 0.983452
vt 0.845340 0.984050
vt 0.849111 0.983452
vt 0.852512 0.981715
vt 0.855211 0.979011
vt 0.856944 0.975603
vt 0.857542 0.971825
vt 0.856944 0.968048
vt 0.855211 0.964640
vt 0.852512 0.961936
vt 0.849111 0.960199
vt 0.845340 0.959601
vt 0.841570 0.960199
vt 0.838169 0.961936
vt 0.835469 0.964640
vt 0.833736 0.968048
vt 0.833139 0.971825
vt 0.902366 0.971859
vt 0.904099 0.968452
vt 0.913970 0.975637
vt 0.906799 0.965747
vt 0.910200 0.964011
vt 0.913970 0.963412
vt 0.917741 0.964011
vt 0.921142 0.965747
vt 0.923841 0.968452
vt 0.925574 0.971859
vt 0.926171 0.975637
vt 0.925574 0.979415
vt 0.923841 0.982823
vt 0.921142 0.985527
vt 0.917741 0.987263
vt 0.913970 0.987862
vt 0.910200 0.987263
vt 0.906799 0.985527
vt 0.904099 0.982823
vt 0.902366 0.979415
vt 0.901769 0.975637
vt 0.957589 0.481483
vt 0.962882 0.481155
vt 0.965927 0.530250
vt 0.960634 0.530578
vt 0.952297 0.481811
vt 0.955342 0.530907
vt 0.947522 0.482107
vt 0.950567 0.531203
vt 0.925738 0.568560
vt 0.929534 0.568326
vt 0.929534 0.617421
vt 0.925738 0.617656
vt 0.920954 0.568711
vt 0.920954 0.617807
vt 0.915652 0.568763
vt 0.915652 0.617859
vt 0.910349 0.568711
vt 0.910349 0.617807
vt 0.905565 0.568560
vt 0.905565 0.617656
vt 0.901769 0.568326
vt 0.901769 0.617421
vt 0.666625 0.487530
vt 0.671399 0.487826
vt 0.668354 0.536922
vt 0.663580 0.536626
vt 0.661332 0.487202
vt 0.658287 0.536298
vt 0.656040 0.486874
vt 0.652995 0.535969
vt 0.651265 0.486578
vt 0.648220 0.535673
vt 0.611184 0.576153
vt 0.614980 0.576388
vt 0.614980 0.625484
vt 0.611184 0.625249
vt 0.606400 0.576002
vt 0.606400 0.625098
vt 0.601098 0.575950
vt 0.601098 0.625046
vt 0.595795 0.576002
vt 0.595795 0.625098
vt 0.591011 0.576153
vt 0.591011 0.625249
vt 0.587215 0.576388
vt 0.587215 0.625484
vt 0.967656 0.480859
vt 0.970701 0.529954
vt 0.339350 0.885657
vt 0.335579 0.886255
vt 0.334057 0.881561
vt 0.339350 0.880721
vt 0.375614 0.909467
vt 0.379384 0.910065
vt 0.379384 0.915001
vt 0.374092 0.914161
vt 0.343120 0.886255
vt 0.344642 0.881561
vt 0.383155 0.909467
vt 0.384677 0.914161
vt 0.346521 0.887991
vt 0.349416 0.883998
vt 0.386556 0.907731
vt 0.389451 0.911723
vt 0.349220 0.890696
vt 0.353205 0.887795
vt 0.389255 0.905026
vt 0.393240 0.907927
vt 0.350953 0.894104
vt 0.355638 0.892578
vt 0.390988 0.901618
vt 0.395673 0.903143
vt 0.351551 0.897881
vt 0.356476 0.897881
vt 0.391585 0.897841
vt 0.396511 0.897841
vt 0.350953 0.901659
vt 0.355638 0.903184
vt 0.390988 0.894063
vt 0.395673 0.892538
vt 0.349220 0.905067
vt 0.353205 0.907967
vt 0.389255 0.890655
vt 0.393240 0.887754
vt 0.346521 0.907771
vt 0.349416 0.911764
vt 0.386556 0.887951
vt 0.389451 0.883958
vt 0.343120 0.909507
vt 0.344642 0.914201
vt 0.383155 0.886214
vt 0.384677 0.881521
vt 0.339350 0.910106
vt 0.339350 0.915041
vt 0.379384 0.885616
vt 0.379384 0.880681
vt 0.335579 0.909507
vt 0.334057 0.914201
vt 0.375614 0.886214
vt 0.374092 0.881521
vt 0.332178 0.907771
vt 0.329282 0.911764
vt 0.372213 0.887951
vt 0.369317 0.883958
vt 0.329479 0.905067
vt 0.325493 0.907967
vt 0.369513 0.890655
vt 0.365528 0.887754
vt 0.327745 0.901659
vt 0.323061 0.903184
vt 0.367780 0.894063
vt 0.363095 0.892538
vt 0.327148 0.897881
vt 0.322222 0.897881
vt 0.367183 0.897841
vt 0.362257 0.897841
vt 0.327745 0.894104
vt 0.323061 0.892578
vt 0.367780 0.901618
vt 0.363096 0.903143
vt 0.329479 0.890696
vt 0.325493 0.887795
vt 0.369513 0.905026
vt 0.365528 0.907927
vt 0.332178 0.887991
vt 0.329282 0.883998
vt 0.372213 0.907731
vt 0.369317 0.911723
vt 0.572357 0.889588
vt 0.568949 0.889695
vt 0.568949 0.845934
vt 0.572357 0.845826
vt 0.566244 0.889863
vt 0.566244 0.846101
vt 0.362040 0.868576
vt 0.358639 0.868787
vt 0.355925 0.825025
vt 0.359326 0.824814
vt 0.354868 0.869021
vt 0.352154 0.825259
vt 0.351098 0.869254
vt 0.348384 0.825493
vt 0.347697 0.869465
vt 0.344983 0.825704
vt 0.894860 0.890909
vt 0.892155 0.891077
vt 0.892155 0.847315
vt 0.894859 0.847148
vt 0.888747 0.891184
vt 0.888747 0.847423
vt 0.884970 0.891221
vt 0.884970 0.847460
vt 0.881192 0.891184
vt 0.881192 0.847423
vt 0.877784 0.891077
vt 0.877784 0.847315
vt 0.875080 0.890909
vt 0.875080 0.847148
vt 0.820793 0.873279
vt 0.817392 0.873068
vt 0.820106 0.829307
vt 0.823507 0.829518
vt 0.813622 0.872835
vt 0.816336 0.829073
vt 0.809851 0.872601
vt 0.812565 0.828839
vt 0.806450 0.872390
vt 0.809164 0.828629
vt 0.586024 0.889863
vt 0.583320 0.889695
vt 0.583320 0.845934
vt 0.586024 0.846101
vt 0.579912 0.889588
vt 0.579912 0.845826
vt 0.576134 0.889551
vt 0.576134 0.845789
vt 0.586739 0.946205
vt 0.590147 0.947591
vt 0.590147 0.976818
vt 0.586739 0.975431
vt 0.650126 0.454080
vt 0.652286 0.452452
vt 0.681512 0.491208
vt 0.679353 0.492837
vt 0.655007 0.450400
vt 0.684233 0.489157
vt 0.658023 0.448125
vt 0.687249 0.486882
vt 0.661039 0.445851
vt 0.690266 0.484608
vt 0.663760 0.443799
vt 0.692986 0.482556
vt 0.665919 0.442171
vt 0.695146 0.480927
vt 0.888867 0.229727
vt 0.892275 0.231113
vt 0.892275 0.260340
vt 0.888867 0.258954
vt 0.896052 0.231591
vt 0.896052 0.260818
vt 0.899830 0.231113
vt 0.899830 0.260340
vt 0.903238 0.229727
vt 0.903238 0.258954
vt 0.810894 0.445983
vt 0.813053 0.447611
vt 0.783826 0.486368
vt 0.781667 0.484739
vt 0.815774 0.449663
vt 0.786547 0.488420
vt 0.818790 0.451937
vt 0.789563 0.490694
vt 0.821806 0.454212
vt 0.792579 0.492969
vt 0.824527 0.456264
vt 0.795300 0.495020
vt 0.826686 0.457892
vt 0.797460 0.496649
vt 0.575776 0.947591
vt 0.579184 0.946205
vt 0.579184 0.975431
vt 0.575776 0.976818
vt 0.582962 0.945727
vt 0.582962 0.974954
vt 0.888867 0.213934
vt 0.892275 0.212548
vt 0.896052 0.221831
vt 0.886162 0.216093
vt 0.884426 0.218814
vt 0.883828 0.221831
vt 0.884426 0.224847
vt 0.886162 0.227568
vt 0.905942 0.227568
vt 0.907679 0.224847
vt 0.908277 0.221831
vt 0.907679 0.218814
vt 0.905942 0.216093
vt 0.903238 0.213934
vt 0.582962 0.955488
vt 0.632494 0.817436
vt 0.635901 0.818823
vt 0.628716 0.826719
vt 0.638606 0.820982
vt 0.640342 0.823703
vt 0.640941 0.826719
vt 0.640342 0.829735
vt 0.638606 0.832456
vt 0.635901 0.834615
vt 0.632494 0.836002
vt 0.628716 0.836479
vt 0.624938 0.836002
vt 0.621530 0.834615
vt 0.111836 0.985024
vt 0.109132 0.982865
vt 0.119022 0.977128
vt 0.107395 0.980144
vt 0.106797 0.977128
vt 0.107395 0.974112
vt 0.109132 0.971391
vt 0.111836 0.969231
vt 0.115244 0.967845
vt 0.624938 0.817436
vt 0.628716 0.816958
vt 0.778521 0.399357
vt 0.782755 0.402550
vt 0.753138 0.441824
vt 0.748904 0.438631
vt 0.774288 0.396164
vt 0.744671 0.435439
vt 0.770468 0.393284
vt 0.740851 0.432559
vt 0.767437 0.390998
vt 0.737820 0.430273
vt 0.901355 0.264088
vt 0.906139 0.262141
vt 0.906139 0.291759
vt 0.901355 0.293705
vt 0.896052 0.264758
vt 0.896052 0.294375
vt 0.890750 0.264088
vt 0.890750 0.293705
vt 0.885966 0.262141
vt 0.885966 0.291759
vt 0.518657 0.399004
vt 0.521688 0.396718
vt 0.551305 0.435993
vt 0.548274 0.438278
vt 0.514838 0.401884
vt 0.544455 0.441158
vt 0.510604 0.405077
vt 0.540221 0.444351
vt 0.506370 0.408269
vt 0.535987 0.447544
vt 0.502551 0.411150
vt 0.532168 0.450424
vt 0.499520 0.413435
vt 0.529137 0.452710
vt 0.855602 0.421872
vt 0.860385 0.423818
vt 0.860385 0.453435
vt 0.855602 0.451489
vt 0.850299 0.421201
vt 0.850299 0.450818
vt 0.844996 0.421872
vt 0.844996 0.451489
vt 0.840213 0.423818
vt 0.840213 0.453435
vt 0.786575 0.405430
vt 0.789606 0.407716
vt 0.759989 0.446990
vt 0.756958 0.444705
vt 0.908277 0.251057
vt 0.907679 0.248041
vt 0.912372 0.246823
vt 0.913212 0.251057
vt 0.838673 0.461503
vt 0.838075 0.464519
vt 0.833139 0.464519
vt 0.833979 0.460285
vt 0.907679 0.254073
vt 0.912372 0.255291
vt 0.838673 0.467535
vt 0.833979 0.468753
vt 0.905942 0.256794
vt 0.909935 0.259110
vt 0.840409 0.470256
vt 0.836416 0.472572
vt 0.843114 0.472416
vt 0.840213 0.475604
vt 0.903238 0.288571
vt 0.899830 0.289957
vt 0.896052 0.290435
vt 0.892275 0.289957
vt 0.888867 0.288571
vt 0.886162 0.256794
vt 0.882170 0.259110
vt 0.857485 0.472416
vt 0.860189 0.470256
vt 0.864182 0.472572
vt 0.860385 0.475604
vt 0.884426 0.254073
vt 0.879732 0.255291
vt 0.861925 0.467535
vt 0.866619 0.468753
vt 0.883828 0.251057
vt 0.878892 0.251057
vt 0.862524 0.464519
vt 0.867459 0.464519
vt 0.884426 0.248041
vt 0.879732 0.246823
vt 0.861925 0.461503
vt 0.866619 0.460285
vt 0.886162 0.245320
vt 0.882170 0.243004
vt 0.860189 0.458782
vt 0.864182 0.456466
vt 0.888867 0.243161
vt 0.885966 0.239973
vt 0.857485 0.456623
vt 0.348730 0.111811
vt 0.350116 0.115219
vt 0.346929 0.118120
vt 0.344983 0.113336
vt 0.854077 0.455236
vt 0.588265 0.971684
vt 0.582962 0.971013
vt 0.850299 0.454759
vt 0.846521 0.425619
vt 0.850299 0.425142
vt 0.846521 0.455236
vt 0.843114 0.427006
vt 0.843114 0.456623
vt 0.905942 0.245320
vt 0.903238 0.243161
vt 0.906139 0.239973
vt 0.909935 0.243004
vt 0.840409 0.458782
vt 0.836416 0.456466
vt 0.348390 0.185255
vt 0.344983 0.186641
vt 0.344983 0.160242
vt 0.348390 0.158855
vt 0.909936 0.848169
vt 0.907777 0.846541
vt 0.934176 0.811534
vt 0.936335 0.813162
vt 0.905056 0.844489
vt 0.931455 0.809482
vt 0.902040 0.842215
vt 0.928439 0.807207
vt 0.899024 0.839940
vt 0.925423 0.804933
vt 0.896303 0.837888
vt 0.922702 0.802881
vt 0.894144 0.836260
vt 0.920543 0.801253
vt 0.635901 0.861014
vt 0.632494 0.862401
vt 0.628716 0.862878
vt 0.624938 0.862401
vt 0.621530 0.861014
vt 0.616062 0.836261
vt 0.613902 0.837889
vt 0.587503 0.802882
vt 0.589663 0.801253
vt 0.611181 0.839941
vt 0.584782 0.804934
vt 0.608165 0.842215
vt 0.581766 0.807208
vt 0.605149 0.844490
vt 0.578750 0.809482
vt 0.602428 0.846542
vt 0.576029 0.811534
vt 0.600269 0.848170
vt 0.573870 0.813163
vt 0.621530 0.845222
vt 0.624938 0.843835
vt 0.621530 0.818823
vt 0.628716 0.843358
vt 0.352168 0.184777
vt 0.352168 0.158378
vt 0.469339 0.716221
vt 0.472747 0.716244
vt 0.472747 0.764781
vt 0.469339 0.764759
vt 0.475452 0.716278
vt 0.475452 0.764815
vt 0.425784 0.004459
vt 0.429192 0.004502
vt 0.428577 0.053040
vt 0.425169 0.052997
vt 0.432969 0.004550
vt 0.432354 0.053088
vt 0.436747 0.004598
vt 0.436131 0.053136
vt 0.440154 0.004641
vt 0.439539 0.053179
vt 0.344983 0.716214
vt 0.347687 0.716249
vt 0.347687 0.764786
vt 0.344983 0.764752
vt 0.351095 0.716271
vt 0.351095 0.764808
vt 0.354873 0.716278
vt 0.354873 0.764816
vt 0.358650 0.716271
vt 0.358650 0.764808
vt 0.362058 0.716249
vt 0.362058 0.764786
vt 0.364763 0.716214
vt 0.364763 0.764752
vt 0.762337 0.707445
vt 0.758929 0.707488
vt 0.758314 0.658951
vt 0.761722 0.658908
vt 0.755152 0.707536
vt 0.754537 0.658999
vt 0.751375 0.707584
vt 0.750760 0.659047
vt 0.747967 0.707627
vt 0.747352 0.659090
vt 0.455672 0.716278
vt 0.458376 0.716244
vt 0.458376 0.764781
vt 0.455672 0.764815
vt 0.461784 0.716221
vt 0.461784 0.764759
vt 0.465562 0.716214
vt 0.465562 0.764752
vt 0.641023 0.980917
vt 0.639286 0.977509
vt 0.650912 0.973731
vt 0.643727 0.983621
vt 0.647135 0.985357
vt 0.650912 0.985956
vt 0.654689 0.985357
vt 0.658097 0.983621
vt 0.660801 0.980917
vt 0.662537 0.977509
vt 0.663135 0.973731
vt 0.662537 0.969953
vt 0.660801 0.966546
vt 0.658097 0.963841
vt 0.654689 0.962105
vt 0.650912 0.961506
vt 0.647135 0.962105
vt 0.643727 0.963841
vt 0.641023 0.966546
vt 0.639286 0.969953
vt 0.638688 0.973731
vt 0.076893 0.971860
vt 0.078629 0.968452
vt 0.088518 0.975637
vt 0.081333 0.965747
vt 0.084741 0.964011
vt 0.088518 0.963413
vt 0.092295 0.964011
vt 0.095703 0.965747
vt 0.098407 0.968452
vt 0.100143 0.971860
vt 0.100742 0.975637
vt 0.100143 0.979415
vt 0.098407 0.982823
vt 0.095703 0.985527
vt 0.092295 0.987264
vt 0.088518 0.987862
vt 0.084741 0.987264
vt 0.081333 0.985527
vt 0.078629 0.982823
vt 0.076893 0.979415
vt 0.076295 0.975637
vt 0.946793 0.644650
vt 0.941491 0.644717
vt 0.940867 0.595531
vt 0.946170 0.595464
vt 0.952095 0.644583
vt 0.951472 0.595397
vt 0.956879 0.644522
vt 0.956255 0.595336
vt 0.845670 0.646222
vt 0.849466 0.646174
vt 0.849466 0.695360
vt 0.845670 0.695408
vt 0.840886 0.646253
vt 0.840886 0.695439
vt 0.835584 0.646264
vt 0.835584 0.695450
vt 0.830281 0.646253
vt 0.830281 0.695439
vt 0.825497 0.646222
vt 0.825497 0.695408
vt 0.821701 0.646174
vt 0.821701 0.695360
vt 0.574630 0.599344
vt 0.579413 0.599405
vt 0.578790 0.648591
vt 0.574006 0.648530
vt 0.569328 0.599277
vt 0.568704 0.648463
vt 0.564025 0.599210
vt 0.563402 0.648396
vt 0.559242 0.599149
vt 0.558619 0.648335
vt 0.879985 0.648122
vt 0.883781 0.648170
vt 0.883781 0.697356
vt 0.879985 0.697308
vt 0.875201 0.648091
vt 0.875201 0.697277
vt 0.869899 0.648081
vt 0.869899 0.697267
vt 0.864596 0.648091
vt 0.864596 0.697277
vt 0.859812 0.648122
vt 0.859812 0.697308
vt 0.856016 0.648170
vt 0.856016 0.697356
vt 0.936707 0.644778
vt 0.936084 0.595592
vt 0.533836 0.899510
vt 0.530059 0.900109
vt 0.528534 0.895415
vt 0.533836 0.894575
vt 0.570093 0.925949
vt 0.573871 0.926547
vt 0.573871 0.931483
vt 0.568568 0.930643
vt 0.537613 0.900109
vt 0.539138 0.895415
vt 0.577648 0.925949
vt 0.579173 0.930643
vt 0.541021 0.901845
vt 0.543921 0.897852
vt 0.581056 0.924213
vt 0.583956 0.928205
vt 0.543725 0.904549
vt 0.547717 0.901649
vt 0.583760 0.921508
vt 0.587752 0.924409
vt 0.545461 0.907957
vt 0.550155 0.906432
vt 0.585496 0.918100
vt 0.590189 0.919625
vt 0.546059 0.911735
vt 0.550994 0.911735
vt 0.586094 0.914323
vt 0.591029 0.914323
vt 0.545461 0.915512
vt 0.550155 0.917037
vt 0.585496 0.910545
vt 0.590189 0.909020
vt 0.543725 0.918920
vt 0.547717 0.921821
vt 0.583760 0.907137
vt 0.587752 0.904236
vt 0.541021 0.921625
vt 0.543921 0.925617
vt 0.581056 0.904433
vt 0.583956 0.900440
vt 0.537613 0.923361
vt 0.539138 0.928055
vt 0.577648 0.902696
vt 0.579173 0.898003
vt 0.533836 0.923959
vt 0.533836 0.928895
vt 0.573871 0.902098
vt 0.573871 0.897163
vt 0.530059 0.923361
vt 0.528534 0.928055
vt 0.570093 0.902696
vt 0.568568 0.898003
vt 0.526651 0.921625
vt 0.523750 0.925617
vt 0.566686 0.904433
vt 0.563785 0.900440
vt 0.523947 0.918920
vt 0.519954 0.921821
vt 0.563982 0.907137
vt 0.559989 0.904236
vt 0.522211 0.915512
vt 0.517517 0.917037
vt 0.562245 0.910545
vt 0.557552 0.909020
vt 0.521612 0.911735
vt 0.516677 0.911735
vt 0.561647 0.914323
vt 0.556712 0.914323
vt 0.522211 0.907957
vt 0.517517 0.906432
vt 0.562245 0.918100
vt 0.557552 0.919625
vt 0.523947 0.904549
vt 0.519954 0.901649
vt 0.563982 0.921508
vt 0.559989 0.924409
vt 0.526651 0.901845
vt 0.523750 0.897852
vt 0.566686 0.924213
vt 0.563785 0.928205
vt 0.461784 0.921598
vt 0.458376 0.921620
vt 0.458376 0.877779
vt 0.461784 0.877756
vt 0.455672 0.921655
vt 0.455672 0.877813
vt 0.223089 0.860574
vt 0.226496 0.860531
vt 0.227052 0.904373
vt 0.223644 0.904416
vt 0.230273 0.860483
vt 0.230829 0.904325
vt 0.234051 0.860435
vt 0.234606 0.904277
vt 0.237458 0.860392
vt 0.238014 0.904234
vt 0.835762 0.920644
vt 0.833057 0.920678
vt 0.833057 0.876837
vt 0.835762 0.876802
vt 0.829649 0.920701
vt 0.829649 0.876859
vt 0.825872 0.920708
vt 0.825872 0.876866
vt 0.822094 0.920701
vt 0.822094 0.876859
vt 0.818686 0.920678
vt 0.818686 0.876837
vt 0.815982 0.920644
vt 0.815982 0.876802
vt 0.729313 0.904417
vt 0.725906 0.904374
vt 0.726461 0.860532
vt 0.729869 0.860575
vt 0.722128 0.904326
vt 0.722684 0.860484
vt 0.718351 0.904278
vt 0.718907 0.860436
vt 0.714944 0.904235
vt 0.715499 0.860393
vt 0.475452 0.921655
vt 0.472747 0.921620
vt 0.472747 0.877779
vt 0.475452 0.877813
vt 0.469339 0.921598
vt 0.469339 0.877756
vt 0.465562 0.921591
vt 0.465562 0.877749
vt 0.420881 0.948110
vt 0.424289 0.949497
vt 0.424289 0.978723
vt 0.420881 0.977337
vt 0.567416 0.491009
vt 0.565257 0.492638
vt 0.536030 0.453881
vt 0.538189 0.452252
vt 0.562536 0.494689
vt 0.533309 0.455933
vt 0.559520 0.496964
vt 0.530293 0.458207
vt 0.556503 0.499238
vt 0.527277 0.460482
vt 0.553783 0.501290
vt 0.524556 0.462534
vt 0.551623 0.502918
vt 0.522397 0.464162
vt 0.505681 0.271668
vt 0.509089 0.273055
vt 0.509089 0.302281
vt 0.505681 0.300895
vt 0.512867 0.273532
vt 0.512867 0.302759
vt 0.516644 0.273055
vt 0.516644 0.302281
vt 0.520052 0.271668
vt 0.520052 0.300895
vt 0.908030 0.508639
vt 0.905870 0.507010
vt 0.935097 0.468254
vt 0.937256 0.469882
vt 0.903150 0.504959
vt 0.932376 0.466202
vt 0.900133 0.502684
vt 0.929360 0.463927
vt 0.897117 0.500410
vt 0.926344 0.461653
vt 0.894396 0.498358
vt 0.923623 0.459601
vt 0.892237 0.496729
vt 0.921464 0.457973
vt 0.409918 0.949497
vt 0.413326 0.948110
vt 0.413326 0.977337
vt 0.409918 0.978723
vt 0.417103 0.947633
vt 0.417103 0.976859
vt 0.505681 0.255876
vt 0.509089 0.254489
vt 0.512867 0.263772
vt 0.502977 0.258035
vt 0.501240 0.260756
vt 0.500642 0.263772
vt 0.501240 0.266788
vt 0.502977 0.269509
vt 0.522756 0.269509
vt 0.524493 0.266788
vt 0.525091 0.263772
vt 0.524493 0.260756
vt 0.522756 0.258035
vt 0.520052 0.255876
vt 0.417103 0.957393
vt 0.680153 0.821478
vt 0.683561 0.822865
vt 0.676376 0.830761
vt 0.686266 0.825024
vt 0.688002 0.827745
vt 0.688600 0.830761
vt 0.688002 0.833777
vt 0.686266 0.836498
vt 0.683561 0.838657
vt 0.680153 0.840044
vt 0.676376 0.840522
vt 0.672598 0.840044
vt 0.669190 0.838657
vt 0.064176 0.986877
vt 0.061471 0.984717
vt 0.071361 0.978980
vt 0.059735 0.981996
vt 0.059137 0.978980
vt 0.059735 0.975964
vt 0.061471 0.973243
vt 0.064176 0.971084
vt 0.067584 0.969697
vt 0.672598 0.821478
vt 0.676376 0.821001
vt 0.583048 0.451977
vt 0.578814 0.448785
vt 0.608431 0.409510
vt 0.612665 0.412703
vt 0.587282 0.455170
vt 0.616899 0.415896
vt 0.591101 0.458050
vt 0.620718 0.418776
vt 0.594132 0.460336
vt 0.623749 0.421062
vt 0.518169 0.306029
vt 0.522953 0.304083
vt 0.522953 0.333700
vt 0.518169 0.335646
vt 0.512867 0.306699
vt 0.512867 0.336316
vt 0.507564 0.306029
vt 0.507564 0.335646
vt 0.502780 0.304083
vt 0.502780 0.333700
vt 0.902009 0.463770
vt 0.898978 0.466056
vt 0.869361 0.426781
vt 0.872392 0.424496
vt 0.905828 0.460890
vt 0.876211 0.421615
vt 0.910062 0.457697
vt 0.880445 0.418423
vt 0.914296 0.454504
vt 0.884679 0.415230
vt 0.918115 0.451624
vt 0.888498 0.412350
vt 0.921146 0.449338
vt 0.891529 0.410064
vt 0.504824 0.435216
vt 0.509608 0.437162
vt 0.509608 0.466779
vt 0.504824 0.464833
vt 0.499522 0.434546
vt 0.499522 0.464163
vt 0.494219 0.435216
vt 0.494219 0.464833
vt 0.489435 0.437162
vt 0.489435 0.466779
vt 0.574995 0.445905
vt 0.571964 0.443619
vt 0.601581 0.404344
vt 0.604612 0.406630
vt 0.525091 0.292998
vt 0.524493 0.289982
vt 0.529187 0.288765
vt 0.530026 0.292998
vt 0.487895 0.474848
vt 0.487297 0.477864
vt 0.482362 0.477864
vt 0.483202 0.473630
vt 0.524493 0.296015
vt 0.529187 0.297232
vt 0.487895 0.480880
vt 0.483202 0.482097
vt 0.522756 0.298735
vt 0.526749 0.301052
vt 0.489632 0.483601
vt 0.485639 0.485917
vt 0.492336 0.485760
vt 0.489435 0.488948
vt 0.520052 0.330512
vt 0.516644 0.331898
vt 0.512867 0.332376
vt 0.509089 0.331898
vt 0.505681 0.330512
vt 0.502977 0.298735
vt 0.498984 0.301052
vt 0.506707 0.485760
vt 0.509412 0.483601
vt 0.513404 0.485917
vt 0.509608 0.488948
vt 0.501240 0.296015
vt 0.496547 0.297232
vt 0.511148 0.480880
vt 0.515842 0.482097
vt 0.500642 0.292998
vt 0.495707 0.292998
vt 0.511746 0.477864
vt 0.516682 0.477864
vt 0.501240 0.289982
vt 0.496547 0.288765
vt 0.511148 0.474848
vt 0.515842 0.473630
vt 0.502977 0.287261
vt 0.498984 0.284945
vt 0.509412 0.472126
vt 0.513404 0.469810
vt 0.505681 0.285102
vt 0.502780 0.281914
vt 0.506707 0.469967
vt 0.348730 0.100373
vt 0.350117 0.103781
vt 0.346929 0.106682
vt 0.344983 0.101898
vt 0.503299 0.468581
vt 0.422406 0.973589
vt 0.417103 0.972919
vt 0.499522 0.468103
vt 0.495744 0.438964
vt 0.499522 0.438486
vt 0.495744 0.468581
vt 0.492336 0.440350
vt 0.492336 0.469967
vt 0.522756 0.287261
vt 0.520052 0.285102
vt 0.522953 0.281914
vt 0.526749 0.284945
vt 0.489632 0.472126
vt 0.485639 0.469810
vt 0.348390 0.150258
vt 0.344983 0.151644
vt 0.344983 0.125245
vt 0.348390 0.123859
vt 0.735623 0.807661
vt 0.737783 0.809289
vt 0.711384 0.844296
vt 0.709224 0.842668
vt 0.740504 0.811341
vt 0.714104 0.846348
vt 0.743520 0.813615
vt 0.717121 0.848623
vt 0.746536 0.815890
vt 0.720137 0.850897
vt 0.749257 0.817942
vt 0.722858 0.852949
vt 0.751416 0.819570
vt 0.725017 0.854577
vt 0.683561 0.865057
vt 0.680153 0.866443
vt 0.676376 0.866921
vt 0.672598 0.866443
vt 0.669190 0.865057
vt 0.760697 0.819572
vt 0.762856 0.817943
vt 0.789255 0.852951
vt 0.787096 0.854579
vt 0.765577 0.815892
vt 0.791976 0.850899
vt 0.768593 0.813617
vt 0.794992 0.848624
vt 0.771609 0.811343
vt 0.798008 0.846350
vt 0.774330 0.809291
vt 0.800729 0.844298
vt 0.776489 0.807662
vt 0.802888 0.842670
vt 0.669190 0.849264
vt 0.672598 0.847878
vt 0.669190 0.822865
vt 0.676376 0.847400
vt 0.352168 0.149780
vt 0.352168 0.123381
vt 0.937585 0.950016
vt 0.937585 0.979243
vt 0.934178 0.980629
vt 0.934178 0.951403
vt 0.720663 0.504363
vt 0.749889 0.465607
vt 0.752048 0.467235
vt 0.722822 0.505992
vt 0.754769 0.469287
vt 0.725543 0.508044
vt 0.757786 0.471562
vt 0.728559 0.510318
vt 0.760802 0.473836
vt 0.731575 0.512593
vt 0.763523 0.475888
vt 0.734296 0.514645
vt 0.765682 0.477516
vt 0.736455 0.516273
vt 0.600122 0.272188
vt 0.600122 0.301415
vt 0.596714 0.302801
vt 0.596714 0.273575
vt 0.592936 0.303279
vt 0.592936 0.274052
vt 0.589159 0.302801
vt 0.589159 0.273575
vt 0.585751 0.301415
vt 0.585751 0.272188
vt 0.622161 0.520086
vt 0.592934 0.481330
vt 0.595094 0.479701
vt 0.624320 0.518458
vt 0.597814 0.477649
vt 0.627041 0.516406
vt 0.600830 0.475375
vt 0.630057 0.514132
vt 0.603847 0.473100
vt 0.633073 0.511857
vt 0.606568 0.471049
vt 0.635794 0.509805
vt 0.608727 0.469420
vt 0.637953 0.508177
vt 0.948548 0.951403
vt 0.948548 0.980629
vt 0.945141 0.979243
vt 0.945141 0.950016
vt 0.941363 0.978765
vt 0.941363 0.949539
vt 0.941363 0.959299
vt 0.602826 0.258555
vt 0.592936 0.264292
vt 0.600122 0.256396
vt 0.604563 0.261276
vt 0.605161 0.264292
vt 0.604563 0.267308
vt 0.602826 0.270029
vt 0.583046 0.270029
vt 0.581310 0.267308
vt 0.580712 0.264292
vt 0.581310 0.261276
vt 0.583046 0.258555
vt 0.585751 0.256396
vt 0.562469 0.673949
vt 0.566246 0.683232
vt 0.559061 0.675336
vt 0.556356 0.677495
vt 0.554620 0.680216
vt 0.554022 0.683232
vt 0.554620 0.686248
vt 0.556357 0.688969
vt 0.559061 0.691128
vt 0.562469 0.692515
vt 0.566246 0.692992
vt 0.570024 0.692515
vt 0.573432 0.691128
vt 0.576136 0.688969
vt 0.577873 0.686248
vt 0.578471 0.683232
vt 0.577873 0.680216
vt 0.576136 0.677495
vt 0.573432 0.675336
vt 0.570024 0.673949
vt 0.566246 0.673471
vt 0.706079 0.461508
vt 0.676462 0.422234
vt 0.680696 0.419041
vt 0.710313 0.458316
vt 0.701845 0.464701
vt 0.672228 0.425427
vt 0.698026 0.467581
vt 0.668409 0.428307
vt 0.694994 0.469867
vt 0.665378 0.430593
vt 0.587634 0.306549
vt 0.587634 0.336166
vt 0.582850 0.334220
vt 0.582850 0.304603
vt 0.592936 0.307219
vt 0.592936 0.336836
vt 0.598239 0.306549
vt 0.598239 0.336166
vt 0.603023 0.304603
vt 0.603023 0.334220
vt 0.777928 0.473000
vt 0.807545 0.433726
vt 0.810576 0.436011
vt 0.780959 0.475286
vt 0.774109 0.470120
vt 0.803725 0.430845
vt 0.769875 0.466927
vt 0.799492 0.427653
vt 0.765641 0.463734
vt 0.795258 0.424460
vt 0.761821 0.460854
vt 0.791439 0.421580
vt 0.758790 0.458568
vt 0.788407 0.419294
vt 0.622501 0.439029
vt 0.622501 0.468646
vt 0.617718 0.470592
vt 0.617718 0.440975
vt 0.627804 0.438358
vt 0.627804 0.467975
vt 0.633107 0.439029
vt 0.633107 0.468646
vt 0.637890 0.440975
vt 0.637890 0.470592
vt 0.714132 0.455435
vt 0.684515 0.416161
vt 0.687546 0.413875
vt 0.717163 0.453150
vt 0.580712 0.293518
vt 0.575776 0.293518
vt 0.576616 0.289285
vt 0.581310 0.290502
vt 0.639430 0.478660
vt 0.644124 0.477442
vt 0.644964 0.481676
vt 0.640029 0.481676
vt 0.581310 0.296535
vt 0.576616 0.297752
vt 0.644124 0.485910
vt 0.639430 0.484692
vt 0.583046 0.299255
vt 0.579054 0.301572
vt 0.641687 0.489729
vt 0.637694 0.487413
vt 0.637890 0.492760
vt 0.634989 0.489573
vt 0.585751 0.331032
vt 0.589159 0.332418
vt 0.592936 0.332896
vt 0.596714 0.332418
vt 0.562469 0.718914
vt 0.560944 0.722661
vt 0.556160 0.720715
vt 0.559061 0.717527
vt 0.602826 0.299255
vt 0.606819 0.301572
vt 0.552364 0.717684
vt 0.556356 0.715368
vt 0.604563 0.296535
vt 0.609256 0.297752
vt 0.549926 0.713865
vt 0.554620 0.712647
vt 0.605161 0.293518
vt 0.610096 0.293518
vt 0.549087 0.709631
vt 0.554022 0.709631
vt 0.604563 0.290502
vt 0.609256 0.289285
vt 0.549926 0.705397
vt 0.554620 0.706615
vt 0.602826 0.287781
vt 0.606819 0.285465
vt 0.552364 0.701578
vt 0.556356 0.703894
vt 0.600122 0.285622
vt 0.603023 0.282434
vt 0.556160 0.698546
vt 0.559061 0.701734
vt 0.624026 0.442777
vt 0.620619 0.444163
vt 0.620619 0.473780
vt 0.624026 0.472394
vt 0.941363 0.974825
vt 0.936060 0.975495
vt 0.627804 0.471916
vt 0.946666 0.975495
vt 0.631582 0.472394
vt 0.634989 0.444163
vt 0.631582 0.442777
vt 0.634989 0.473780
vt 0.583046 0.287781
vt 0.579054 0.285465
vt 0.582850 0.282434
vt 0.585751 0.285622
vt 0.641687 0.473623
vt 0.637694 0.475939
vt 0.966111 0.977642
vt 0.966111 0.951243
vt 0.969519 0.952629
vt 0.969519 0.979028
vt 0.837494 0.807662
vt 0.863893 0.842670
vt 0.861733 0.844298
vt 0.835334 0.809291
vt 0.859013 0.846350
vt 0.832613 0.811343
vt 0.855996 0.848624
vt 0.829597 0.813617
vt 0.852980 0.850899
vt 0.826581 0.815892
vt 0.850259 0.852951
vt 0.823860 0.817943
vt 0.848100 0.854579
vt 0.821701 0.819572
vt 0.566246 0.719391
vt 0.570024 0.718914
vt 0.573432 0.717527
vt 0.961118 0.825055
vt 0.934719 0.860062
vt 0.932560 0.858434
vt 0.958959 0.823427
vt 0.929839 0.856382
vt 0.956238 0.821375
vt 0.926823 0.854107
vt 0.953222 0.819100
vt 0.923807 0.851833
vt 0.950206 0.816826
vt 0.921086 0.849781
vt 0.947485 0.814774
vt 0.918927 0.848153
vt 0.945326 0.813146
vt 0.955148 0.979028
vt 0.955148 0.952629
vt 0.958556 0.951243
vt 0.958556 0.977642
vt 0.962333 0.950765
vt 0.962333 0.977164
vt 0.633656 0.254489
vt 0.638105 0.254489
vt 0.638105 0.314843
vt 0.633656 0.314843
vt 0.641636 0.254489
vt 0.641636 0.314843
vt 0.478248 0.076541
vt 0.473798 0.076541
vt 0.473798 0.016187
vt 0.478248 0.016187
vt 0.468866 0.076541
vt 0.468866 0.016187
vt 0.463934 0.076541
vt 0.463934 0.016187
vt 0.459485 0.076541
vt 0.459485 0.016187
vt 0.650126 0.253747
vt 0.653658 0.253747
vt 0.653658 0.314101
vt 0.650126 0.314101
vt 0.658107 0.253747
vt 0.658107 0.314101
vt 0.663039 0.253747
vt 0.663039 0.314101
vt 0.667971 0.253747
vt 0.667971 0.314101
vt 0.672421 0.253747
vt 0.672421 0.314101
vt 0.675952 0.253747
vt 0.675952 0.314101
vt 0.690161 0.253747
vt 0.694610 0.253747
vt 0.694610 0.314101
vt 0.690161 0.314101
vt 0.699542 0.253747
vt 0.699542 0.314101
vt 0.704474 0.253747
vt 0.704474 0.314101
vt 0.708924 0.253747
vt 0.708924 0.314101
vt 0.615811 0.254489
vt 0.619342 0.254489
vt 0.619342 0.314843
vt 0.615811 0.314843
vt 0.623792 0.254489
vt 0.623792 0.314843
vt 0.628724 0.254489
vt 0.628724 0.314843
vt 0.369118 0.924683
vt 0.370532 0.927459
vt 0.361060 0.930537
vt 0.366914 0.922479
vt 0.364138 0.921065
vt 0.361060 0.920577
vt 0.357983 0.921065
vt 0.355206 0.922479
vt 0.353003 0.924683
vt 0.351588 0.927459
vt 0.351101 0.930537
vt 0.351588 0.933614
vt 0.353003 0.936391
vt 0.355206 0.938594
vt 0.357983 0.940009
vt 0.361060 0.940496
vt 0.364138 0.940009
vt 0.366914 0.938594
vt 0.369118 0.936391
vt 0.370532 0.933614
vt 0.371020 0.930537
vt 0.288556 0.933614
vt 0.287142 0.936391
vt 0.279084 0.930537
vt 0.284938 0.938594
vt 0.282162 0.940009
vt 0.279084 0.940496
vt 0.276006 0.940009
vt 0.273230 0.938594
vt 0.271027 0.936391
vt 0.269612 0.933614
vt 0.269125 0.930537
vt 0.269612 0.927459
vt 0.271027 0.924683
vt 0.273230 0.922479
vt 0.276006 0.921065
vt 0.279084 0.920577
vt 0.282162 0.921065
vt 0.284938 0.922479
vt 0.287142 0.924683
vt 0.288556 0.927459
vt 0.289044 0.930537
vt 0.484905 0.494946
vt 0.489837 0.494946
vt 0.489837 0.544871
vt 0.484905 0.544871
vt 0.480455 0.494946
vt 0.480455 0.544871
vt 0.556129 0.507407
vt 0.559660 0.507407
vt 0.559660 0.557332
vt 0.556129 0.557332
vt 0.551680 0.507407
vt 0.551680 0.557332
vt 0.546748 0.507407
vt 0.546748 0.557332
vt 0.541816 0.507407
vt 0.541816 0.557332
vt 0.537366 0.507407
vt 0.537366 0.557332
vt 0.533835 0.507407
vt 0.533835 0.557332
vt 0.927189 0.547801
vt 0.922739 0.547801
vt 0.922739 0.497875
vt 0.927189 0.497875
vt 0.932121 0.547801
vt 0.932121 0.497875
vt 0.937053 0.547801
vt 0.937053 0.497875
vt 0.941502 0.547801
vt 0.941502 0.497875
vt 0.906906 0.512607
vt 0.910437 0.512607
vt 0.910437 0.562532
vt 0.906906 0.562532
vt 0.902456 0.512607
vt 0.902456 0.562532
vt 0.897524 0.512607
vt 0.897524 0.562532
vt 0.892592 0.512607
vt 0.892592 0.562532
vt 0.888143 0.512607
vt 0.888143 0.562532
vt 0.884612 0.512607
vt 0.884612 0.562532
vt 0.494769 0.494946
vt 0.499218 0.494946
vt 0.499218 0.544871
vt 0.494769 0.544871
vt 0.488216 0.003899
vt 0.491294 0.003899
vt 0.491294 0.249034
vt 0.488216 0.249034
vt 0.485138 0.003899
vt 0.485138 0.249034
vt 0.482362 0.003899
vt 0.482362 0.249034
vt 0.513431 0.003899
vt 0.515634 0.003899
vt 0.515634 0.249034
vt 0.513431 0.249034
vt 0.510655 0.003899
vt 0.510655 0.249034
vt 0.507577 0.003899
vt 0.507577 0.249034
vt 0.504499 0.003899
vt 0.504499 0.249034
vt 0.501723 0.003899
vt 0.501723 0.249034
vt 0.499520 0.003899
vt 0.499520 0.249034
vt 0.523267 0.249034
vt 0.520490 0.249034
vt 0.520490 0.003899
vt 0.523267 0.003899
vt 0.526344 0.249034
vt 0.526344 0.003899
vt 0.529422 0.249034
vt 0.529422 0.003899
vt 0.532198 0.249034
vt 0.532198 0.003899
vt 0.551560 0.003899
vt 0.553763 0.003899
vt 0.553763 0.249034
vt 0.551560 0.249034
vt 0.548783 0.003899
vt 0.548783 0.249034
vt 0.545705 0.003899
vt 0.545705 0.249034
vt 0.542628 0.003899
vt 0.542628 0.249034
vt 0.539851 0.003899
vt 0.539851 0.249034
vt 0.537648 0.003899
vt 0.537648 0.249034
vt 0.494070 0.003899
vt 0.494070 0.249034
vt 0.665227 0.740768
vt 0.670159 0.740768
vt 0.670159 0.787697
vt 0.665227 0.787697
vt 0.660295 0.740768
vt 0.660295 0.787697
vt 0.655846 0.740768
vt 0.655846 0.787697
vt 0.904999 0.740769
vt 0.908530 0.740769
vt 0.908530 0.787698
vt 0.904999 0.787698
vt 0.900550 0.740769
vt 0.900550 0.787698
vt 0.895618 0.740769
vt 0.895618 0.787698
vt 0.890686 0.740769
vt 0.890686 0.787698
vt 0.886236 0.740769
vt 0.886236 0.787698
vt 0.882705 0.740769
vt 0.882705 0.787698
vt 0.919563 0.791510
vt 0.915114 0.791510
vt 0.915114 0.744581
vt 0.919563 0.744581
vt 0.924495 0.791510
vt 0.924495 0.744581
vt 0.929427 0.791510
vt 0.929427 0.744581
vt 0.933877 0.791510
vt 0.933877 0.744581
vt 0.596164 0.748393
vt 0.599695 0.748393
vt 0.599695 0.795323
vt 0.596164 0.795323
vt 0.591715 0.748393
vt 0.591715 0.795323
vt 0.586783 0.748393
vt 0.586783 0.795323
vt 0.581850 0.748393
vt 0.581850 0.795323
vt 0.577401 0.748393
vt 0.577401 0.795323
vt 0.573870 0.748393
vt 0.573870 0.795323
vt 0.674609 0.740768
vt 0.674609 0.787697
vt 0.797788 0.001992
vt 0.800866 0.001992
vt 0.800866 0.205929
vt 0.797788 0.205929
vt 0.795012 0.001992
vt 0.795012 0.205929
vt 0.827987 0.001992
vt 0.830190 0.001992
vt 0.830190 0.205929
vt 0.827987 0.205929
vt 0.825211 0.001992
vt 0.825211 0.205929
vt 0.822133 0.001992
vt 0.822133 0.205929
vt 0.819055 0.001992
vt 0.819055 0.205929
vt 0.816279 0.001992
vt 0.816279 0.205929
vt 0.814075 0.001992
vt 0.814075 0.205929
vt 0.839728 0.205929
vt 0.836952 0.205929
vt 0.836952 0.001992
vt 0.839728 0.001992
vt 0.842806 0.205929
vt 0.842806 0.001992
vt 0.845884 0.205929
vt 0.845884 0.001992
vt 0.848660 0.205929
vt 0.848660 0.001992
vt 0.869927 0.001992
vt 0.872131 0.001992
vt 0.872131 0.205929
vt 0.869927 0.205929
vt 0.867151 0.001992
vt 0.867151 0.205929
vt 0.864073 0.001992
vt 0.864073 0.205929
vt 0.860996 0.001992
vt 0.860996 0.205929
vt 0.858219 0.001992
vt 0.858219 0.205929
vt 0.856016 0.001992
vt 0.856016 0.205929
vt 0.803943 0.001992
vt 0.806720 0.001992
vt 0.806720 0.205929
vt 0.803943 0.205929
vt 0.373973 0.921155
vt 0.376240 0.925605
vt 0.151786 0.936391
vt 0.153201 0.933614
vt 0.158908 0.935469
vt 0.156641 0.939918
vt 0.370442 0.917624
vt 0.149583 0.938594
vt 0.153110 0.943449
vt 0.365992 0.915357
vt 0.146806 0.940009
vt 0.148661 0.945716
vt 0.361060 0.914576
vt 0.143728 0.940496
vt 0.143728 0.946498
vt 0.356128 0.915357
vt 0.140651 0.940009
vt 0.138796 0.945716
vt 0.351679 0.917624
vt 0.137874 0.938594
vt 0.134347 0.943449
vt 0.348148 0.921155
vt 0.135671 0.936391
vt 0.130816 0.939918
vt 0.345881 0.925605
vt 0.134256 0.933614
vt 0.128549 0.935469
vt 0.345099 0.930537
vt 0.133769 0.930537
vt 0.127768 0.930537
vt 0.345881 0.935469
vt 0.134256 0.927459
vt 0.128549 0.925604
vt 0.348148 0.939918
vt 0.135671 0.924683
vt 0.130816 0.921155
vt 0.351679 0.943449
vt 0.137874 0.922479
vt 0.134347 0.917624
vt 0.356128 0.945716
vt 0.140651 0.921065
vt 0.138796 0.915357
vt 0.361060 0.946498
vt 0.143728 0.920577
vt 0.143728 0.914576
vt 0.365992 0.945716
vt 0.146806 0.921065
vt 0.148661 0.915357
vt 0.370442 0.943449
vt 0.149583 0.922479
vt 0.153110 0.917624
vt 0.373973 0.939918
vt 0.151786 0.924683
vt 0.156641 0.921155
vt 0.376240 0.935469
vt 0.153201 0.927459
vt 0.158908 0.925604
vt 0.377021 0.930537
vt 0.153688 0.930537
vt 0.159689 0.930537
vt 0.316041 0.939320
vt 0.319119 0.939808
vt 0.319119 0.945809
vt 0.314187 0.945028
vt 0.274152 0.915357
vt 0.279084 0.914576
vt 0.313265 0.937906
vt 0.309738 0.942761
vt 0.269703 0.917624
vt 0.311062 0.935702
vt 0.306206 0.939230
vt 0.266172 0.921155
vt 0.309647 0.932926
vt 0.303939 0.934780
vt 0.263904 0.925604
vt 0.309159 0.929848
vt 0.303158 0.929848
vt 0.263123 0.930537
vt 0.309647 0.926770
vt 0.303939 0.924916
vt 0.263904 0.935469
vt 0.311062 0.923994
vt 0.306206 0.920466
vt 0.266172 0.939918
vt 0.313265 0.921791
vt 0.309738 0.916935
vt 0.269703 0.943449
vt 0.316041 0.920376
vt 0.314187 0.914668
vt 0.274152 0.945716
vt 0.319119 0.919888
vt 0.319119 0.913887
vt 0.279084 0.946498
vt 0.322197 0.920376
vt 0.324051 0.914668
vt 0.284016 0.945716
vt 0.324973 0.921791
vt 0.328501 0.916935
vt 0.288466 0.943449
vt 0.327176 0.923994
vt 0.332032 0.920466
vt 0.291997 0.939918
vt 0.328591 0.926770
vt 0.334299 0.924916
vt 0.294264 0.935469
vt 0.329079 0.929848
vt 0.335080 0.929848
vt 0.295045 0.930537
vt 0.328591 0.932926
vt 0.334299 0.934780
vt 0.294264 0.925604
vt 0.327176 0.935702
vt 0.332032 0.939230
vt 0.291997 0.921155
vt 0.324973 0.937906
vt 0.328501 0.942761
vt 0.288466 0.917624
vt 0.322197 0.939320
vt 0.324051 0.945028
vt 0.284016 0.915357
vt 0.606989 0.944291
vt 0.610066 0.943803
vt 0.611921 0.949511
vt 0.606989 0.950292
vt 0.918901 0.930007
vt 0.915823 0.929519
vt 0.915823 0.923518
vt 0.920756 0.924299
vt 0.603911 0.943803
vt 0.602056 0.949511
vt 0.912746 0.930007
vt 0.910891 0.924299
vt 0.601134 0.942389
vt 0.597607 0.947244
vt 0.909969 0.931422
vt 0.906442 0.926566
vt 0.598931 0.940185
vt 0.594076 0.943713
vt 0.907766 0.933625
vt 0.902911 0.930097
vt 0.597516 0.937409
vt 0.591809 0.939263
vt 0.906351 0.936401
vt 0.900644 0.934547
vt 0.597029 0.934331
vt 0.591028 0.934331
vt 0.905864 0.939479
vt 0.899863 0.939479
vt 0.597516 0.931253
vt 0.591809 0.929399
vt 0.906351 0.942557
vt 0.900644 0.944411
vt 0.598931 0.928477
vt 0.594076 0.924950
vt 0.907766 0.945333
vt 0.902911 0.948861
vt 0.601134 0.926274
vt 0.597607 0.921418
vt 0.909969 0.947536
vt 0.906442 0.952392
vt 0.603911 0.924859
vt 0.602056 0.919151
vt 0.912746 0.948951
vt 0.910891 0.954659
vt 0.606989 0.924371
vt 0.606989 0.918370
vt 0.915823 0.949439
vt 0.915823 0.955440
vt 0.610066 0.924859
vt 0.611921 0.919151
vt 0.918901 0.948951
vt 0.920756 0.954659
vt 0.612843 0.926274
vt 0.616370 0.921418
vt 0.921678 0.947536
vt 0.925205 0.952392
vt 0.615046 0.928477
vt 0.619901 0.924950
vt 0.923881 0.945333
vt 0.928736 0.948861
vt 0.616461 0.931253
vt 0.622168 0.929399
vt 0.925296 0.942557
vt 0.931003 0.944411
vt 0.616948 0.934331
vt 0.622949 0.934331
vt 0.925783 0.939479
vt 0.931784 0.939479
vt 0.616461 0.937409
vt 0.622168 0.939263
vt 0.925296 0.936401
vt 0.931003 0.934547
vt 0.615046 0.940185
vt 0.619901 0.943713
vt 0.923881 0.933625
vt 0.928736 0.930097
vt 0.612843 0.942389
vt 0.616370 0.947244
vt 0.921678 0.931422
vt 0.925205 0.926566
vt 0.721018 0.253747
vt 0.721018 0.314101
vt 0.716568 0.314101
vt 0.716568 0.253747
vt 0.713037 0.314101
vt 0.713037 0.253747
vt 0.771834 0.253747
vt 0.771834 0.314101
vt 0.767385 0.314101
vt 0.767385 0.253747
vt 0.762453 0.314101
vt 0.762453 0.253747
vt 0.757520 0.314101
vt 0.757520 0.253747
vt 0.753071 0.314101
vt 0.753071 0.253747
vt 0.904718 0.295688
vt 0.904718 0.356042
vt 0.901186 0.356042
vt 0.901186 0.295688
vt 0.896737 0.356042
vt 0.896737 0.295688
vt 0.891805 0.356042
vt 0.891805 0.295688
vt 0.886873 0.356042
vt 0.886873 0.295688
vt 0.882423 0.356042
vt 0.882423 0.295688
vt 0.878892 0.356042
vt 0.878892 0.295688
vt 0.608186 0.380826
vt 0.608186 0.320471
vt 0.612635 0.320471
vt 0.612635 0.380826
vt 0.617567 0.320471
vt 0.617567 0.380826
vt 0.622499 0.320471
vt 0.622499 0.380826
vt 0.626949 0.320471
vt 0.626949 0.380826
vt 0.738862 0.253747
vt 0.738862 0.314101
vt 0.735331 0.314101
vt 0.735331 0.253747
vt 0.730882 0.314101
vt 0.730882 0.253747
vt 0.725950 0.314101
vt 0.725950 0.253747
vt 0.859064 0.943441
vt 0.851007 0.937587
vt 0.860479 0.940665
vt 0.856861 0.945644
vt 0.854084 0.947059
vt 0.851007 0.947546
vt 0.847929 0.947059
vt 0.845152 0.945644
vt 0.842949 0.943441
vt 0.841534 0.940665
vt 0.841047 0.937587
vt 0.841534 0.934509
vt 0.842949 0.931733
vt 0.845152 0.929529
vt 0.847929 0.928115
vt 0.851007 0.927627
vt 0.854084 0.928115
vt 0.856861 0.929529
vt 0.859064 0.931733
vt 0.860479 0.934509
vt 0.860966 0.937587
vt 0.454415 0.936415
vt 0.444943 0.939492
vt 0.453000 0.933638
vt 0.450797 0.931435
vt 0.448020 0.930020
vt 0.444943 0.929533
vt 0.441865 0.930020
vt 0.439089 0.931435
vt 0.436885 0.933638
vt 0.435471 0.936415
vt 0.434983 0.939492
vt 0.435471 0.942570
vt 0.436885 0.945346
vt 0.439089 0.947550
vt 0.441865 0.948964
vt 0.444943 0.949452
vt 0.448020 0.948964
vt 0.450797 0.947550
vt 0.453000 0.945346
vt 0.454415 0.942570
vt 0.454902 0.939492
vt 0.793742 0.552998
vt 0.793742 0.503073
vt 0.798674 0.503073
vt 0.798674 0.552998
vt 0.789292 0.552998
vt 0.789292 0.503073
vt 0.722287 0.520231
vt 0.722287 0.570157
vt 0.718756 0.570157
vt 0.718756 0.520231
vt 0.726737 0.520231
vt 0.726737 0.570157
vt 0.731669 0.520231
vt 0.731669 0.570157
vt 0.736601 0.520231
vt 0.736601 0.570157
vt 0.741050 0.520231
vt 0.741050 0.570157
vt 0.744582 0.520231
vt 0.744582 0.570157
vt 0.601196 0.518995
vt 0.601196 0.568921
vt 0.596747 0.568921
vt 0.596747 0.518995
vt 0.606129 0.518995
vt 0.606129 0.568921
vt 0.611061 0.518995
vt 0.611061 0.568921
vt 0.615510 0.518995
vt 0.615510 0.568921
vt 0.817607 0.533677
vt 0.817607 0.583602
vt 0.814075 0.583602
vt 0.814075 0.533677
vt 0.822056 0.533677
vt 0.822056 0.583602
vt 0.826988 0.533677
vt 0.826988 0.583602
vt 0.831920 0.533677
vt 0.831920 0.583602
vt 0.836370 0.533677
vt 0.836370 0.583602
vt 0.839901 0.533677
vt 0.839901 0.583602
vt 0.803606 0.552998
vt 0.803606 0.503073
vt 0.808056 0.503073
vt 0.808056 0.552998
vt 0.564473 0.249034
vt 0.564473 0.003899
vt 0.567550 0.003899
vt 0.567550 0.249034
vt 0.561395 0.249034
vt 0.561395 0.003899
vt 0.558619 0.249034
vt 0.558619 0.003899
vt 0.577980 0.003899
vt 0.577980 0.249034
vt 0.575776 0.249034
vt 0.575776 0.003899
vt 0.580756 0.003899
vt 0.580756 0.249034
vt 0.583834 0.003899
vt 0.583834 0.249034
vt 0.586912 0.003899
vt 0.586912 0.249034
vt 0.589688 0.003899
vt 0.589688 0.249034
vt 0.591891 0.003899
vt 0.591891 0.249034
vt 0.599523 0.003899
vt 0.599523 0.249034
vt 0.596747 0.249034
vt 0.596747 0.003899
vt 0.602601 0.003899
vt 0.602601 0.249034
vt 0.605679 0.003899
vt 0.605679 0.249034
vt 0.608455 0.003899
vt 0.608455 0.249034
vt 0.616108 0.003899
vt 0.616108 0.249034
vt 0.613905 0.249034
vt 0.613905 0.003899
vt 0.618884 0.003899
vt 0.618884 0.249034
vt 0.621962 0.003899
vt 0.621962 0.249034
vt 0.625040 0.003899
vt 0.625040 0.249034
vt 0.627816 0.003899
vt 0.627816 0.249034
vt 0.630020 0.003899
vt 0.630020 0.249034
vt 0.570327 0.003899
vt 0.570327 0.249034
vt 0.613754 0.799136
vt 0.613754 0.752206
vt 0.618686 0.752206
vt 0.618686 0.799136
vt 0.608822 0.799136
vt 0.608822 0.752206
vt 0.604373 0.799136
vt 0.604373 0.752206
vt 0.750883 0.756020
vt 0.750883 0.802950
vt 0.747352 0.802950
vt 0.747352 0.756020
vt 0.755332 0.756020
vt 0.755332 0.802950
vt 0.760265 0.756020
vt 0.760265 0.802950
vt 0.765197 0.756020
vt 0.765197 0.802950
vt 0.769646 0.756020
vt 0.769646 0.802950
vt 0.773177 0.756020
vt 0.773177 0.802950
vt 0.789929 0.755460
vt 0.789929 0.802389
vt 0.785480 0.802389
vt 0.785480 0.755460
vt 0.794861 0.755460
vt 0.794861 0.802389
vt 0.799793 0.755460
vt 0.799793 0.802389
vt 0.804243 0.755460
vt 0.804243 0.802389
vt 0.943428 0.759143
vt 0.943428 0.806072
vt 0.939897 0.806072
vt 0.939897 0.759143
vt 0.947877 0.759143
vt 0.947877 0.806072
vt 0.952809 0.759143
vt 0.952809 0.806072
vt 0.957741 0.759143
vt 0.957741 0.806072
vt 0.962191 0.759143
vt 0.962191 0.806072
vt 0.965722 0.759143
vt 0.965722 0.806072
vt 0.623136 0.752206
vt 0.623136 0.799136
vt 0.881669 0.205929
vt 0.881669 0.001992
vt 0.884747 0.001992
vt 0.884747 0.205929
vt 0.878892 0.205929
vt 0.878892 0.001992
vt 0.900160 0.001992
vt 0.900160 0.205929
vt 0.897956 0.205929
vt 0.897956 0.001992
vt 0.902936 0.001992
vt 0.902936 0.205929
vt 0.906014 0.001992
vt 0.906014 0.205929
vt 0.909091 0.001992
vt 0.909091 0.205929
vt 0.911868 0.001992
vt 0.911868 0.205929
vt 0.914071 0.001992
vt 0.914071 0.205929
vt 0.923609 0.001992
vt 0.923609 0.205929
vt 0.920833 0.205929
vt 0.920833 0.001992
vt 0.926687 0.001992
vt 0.926687 0.205929
vt 0.929765 0.001992
vt 0.929765 0.205929
vt 0.932541 0.001992
vt 0.932541 0.205929
vt 0.942100 0.001992
vt 0.942100 0.205929
vt 0.939897 0.205929
vt 0.939897 0.001992
vt 0.944876 0.001992
vt 0.944876 0.205929
vt 0.947954 0.001992
vt 0.947954 0.205929
vt 0.951032 0.001992
vt 0.951032 0.205929
vt 0.953808 0.001992
vt 0.953808 0.205929
vt 0.956012 0.001992
vt 0.956012 0.205929
vt 0.887824 0.205929
vt 0.887824 0.001992
vt 0.890601 0.001992
vt 0.890601 0.205929
vt 0.866186 0.942519
vt 0.863919 0.946968
vt 0.188008 0.934051
vt 0.192863 0.930523
vt 0.195130 0.934973
vt 0.189422 0.936827
vt 0.860388 0.950500
vt 0.185804 0.931847
vt 0.189332 0.926992
vt 0.855939 0.952767
vt 0.183028 0.930433
vt 0.184882 0.924725
vt 0.851007 0.953548
vt 0.179950 0.929945
vt 0.179950 0.923944
vt 0.846074 0.952767
vt 0.176873 0.930433
vt 0.175018 0.924725
vt 0.841625 0.950500
vt 0.174096 0.931847
vt 0.170569 0.926992
vt 0.838094 0.946968
vt 0.171893 0.934051
vt 0.167038 0.930523
vt 0.835827 0.942519
vt 0.170478 0.936827
vt 0.164771 0.934973
vt 0.835046 0.937587
vt 0.169991 0.939905
vt 0.163989 0.939905
vt 0.835827 0.932655
vt 0.170478 0.942983
vt 0.164771 0.944837
vt 0.838094 0.928205
vt 0.171893 0.945759
vt 0.167038 0.949286
vt 0.841625 0.924674
vt 0.174096 0.947962
vt 0.170569 0.952817
vt 0.846074 0.922407
vt 0.176873 0.949377
vt 0.175018 0.955085
vt 0.851007 0.921626
vt 0.179950 0.949865
vt 0.179950 0.955866
vt 0.855939 0.922407
vt 0.183028 0.949377
vt 0.184882 0.955085
vt 0.860388 0.924674
vt 0.185804 0.947962
vt 0.189332 0.952817
vt 0.863919 0.928205
vt 0.188008 0.945759
vt 0.192863 0.949286
vt 0.866186 0.932655
vt 0.189422 0.942983
vt 0.195130 0.944837
vt 0.866967 0.937587
vt 0.189910 0.939905
vt 0.195911 0.939905
vt 0.779299 0.930434
vt 0.777445 0.924727
vt 0.782377 0.923945
vt 0.782377 0.929947
vt 0.444943 0.955453
vt 0.440011 0.954672
vt 0.776523 0.931849
vt 0.772995 0.926994
vt 0.435561 0.952405
vt 0.774319 0.934052
vt 0.769464 0.930525
vt 0.432030 0.948874
vt 0.772905 0.936829
vt 0.767197 0.934974
vt 0.429763 0.944425
vt 0.772417 0.939906
vt 0.766416 0.939906
vt 0.428982 0.939492
vt 0.772905 0.942984
vt 0.767197 0.944838
vt 0.429763 0.934560
vt 0.774319 0.945760
vt 0.769464 0.949288
vt 0.432030 0.930111
vt 0.776523 0.947964
vt 0.772995 0.952819
vt 0.435561 0.926580
vt 0.779299 0.949378
vt 0.777444 0.955086
vt 0.440011 0.924313
vt 0.782377 0.949866
vt 0.782377 0.955867
vt 0.444943 0.923532
vt 0.785454 0.949378
vt 0.787309 0.955086
vt 0.449875 0.924313
vt 0.788231 0.947964
vt 0.791758 0.952819
vt 0.454324 0.926580
vt 0.790434 0.945760
vt 0.795289 0.949288
vt 0.457855 0.930111
vt 0.791849 0.942984
vt 0.797556 0.944838
vt 0.460122 0.934560
vt 0.792336 0.939906
vt 0.798337 0.939906
vt 0.460904 0.939492
vt 0.791849 0.936829
vt 0.797556 0.934974
vt 0.460122 0.944425
vt 0.790434 0.934052
vt 0.795289 0.930525
vt 0.457855 0.948874
vt 0.788231 0.931849
vt 0.791758 0.926994
vt 0.454324 0.952405
vt 0.785454 0.930434
vt 0.787309 0.924727
vt 0.449875 0.954672
vt 0.105600 0.935664
vt 0.105600 0.929663
vt 0.110532 0.930444
vt 0.108678 0.936152
vt 0.022889 0.955083
vt 0.024744 0.960791
vt 0.019812 0.961572
vt 0.019812 0.955570
vt 0.102523 0.936152
vt 0.100668 0.930444
vt 0.014879 0.960791
vt 0.016734 0.955083
vt 0.099746 0.937566
vt 0.096219 0.932711
vt 0.010430 0.958523
vt 0.013957 0.953668
vt 0.097543 0.939770
vt 0.092688 0.936242
vt 0.006899 0.954992
vt 0.011754 0.951465
vt 0.096128 0.942546
vt 0.090421 0.940692
vt 0.004632 0.950543
vt 0.010339 0.948688
vt 0.095641 0.945624
vt 0.089639 0.945624
vt 0.003851 0.945611
vt 0.009852 0.945611
vt 0.096128 0.948702
vt 0.090421 0.950556
vt 0.004632 0.940679
vt 0.010339 0.942533
vt 0.097543 0.951478
vt 0.092688 0.955005
vt 0.006899 0.936229
vt 0.011754 0.939757
vt 0.099746 0.953681
vt 0.096219 0.958536
vt 0.010430 0.932698
vt 0.013957 0.937553
vt 0.102523 0.955096
vt 0.100668 0.960803
vt 0.014879 0.930431
vt 0.016734 0.936139
vt 0.105600 0.955583
vt 0.105600 0.961585
vt 0.019812 0.929650
vt 0.019812 0.935651
vt 0.108678 0.955096
vt 0.110532 0.960803
vt 0.024744 0.930431
vt 0.022889 0.936139
vt 0.111454 0.953681
vt 0.114982 0.958536
vt 0.029193 0.932698
vt 0.025666 0.937553
vt 0.113658 0.951478
vt 0.118513 0.955005
vt 0.032724 0.936229
vt 0.027869 0.939757
vt 0.115072 0.948702
vt 0.120780 0.950556
vt 0.034991 0.940679
vt 0.029284 0.942533
vt 0.115560 0.945624
vt 0.121561 0.945624
vt 0.035772 0.945611
vt 0.029771 0.945611
vt 0.115072 0.942546
vt 0.120780 0.940692
vt 0.034991 0.950543
vt 0.029284 0.948688
vt 0.113658 0.939770
vt 0.118513 0.936242
vt 0.032724 0.954992
vt 0.027869 0.951465
vt 0.111454 0.937566
vt 0.114982 0.932711
vt 0.029193 0.958523
vt 0.025666 0.953668
vt 0.644730 0.720034
vt 0.648138 0.720056
vt 0.648138 0.768594
vt 0.644730 0.768572
vt 0.650843 0.720091
vt 0.650843 0.768628
vt 0.782692 0.751477
vt 0.779284 0.751434
vt 0.779900 0.702896
vt 0.783307 0.702939
vt 0.775507 0.751386
vt 0.776122 0.702848
vt 0.771730 0.751338
vt 0.772345 0.702800
vt 0.768322 0.751295
vt 0.768938 0.702757
vt 0.495707 0.720028
vt 0.498411 0.720062
vt 0.498411 0.768600
vt 0.495707 0.768565
vt 0.501819 0.720084
vt 0.501819 0.768622
vt 0.505597 0.720092
vt 0.505597 0.768629
vt 0.509374 0.720084
vt 0.509374 0.768622
vt 0.512782 0.720062
vt 0.512782 0.768600
vt 0.515487 0.720028
vt 0.515487 0.768565
vt 0.829327 0.704846
vt 0.832734 0.704803
vt 0.833349 0.753340
vt 0.829942 0.753383
vt 0.836511 0.704755
vt 0.837127 0.753292
vt 0.840289 0.704707
vt 0.840904 0.753245
vt 0.843696 0.704664
vt 0.844311 0.753201
vt 0.631063 0.720091
vt 0.633767 0.720056
vt 0.633767 0.768594
vt 0.631063 0.768628
vt 0.637175 0.720034
vt 0.637175 0.768572
vt 0.640953 0.720027
vt 0.640953 0.768564
vt 0.451095 0.968506
vt 0.452831 0.971914
vt 0.441206 0.975691
vt 0.448390 0.965801
vt 0.444983 0.964065
vt 0.441206 0.963467
vt 0.437428 0.964065
vt 0.434021 0.965801
vt 0.431316 0.968506
vt 0.429580 0.971914
vt 0.428982 0.975691
vt 0.429580 0.979469
vt 0.431316 0.982877
vt 0.434021 0.985581
vt 0.437428 0.987318
vt 0.441206 0.987916
vt 0.444983 0.987318
vt 0.448390 0.985581
vt 0.451095 0.982877
vt 0.452831 0.979469
vt 0.453429 0.975691
vt 0.714010 0.979463
vt 0.712273 0.982871
vt 0.702384 0.975686
vt 0.709569 0.985576
vt 0.706161 0.987312
vt 0.702384 0.987910
vt 0.698607 0.987312
vt 0.695199 0.985576
vt 0.692495 0.982871
vt 0.690759 0.979463
vt 0.690161 0.975686
vt 0.690759 0.971908
vt 0.692495 0.968500
vt 0.695199 0.965796
vt 0.698607 0.964059
vt 0.702384 0.963461
vt 0.706161 0.964059
vt 0.709569 0.965796
vt 0.712273 0.968500
vt 0.714010 0.971908
vt 0.714608 0.975686
vt 0.654493 0.601183
vt 0.659795 0.601116
vt 0.660419 0.650302
vt 0.655116 0.650369
vt 0.649191 0.601250
vt 0.649814 0.650436
vt 0.644407 0.601311
vt 0.645031 0.650497
vt 0.967679 0.650034
vt 0.971475 0.649986
vt 0.971475 0.699172
vt 0.967679 0.699220
vt 0.962895 0.650065
vt 0.962895 0.699251
vt 0.957592 0.650076
vt 0.957592 0.699262
vt 0.952290 0.650065
vt 0.952290 0.699251
vt 0.947506 0.650034
vt 0.947506 0.699220
vt 0.943710 0.649986
vt 0.943710 0.699172
vt 0.748322 0.652197
vt 0.743539 0.652137
vt 0.744163 0.602951
vt 0.748946 0.603011
vt 0.753625 0.652265
vt 0.754248 0.603079
vt 0.758927 0.652332
vt 0.759551 0.603146
vt 0.763710 0.652392
vt 0.764334 0.603207
vt 0.737006 0.655746
vt 0.740802 0.655794
vt 0.740802 0.704980
vt 0.737006 0.704932
vt 0.732222 0.655715
vt 0.732222 0.704901
vt 0.726920 0.655704
vt 0.726920 0.704890
vt 0.721617 0.655715
vt 0.721617 0.704901
vt 0.716833 0.655746
vt 0.716833 0.704932
vt 0.713037 0.655794
vt 0.713037 0.704980
vt 0.664578 0.601055
vt 0.665202 0.650241
vt 0.884613 0.928453
vt 0.888390 0.927855
vt 0.889915 0.932549
vt 0.884613 0.933389
vt 0.753037 0.906392
vt 0.749260 0.905794
vt 0.749260 0.900859
vt 0.754562 0.901699
vt 0.880835 0.927855
vt 0.879310 0.932549
vt 0.745482 0.906392
vt 0.743957 0.901699
vt 0.877428 0.926118
vt 0.874527 0.930111
vt 0.742075 0.908129
vt 0.739174 0.904136
vt 0.874724 0.923414
vt 0.870731 0.926315
vt 0.739370 0.910833
vt 0.735378 0.907932
vt 0.872987 0.920006
vt 0.868294 0.921531
vt 0.737634 0.914241
vt 0.732941 0.912716
vt 0.872389 0.916229
vt 0.867454 0.916229
vt 0.737036 0.918019
vt 0.732101 0.918019
vt 0.872987 0.912451
vt 0.868294 0.910926
vt 0.737634 0.921796
vt 0.732941 0.923321
vt 0.874724 0.909043
vt 0.870731 0.906142
vt 0.739370 0.925204
vt 0.735378 0.928105
vt 0.877428 0.906339
vt 0.874527 0.902346
vt 0.742075 0.927909
vt 0.739174 0.931901
vt 0.880835 0.904602
vt 0.879310 0.899909
vt 0.745482 0.929645
vt 0.743957 0.934339
vt 0.884613 0.904004
vt 0.884613 0.899069
vt 0.749260 0.930243
vt 0.749260 0.935179
vt 0.888390 0.904602
vt 0.889915 0.899909
vt 0.753037 0.929645
vt 0.754562 0.934339
vt 0.891798 0.906339
vt 0.894698 0.902346
vt 0.756444 0.927909
vt 0.759345 0.931901
vt 0.894502 0.909043
vt 0.898494 0.906142
vt 0.759149 0.925204
vt 0.763141 0.928105
vt 0.896238 0.912451
vt 0.900931 0.910926
vt 0.760885 0.921796
vt 0.765578 0.923321
vt 0.896836 0.916229
vt 0.901771 0.916229
vt 0.761483 0.918019
vt 0.766418 0.918019
vt 0.896238 0.920006
vt 0.900931 0.921531
vt 0.760885 0.914241
vt 0.765578 0.912716
vt 0.894502 0.923414
vt 0.898494 0.926315
vt 0.759149 0.910833
vt 0.763141 0.907932
vt 0.891798 0.926118
vt 0.894698 0.930111
vt 0.756444 0.908129
vt 0.759345 0.904136
vt 0.008057 0.924463
vt 0.004649 0.924485
vt 0.004649 0.880643
vt 0.008057 0.880621
vt 0.001944 0.924519
vt 0.001944 0.880677
vt 0.440095 0.906141
vt 0.436687 0.906185
vt 0.436131 0.862343
vt 0.439539 0.862299
vt 0.432910 0.906233
vt 0.432354 0.862391
vt 0.429132 0.906280
vt 0.428577 0.862438
vt 0.425725 0.906324
vt 0.425169 0.862482
vt 0.048414 0.924455
vt 0.045710 0.924490
vt 0.045709 0.880648
vt 0.048414 0.880613
vt 0.042302 0.924512
vt 0.042302 0.880670
vt 0.038524 0.924519
vt 0.038524 0.880677
vt 0.034746 0.924512
vt 0.034746 0.880670
vt 0.031339 0.924490
vt 0.031339 0.880648
vt 0.028634 0.924455
vt 0.028634 0.880613
vt 0.927108 0.866112
vt 0.930515 0.866155
vt 0.929960 0.909997
vt 0.926552 0.909954
vt 0.934293 0.866203
vt 0.933737 0.910045
vt 0.938070 0.866251
vt 0.937514 0.910093
vt 0.941478 0.866294
vt 0.940922 0.910136
vt 0.021724 0.924519
vt 0.019020 0.924485
vt 0.019020 0.880643
vt 0.021724 0.880677
vt 0.015612 0.924463
vt 0.015612 0.880621
vt 0.011834 0.924455
vt 0.011834 0.880613
vt 0.555199 0.729337
vt 0.555199 0.777875
vt 0.551791 0.777897
vt 0.551791 0.729359
vt 0.549086 0.777931
vt 0.549086 0.729393
vt 0.876105 0.704767
vt 0.876720 0.753305
vt 0.873312 0.753348
vt 0.872697 0.704810
vt 0.869535 0.753396
vt 0.868920 0.704858
vt 0.865758 0.753444
vt 0.865143 0.704906
vt 0.862350 0.753487
vt 0.861735 0.704949
vt 0.540270 0.738861
vt 0.540270 0.787399
vt 0.537565 0.787433
vt 0.537565 0.738895
vt 0.534158 0.787455
vt 0.534158 0.738917
vt 0.530380 0.787463
vt 0.530380 0.738925
vt 0.526602 0.787455
vt 0.526602 0.738917
vt 0.523195 0.787433
vt 0.523195 0.738895
vt 0.520490 0.787399
vt 0.520490 0.738861
vt 0.943709 0.753304
vt 0.944325 0.704766
vt 0.947732 0.704809
vt 0.947117 0.753347
vt 0.951510 0.704857
vt 0.950894 0.753395
vt 0.955287 0.704905
vt 0.954672 0.753443
vt 0.958694 0.704948
vt 0.958079 0.753486
vt 0.568866 0.729393
vt 0.568866 0.777931
vt 0.566162 0.777897
vt 0.566162 0.729359
vt 0.562754 0.777875
vt 0.562754 0.729337
vt 0.558976 0.777867
vt 0.558976 0.729329
vt 0.798060 0.984865
vt 0.788171 0.977680
vt 0.799797 0.981457
vt 0.795356 0.987570
vt 0.791949 0.989306
vt 0.788171 0.989904
vt 0.784394 0.989306
vt 0.780986 0.987570
vt 0.778282 0.984865
vt 0.776546 0.981457
vt 0.775948 0.977680
vt 0.776546 0.973902
vt 0.778282 0.970494
vt 0.780987 0.967790
vt 0.784394 0.966054
vt 0.788171 0.965455
vt 0.791949 0.966054
vt 0.795356 0.967790
vt 0.798060 0.970494
vt 0.799797 0.973902
vt 0.800395 0.977680
vt 0.025793 0.975807
vt 0.014168 0.979584
vt 0.024057 0.972399
vt 0.021353 0.969694
vt 0.017945 0.967958
vt 0.014168 0.967360
vt 0.010391 0.967958
vt 0.006983 0.969694
vt 0.004279 0.972399
vt 0.002543 0.975807
vt 0.001944 0.979584
vt 0.002543 0.983362
vt 0.004279 0.986770
vt 0.006983 0.989474
vt 0.010391 0.991211
vt 0.014168 0.991809
vt 0.017945 0.991211
vt 0.021353 0.989474
vt 0.024057 0.986770
vt 0.025793 0.983362
vt 0.026392 0.979584
vt 0.355068 0.654172
vt 0.355692 0.604986
vt 0.360994 0.605053
vt 0.360370 0.654239
vt 0.349766 0.654104
vt 0.350389 0.604918
vt 0.344983 0.654044
vt 0.345606 0.604858
vt 0.463281 0.661155
vt 0.463281 0.710341
vt 0.459485 0.710293
vt 0.459485 0.661107
vt 0.468065 0.661186
vt 0.468065 0.710372
vt 0.473367 0.661197
vt 0.473367 0.710383
vt 0.478670 0.661186
vt 0.478670 0.710372
vt 0.483454 0.661155
vt 0.483454 0.710341
vt 0.487250 0.661107
vt 0.487250 0.710293
vt 0.673974 0.606959
vt 0.674597 0.656145
vt 0.669814 0.656206
vt 0.669190 0.607020
vt 0.679276 0.606892
vt 0.679899 0.656078
vt 0.684578 0.606825
vt 0.685202 0.656011
vt 0.689361 0.606764
vt 0.689985 0.655950
vt 0.642485 0.661757
vt 0.642485 0.710943
vt 0.638688 0.710991
vt 0.638688 0.661805
vt 0.647268 0.661726
vt 0.647268 0.710912
vt 0.652571 0.661716
vt 0.652571 0.710902
vt 0.657874 0.661726
vt 0.657874 0.710912
vt 0.662657 0.661757
vt 0.662657 0.710943
vt 0.666454 0.661805
vt 0.666454 0.710991
vt 0.365777 0.605113
vt 0.365154 0.654299
vt 0.703506 0.909605
vt 0.703506 0.904670
vt 0.708809 0.905510
vt 0.707284 0.910204
vt 0.413696 0.937279
vt 0.415221 0.941973
vt 0.409919 0.942813
vt 0.409919 0.937877
vt 0.699729 0.910204
vt 0.698204 0.905510
vt 0.404616 0.941973
vt 0.406141 0.937279
vt 0.696321 0.911940
vt 0.693421 0.907947
vt 0.399833 0.939535
vt 0.402734 0.935543
vt 0.693617 0.914644
vt 0.689625 0.911743
vt 0.396037 0.935739
vt 0.400029 0.932838
vt 0.691881 0.918052
vt 0.687187 0.916527
vt 0.393600 0.930955
vt 0.398293 0.929430
vt 0.691283 0.921830
vt 0.686348 0.921830
vt 0.392760 0.925653
vt 0.397695 0.925653
vt 0.691881 0.925607
vt 0.687187 0.927132
vt 0.393600 0.920350
vt 0.398293 0.921875
vt 0.693617 0.929015
vt 0.689625 0.931916
vt 0.396037 0.915566
vt 0.400029 0.918467
vt 0.696321 0.931720
vt 0.693421 0.935712
vt 0.399833 0.911770
vt 0.402734 0.915763
vt 0.699729 0.933456
vt 0.698204 0.938150
vt 0.404616 0.909333
vt 0.406141 0.914026
vt 0.703506 0.934054
vt 0.703506 0.938990
vt 0.409919 0.908493
vt 0.409919 0.913428
vt 0.707284 0.933456
vt 0.708809 0.938150
vt 0.415221 0.909333
vt 0.413696 0.914026
vt 0.710691 0.931720
vt 0.713592 0.935712
vt 0.420004 0.911770
vt 0.417103 0.915763
vt 0.713395 0.929015
vt 0.717388 0.931916
vt 0.423800 0.915566
vt 0.419808 0.918467
vt 0.715132 0.925607
vt 0.719825 0.927132
vt 0.426237 0.920350
vt 0.421544 0.921875
vt 0.715730 0.921830
vt 0.720665 0.921830
vt 0.427077 0.925653
vt 0.422142 0.925653
vt 0.715132 0.918052
vt 0.719825 0.916527
vt 0.426237 0.930955
vt 0.421544 0.929430
vt 0.713395 0.914644
vt 0.717388 0.911743
vt 0.423800 0.935739
vt 0.419808 0.932838
vt 0.710691 0.911940
vt 0.713592 0.907947
vt 0.420004 0.939535
vt 0.417103 0.935543
vt 0.067085 0.924377
vt 0.067085 0.880535
vt 0.070493 0.880557
vt 0.070493 0.924399
vt 0.073197 0.880591
vt 0.073197 0.924433
vt 0.630737 0.868200
vt 0.630181 0.912043
vt 0.626773 0.911999
vt 0.627329 0.868157
vt 0.622996 0.911951
vt 0.623552 0.868110
vt 0.619219 0.911904
vt 0.619775 0.868062
vt 0.615811 0.911860
vt 0.616367 0.868018
vt 0.078201 0.924375
vt 0.078201 0.880533
vt 0.080905 0.880568
vt 0.080905 0.924409
vt 0.084313 0.880589
vt 0.084313 0.924431
vt 0.088091 0.880597
vt 0.088091 0.924439
vt 0.091869 0.880589
vt 0.091869 0.924431
vt 0.095276 0.880568
vt 0.095276 0.924409
vt 0.097981 0.880533
vt 0.097981 0.924375
vt 0.667840 0.918191
vt 0.667284 0.874349
vt 0.670692 0.874306
vt 0.671247 0.918148
vt 0.674469 0.874258
vt 0.675025 0.918100
vt 0.678246 0.874210
vt 0.678802 0.918052
vt 0.681654 0.874167
vt 0.682209 0.918009
vt 0.053418 0.924433
vt 0.053418 0.880591
vt 0.056122 0.880557
vt 0.056122 0.924399
vt 0.059530 0.880535
vt 0.059530 0.924377
vt 0.063307 0.880527
vt 0.063307 0.924369
vt 0.660346 0.320472
vt 0.664795 0.320472
vt 0.664795 0.380826
vt 0.660346 0.380826
vt 0.668326 0.320472
vt 0.668326 0.380826
vt 0.697485 0.380826
vt 0.693036 0.380826
vt 0.693036 0.320471
vt 0.697485 0.320471
vt 0.688104 0.380826
vt 0.688104 0.320471
vt 0.683172 0.380826
vt 0.683172 0.320471
vt 0.678722 0.380826
vt 0.678722 0.320471
vt 0.741633 0.320472
vt 0.745164 0.320472
vt 0.745164 0.380826
vt 0.741633 0.380826
vt 0.749613 0.320472
vt 0.749613 0.380826
vt 0.754545 0.320472
vt 0.754545 0.380826
vt 0.759478 0.320472
vt 0.759478 0.380826
vt 0.763927 0.320472
vt 0.763927 0.380826
vt 0.767458 0.320472
vt 0.767458 0.380826
vt 0.701599 0.320472
vt 0.706048 0.320472
vt 0.706048 0.380826
vt 0.701599 0.380826
vt 0.710980 0.320472
vt 0.710980 0.380826
vt 0.715913 0.320472
vt 0.715913 0.380826
vt 0.720362 0.320472
vt 0.720362 0.380826
vt 0.642501 0.320472
vt 0.646032 0.320472
vt 0.646032 0.380826
vt 0.642501 0.380826
vt 0.650481 0.320472
vt 0.650481 0.380826
vt 0.655414 0.320472
vt 0.655414 0.380826
vt 0.077436 0.940327
vt 0.078850 0.943104
vt 0.069378 0.946181
vt 0.075233 0.938124
vt 0.072456 0.936709
vt 0.069378 0.936222
vt 0.066301 0.936709
vt 0.063524 0.938124
vt 0.061321 0.940327
vt 0.059906 0.943104
vt 0.059419 0.946181
vt 0.059906 0.949259
vt 0.061321 0.952036
vt 0.063524 0.954239
vt 0.066301 0.955654
vt 0.069378 0.956141
vt 0.072456 0.955654
vt 0.075233 0.954239
vt 0.077436 0.952036
vt 0.078850 0.949259
vt 0.079338 0.946181
vt 0.564987 0.949278
vt 0.563573 0.952055
vt 0.555515 0.946200
vt 0.561369 0.954258
vt 0.558593 0.955673
vt 0.555515 0.956160
vt 0.552438 0.955673
vt 0.549661 0.954258
vt 0.547458 0.952055
vt 0.546043 0.949278
vt 0.545556 0.946200
vt 0.546043 0.943123
vt 0.547458 0.940346
vt 0.549661 0.938143
vt 0.552438 0.936728
vt 0.555515 0.936241
vt 0.558593 0.936728
vt 0.561369 0.938143
vt 0.563573 0.940346
vt 0.564987 0.943123
vt 0.565475 0.946200
vt 0.629793 0.524144
vt 0.634725 0.524144
vt 0.634725 0.574069
vt 0.629793 0.574069
vt 0.625343 0.524144
vt 0.625343 0.574069
vt 0.868778 0.534935
vt 0.872309 0.534935
vt 0.872309 0.584861
vt 0.868778 0.584861
vt 0.864329 0.534935
vt 0.864329 0.584861
vt 0.859397 0.534935
vt 0.859397 0.584861
vt 0.854464 0.534935
vt 0.854464 0.584861
vt 0.850015 0.534935
vt 0.850015 0.584861
vt 0.846484 0.534935
vt 0.846484 0.584861
vt 0.951971 0.586766
vt 0.947522 0.586766
vt 0.947522 0.536840
vt 0.951971 0.536840
vt 0.956904 0.586766
vt 0.956904 0.536840
vt 0.961836 0.586766
vt 0.961836 0.536840
vt 0.966285 0.586766
vt 0.966285 0.536840
vt 0.670514 0.542560
vt 0.674045 0.542560
vt 0.674045 0.592485
vt 0.670514 0.592485
vt 0.666065 0.542560
vt 0.666065 0.592485
vt 0.661133 0.542560
vt 0.661133 0.592485
vt 0.656200 0.542560
vt 0.656200 0.592485
vt 0.651751 0.542560
vt 0.651751 0.592485
vt 0.648220 0.542560
vt 0.648220 0.592485
vt 0.639657 0.524144
vt 0.644106 0.524144
vt 0.644106 0.574069
vt 0.639657 0.574069
vt 0.640729 0.003899
vt 0.643807 0.003899
vt 0.643807 0.249034
vt 0.640729 0.249034
vt 0.637652 0.003899
vt 0.637652 0.249034
vt 0.634875 0.003899
vt 0.634875 0.249034
vt 0.665944 0.003899
vt 0.668148 0.003899
vt 0.668148 0.249034
vt 0.665944 0.249034
vt 0.663168 0.003899
vt 0.663168 0.249034
vt 0.660090 0.003899
vt 0.660090 0.249034
vt 0.657013 0.003899
vt 0.657013 0.249034
vt 0.654236 0.003899
vt 0.654236 0.249034
vt 0.652033 0.003899
vt 0.652033 0.249034
vt 0.675780 0.249034
vt 0.673003 0.249034
vt 0.673003 0.003899
vt 0.675780 0.003899
vt 0.678857 0.249034
vt 0.678857 0.003899
vt 0.681935 0.249034
vt 0.681935 0.003899
vt 0.684711 0.249034
vt 0.684711 0.003899
vt 0.704072 0.003899
vt 0.706275 0.003899
vt 0.706275 0.249034
vt 0.704072 0.249034
vt 0.701296 0.003899
vt 0.701296 0.249034
vt 0.698218 0.003899
vt 0.698218 0.249034
vt 0.695140 0.003899
vt 0.695140 0.249034
vt 0.692364 0.003899
vt 0.692364 0.249034
vt 0.690161 0.003899
vt 0.690161 0.249034
vt 0.646584 0.003899
vt 0.646584 0.249034
vt 0.819644 0.759145
vt 0.824576 0.759145
vt 0.824576 0.806074
vt 0.819644 0.806074
vt 0.814712 0.759145
vt 0.814712 0.806074
vt 0.810263 0.759145
vt 0.810263 0.806074
vt 0.866872 0.759145
vt 0.870403 0.759145
vt 0.870403 0.806074
vt 0.866872 0.806074
vt 0.862422 0.759145
vt 0.862422 0.806074
vt 0.857490 0.759145
vt 0.857490 0.806074
vt 0.852558 0.759145
vt 0.852558 0.806074
vt 0.848108 0.759145
vt 0.848108 0.806074
vt 0.844578 0.759145
vt 0.844578 0.806074
vt 0.711767 0.812461
vt 0.707318 0.812461
vt 0.707318 0.765532
vt 0.711767 0.765532
vt 0.716699 0.812461
vt 0.716699 0.765532
vt 0.721632 0.812461
vt 0.721632 0.765532
vt 0.726081 0.812461
vt 0.726081 0.765532
vt 0.487498 0.770681
vt 0.491029 0.770681
vt 0.491029 0.817610
vt 0.487498 0.817610
vt 0.483049 0.770681
vt 0.483049 0.817610
vt 0.478117 0.770681
vt 0.478117 0.817610
vt 0.473184 0.770681
vt 0.473184 0.817610
vt 0.468735 0.770681
vt 0.468735 0.817610
vt 0.465204 0.770681
vt 0.465204 0.817610
vt 0.829026 0.759145
vt 0.829026 0.806074
vt 0.347759 0.190727
vt 0.350837 0.190727
vt 0.350837 0.394664
vt 0.347759 0.394664
vt 0.344983 0.190727
vt 0.344983 0.394664
vt 0.475303 0.143067
vt 0.477506 0.143067
vt 0.477506 0.347004
vt 0.475303 0.347004
vt 0.472526 0.143067
vt 0.472526 0.347004
vt 0.469449 0.143067
vt 0.469449 0.347004
vt 0.466371 0.143067
vt 0.466371 0.347004
vt 0.463595 0.143067
vt 0.463595 0.347004
vt 0.461391 0.143067
vt 0.461391 0.347004
vt 0.961737 0.413728
vt 0.958961 0.413728
vt 0.958961 0.209791
vt 0.961737 0.209791
vt 0.964815 0.413728
vt 0.964815 0.209791
vt 0.967892 0.413728
vt 0.967892 0.209791
vt 0.970669 0.413728
vt 0.970669 0.209791
vt 0.948089 0.211698
vt 0.950293 0.211698
vt 0.950293 0.415635
vt 0.948089 0.415635
vt 0.945313 0.211698
vt 0.945313 0.415635
vt 0.942235 0.211698
vt 0.942235 0.415635
vt 0.939157 0.211698
vt 0.939157 0.415635
vt 0.936381 0.211698
vt 0.936381 0.415635
vt 0.934178 0.211698
vt 0.934178 0.415635
vt 0.353914 0.190727
vt 0.356691 0.190727
vt 0.356691 0.394664
vt 0.353914 0.394664
vt 0.082291 0.936800
vt 0.084558 0.941249
vt 0.685583 0.957773
vt 0.686998 0.954997
vt 0.692705 0.956851
vt 0.690438 0.961301
vt 0.078760 0.933269
vt 0.683380 0.959977
vt 0.686907 0.964832
vt 0.074311 0.931002
vt 0.680603 0.961391
vt 0.682458 0.967099
vt 0.069378 0.930221
vt 0.677526 0.961879
vt 0.677526 0.967880
vt 0.064446 0.931002
vt 0.674448 0.961391
vt 0.672593 0.967099
vt 0.059997 0.933269
vt 0.671671 0.959977
vt 0.668144 0.964832
vt 0.056466 0.936800
vt 0.669468 0.957773
vt 0.664613 0.961301
vt 0.054199 0.941249
vt 0.668054 0.954997
vt 0.662346 0.956851
vt 0.053418 0.946181
vt 0.667566 0.951919
vt 0.661565 0.951919
vt 0.054199 0.951114
vt 0.668054 0.948842
vt 0.662346 0.946987
vt 0.056466 0.955563
vt 0.669468 0.946065
vt 0.664613 0.942538
vt 0.059997 0.959094
vt 0.671671 0.943862
vt 0.668144 0.939007
vt 0.064446 0.961361
vt 0.674448 0.942447
vt 0.672593 0.936740
vt 0.069378 0.962142
vt 0.677526 0.941960
vt 0.677526 0.935959
vt 0.074311 0.961361
vt 0.680603 0.942447
vt 0.682458 0.936740
vt 0.078760 0.959094
vt 0.683380 0.943862
vt 0.686907 0.939007
vt 0.082291 0.955563
vt 0.685583 0.946065
vt 0.690438 0.942538
vt 0.084558 0.951114
vt 0.686998 0.948842
vt 0.692705 0.946987
vt 0.085339 0.946181
vt 0.687485 0.951919
vt 0.693486 0.951919
vt 0.727827 0.963298
vt 0.730904 0.963785
vt 0.730904 0.969787
vt 0.725972 0.969005
vt 0.550583 0.931021
vt 0.555515 0.930240
vt 0.725050 0.961883
vt 0.721523 0.966738
vt 0.546134 0.933288
vt 0.722847 0.959680
vt 0.717992 0.963207
vt 0.542603 0.936819
vt 0.721432 0.956903
vt 0.715725 0.958758
vt 0.540335 0.941268
vt 0.720945 0.953826
vt 0.714944 0.953826
vt 0.539554 0.946200
vt 0.721432 0.950748
vt 0.715725 0.948894
vt 0.540335 0.951133
vt 0.722847 0.947972
vt 0.717992 0.944444
vt 0.542603 0.955582
vt 0.725050 0.945768
vt 0.721523 0.940913
vt 0.546134 0.959113
vt 0.727827 0.944354
vt 0.725972 0.938646
vt 0.550583 0.961380
vt 0.730904 0.943866
vt 0.730904 0.937865
vt 0.555515 0.962161
vt 0.733982 0.944354
vt 0.735837 0.938646
vt 0.560447 0.961380
vt 0.736758 0.945768
vt 0.740286 0.940913
vt 0.564897 0.959113
vt 0.738962 0.947972
vt 0.743817 0.944444
vt 0.568428 0.955582
vt 0.740376 0.950748
vt 0.746084 0.948894
vt 0.570695 0.951133
vt 0.740864 0.953826
vt 0.746865 0.953826
vt 0.571476 0.946200
vt 0.740376 0.956903
vt 0.746084 0.958758
vt 0.570695 0.941268
vt 0.738962 0.959680
vt 0.743817 0.963207
vt 0.568428 0.936819
vt 0.736758 0.961883
vt 0.740286 0.966738
vt 0.564897 0.933288
vt 0.733982 0.963298
vt 0.735837 0.969005
vt 0.560447 0.931021
vt 0.816692 0.966185
vt 0.819769 0.965697
vt 0.821624 0.971405
vt 0.816692 0.972186
vt 0.390828 0.948424
vt 0.387750 0.947937
vt 0.387750 0.941935
vt 0.392682 0.942716
vt 0.813614 0.965697
vt 0.811759 0.971405
vt 0.384672 0.948424
vt 0.382818 0.942716
vt 0.810837 0.964282
vt 0.807310 0.969138
vt 0.381896 0.949839
vt 0.378369 0.944983
vt 0.808634 0.962079
vt 0.803779 0.965607
vt 0.379693 0.952042
vt 0.374838 0.948515
vt 0.807220 0.959303
vt 0.801512 0.961157
vt 0.378278 0.954818
vt 0.372570 0.952964
vt 0.806732 0.956225
vt 0.800731 0.956225
vt 0.377791 0.957896
vt 0.371789 0.957896
vt 0.807220 0.953147
vt 0.801512 0.951293
vt 0.378278 0.960974
vt 0.372570 0.962828
vt 0.808634 0.950371
vt 0.803779 0.946843
vt 0.379693 0.963750
vt 0.374838 0.967278
vt 0.810837 0.948168
vt 0.807310 0.943312
vt 0.381896 0.965954
vt 0.378369 0.970809
vt 0.813614 0.946753
vt 0.811759 0.941045
vt 0.384672 0.967368
vt 0.382818 0.973076
vt 0.816692 0.946266
vt 0.816692 0.940264
vt 0.387750 0.967856
vt 0.387750 0.973857
vt 0.819769 0.946753
vt 0.821624 0.941045
vt 0.390828 0.967368
vt 0.392682 0.973076
vt 0.822546 0.948168
vt 0.826073 0.943312
vt 0.393604 0.965954
vt 0.397132 0.970809
vt 0.824749 0.950371
vt 0.829604 0.946843
vt 0.395808 0.963750
vt 0.400663 0.967278
vt 0.826164 0.953147
vt 0.831871 0.951293
vt 0.397222 0.960974
vt 0.402930 0.962828
vt 0.826651 0.956225
vt 0.832652 0.956225
vt 0.397710 0.957896
vt 0.403711 0.957896
vt 0.826164 0.959303
vt 0.831871 0.961157
vt 0.397222 0.954818
vt 0.402930 0.952964
vt 0.824749 0.962079
vt 0.829604 0.965607
vt 0.395808 0.952042
vt 0.400663 0.948515
vt 0.822546 0.964282
vt 0.826073 0.969138
vt 0.393604 0.949839
vt 0.397132 0.944983
vt 0.490342 0.337629
vt 0.490342 0.397983
vt 0.485893 0.397983
vt 0.485893 0.337629
vt 0.482362 0.397983
vt 0.482362 0.337629
vt 0.548785 0.337629
vt 0.548785 0.397983
vt 0.544336 0.397983
vt 0.544336 0.337629
vt 0.539404 0.397983
vt 0.539404 0.337629
vt 0.534472 0.397983
vt 0.534472 0.337629
vt 0.530022 0.397983
vt 0.530022 0.337629
vt 0.595882 0.339526
vt 0.595882 0.399880
vt 0.592351 0.399880
vt 0.592351 0.339526
vt 0.587902 0.399880
vt 0.587902 0.339526
vt 0.582970 0.399880
vt 0.582970 0.339526
vt 0.578038 0.399880
vt 0.578038 0.339526
vt 0.573588 0.399880
vt 0.573588 0.339526
vt 0.570057 0.399880
vt 0.570057 0.339526
vt 0.907488 0.420850
vt 0.907488 0.360496
vt 0.911938 0.360496
vt 0.911938 0.420850
vt 0.916870 0.360496
vt 0.916870 0.420850
vt 0.921802 0.360496
vt 0.921802 0.420850
vt 0.926251 0.360496
vt 0.926251 0.420850
vt 0.508187 0.337629
vt 0.508187 0.397983
vt 0.504656 0.397983
vt 0.504656 0.337629
vt 0.500206 0.397983
vt 0.500206 0.337629
vt 0.495274 0.397983
vt 0.495274 0.337629
vt 0.891473 0.965656
vt 0.883415 0.959802
vt 0.892887 0.962880
vt 0.889269 0.967860
vt 0.886493 0.969274
vt 0.883415 0.969762
vt 0.880337 0.969274
vt 0.877561 0.967860
vt 0.875358 0.965656
vt 0.873943 0.962880
vt 0.873455 0.959802
vt 0.873943 0.956725
vt 0.875358 0.953948
vt 0.877561 0.951745
vt 0.880337 0.950330
vt 0.883415 0.949843
vt 0.886493 0.950330
vt 0.889269 0.951745
vt 0.891473 0.953948
vt 0.892887 0.956725
vt 0.893375 0.959802
vt 0.261866 0.956725
vt 0.252394 0.959803
vt 0.260452 0.953948
vt 0.258248 0.951745
vt 0.255472 0.950330
vt 0.252394 0.949843
vt 0.249317 0.950330
vt 0.246540 0.951745
vt 0.244337 0.953948
vt 0.242922 0.956725
vt 0.242435 0.959803
vt 0.242922 0.962880
vt 0.244337 0.965657
vt 0.246540 0.967860
vt 0.249317 0.969275
vt 0.252394 0.969762
vt 0.255472 0.969275
vt 0.258248 0.967860
vt 0.260452 0.965657
vt 0.261866 0.962880
vt 0.262354 0.959803
vt 0.568787 0.593056
vt 0.568787 0.543131
vt 0.573719 0.543131
vt 0.573719 0.593056
vt 0.564338 0.593056
vt 0.564338 0.543131
vt 0.754696 0.546273
vt 0.754696 0.596198
vt 0.751165 0.596198
vt 0.751165 0.546273
vt 0.759145 0.546273
vt 0.759145 0.596198
vt 0.764077 0.546273
vt 0.764077 0.596198
vt 0.769009 0.546273
vt 0.769009 0.596198
vt 0.773459 0.546273
vt 0.773459 0.596198
vt 0.776990 0.546273
vt 0.776990 0.596198
vt 0.349432 0.548180
vt 0.349432 0.598105
vt 0.344983 0.598105
vt 0.344983 0.548180
vt 0.354364 0.548180
vt 0.354364 0.598105
vt 0.359296 0.548180
vt 0.359296 0.598105
vt 0.363746 0.548180
vt 0.363746 0.598105
vt 0.682253 0.548180
vt 0.682253 0.598105
vt 0.678722 0.598105
vt 0.678722 0.548180
vt 0.686703 0.548180
vt 0.686703 0.598105
vt 0.691635 0.548180
vt 0.691635 0.598105
vt 0.696567 0.548180
vt 0.696567 0.598105
vt 0.701016 0.548180
vt 0.701016 0.598105
vt 0.704547 0.548180
vt 0.704547 0.598105
vt 0.578652 0.593056
vt 0.578652 0.543131
vt 0.583101 0.543131
vt 0.583101 0.593056
vt 0.716985 0.249034
vt 0.716985 0.003899
vt 0.720063 0.003899
vt 0.720063 0.249034
vt 0.713907 0.249034
vt 0.713907 0.003899
vt 0.711131 0.249034
vt 0.711131 0.003899
vt 0.732398 0.003899
vt 0.732398 0.249034
vt 0.730195 0.249034
vt 0.730195 0.003899
vt 0.735174 0.003899
vt 0.735174 0.249034
vt 0.738252 0.003899
vt 0.738252 0.249034
vt 0.741330 0.003899
vt 0.741330 0.249034
vt 0.744106 0.003899
vt 0.744106 0.249034
vt 0.746310 0.003899
vt 0.746310 0.249034
vt 0.755848 0.003899
vt 0.755848 0.249034
vt 0.753071 0.249034
vt 0.753071 0.003899
vt 0.758925 0.003899
vt 0.758925 0.249034
vt 0.762003 0.003899
vt 0.762003 0.249034
vt 0.764779 0.003899
vt 0.764779 0.249034
vt 0.774338 0.003899
vt 0.774338 0.249034
vt 0.772135 0.249034
vt 0.772135 0.003899
vt 0.777115 0.003899
vt 0.777115 0.249034
vt 0.780192 0.003899
vt 0.780192 0.249034
vt 0.783270 0.003899
vt 0.783270 0.249034
vt 0.786047 0.003899
vt 0.786047 0.249034
vt 0.788250 0.003899
vt 0.788250 0.249034
vt 0.722839 0.003899
vt 0.722839 0.249034
vt 0.688104 0.813797
vt 0.688104 0.766867
vt 0.693036 0.766867
vt 0.693036 0.813797
vt 0.683171 0.813797
vt 0.683171 0.766867
vt 0.678722 0.813797
vt 0.678722 0.766867
vt 0.499238 0.791651
vt 0.499238 0.838581
vt 0.495707 0.838581
vt 0.495707 0.791651
vt 0.503687 0.791651
vt 0.503687 0.838581
vt 0.508619 0.791651
vt 0.508619 0.838581
vt 0.513551 0.791651
vt 0.513551 0.838581
vt 0.518001 0.791651
vt 0.518001 0.838581
vt 0.521532 0.791651
vt 0.521532 0.838581
vt 0.349432 0.770850
vt 0.349432 0.817779
vt 0.344983 0.817779
vt 0.344983 0.770850
vt 0.354364 0.770850
vt 0.354364 0.817779
vt 0.359296 0.770850
vt 0.359296 0.817779
vt 0.363746 0.770850
vt 0.363746 0.817779
vt 0.546898 0.791820
vt 0.546898 0.838750
vt 0.543367 0.838750
vt 0.543367 0.791820
vt 0.551348 0.791820
vt 0.551348 0.838750
vt 0.556280 0.791820
vt 0.556280 0.838750
vt 0.561212 0.791820
vt 0.561212 0.838750
vt 0.565661 0.791820
vt 0.565661 0.838750
vt 0.569192 0.791820
vt 0.569192 0.838750
vt 0.697485 0.766867
vt 0.697485 0.813797
vt 0.797788 0.415635
vt 0.797788 0.211698
vt 0.800866 0.211698
vt 0.800866 0.415635
vt 0.795012 0.415635
vt 0.795012 0.211698
vt 0.816279 0.211698
vt 0.816279 0.415635
vt 0.814075 0.415635
vt 0.814075 0.211698
vt 0.819055 0.211698
vt 0.819055 0.415635
vt 0.822133 0.211698
vt 0.822133 0.415635
vt 0.825211 0.211698
vt 0.825211 0.415635
vt 0.827987 0.211698
vt 0.827987 0.415635
vt 0.830190 0.211698
vt 0.830190 0.415635
vt 0.839729 0.212548
vt 0.839729 0.416485
vt 0.836952 0.416485
vt 0.836952 0.212548
vt 0.842806 0.212548
vt 0.842806 0.416485
vt 0.845884 0.212548
vt 0.845884 0.416485
vt 0.848660 0.212548
vt 0.848660 0.416485
vt 0.858219 0.212549
vt 0.858219 0.416485
vt 0.856016 0.416485
vt 0.856016 0.212549
vt 0.860995 0.212549
vt 0.860995 0.416485
vt 0.864073 0.212549
vt 0.864073 0.416485
vt 0.867151 0.212549
vt 0.867151 0.416485
vt 0.869927 0.212549
vt 0.869927 0.416485
vt 0.872131 0.212549
vt 0.872131 0.416485
vt 0.803944 0.415635
vt 0.803944 0.211698
vt 0.806720 0.211698
vt 0.806720 0.415635
vt 0.898595 0.964734
vt 0.896328 0.969184
vt 0.218511 0.955854
vt 0.223366 0.952327
vt 0.225633 0.956776
vt 0.219925 0.958630
vt 0.892796 0.972715
vt 0.216307 0.953651
vt 0.219834 0.948795
vt 0.888347 0.974982
vt 0.213531 0.952236
vt 0.215385 0.946528
vt 0.883415 0.975763
vt 0.210453 0.951748
vt 0.210453 0.945747
vt 0.878483 0.974982
vt 0.207375 0.952236
vt 0.205521 0.946528
vt 0.874034 0.972715
vt 0.204599 0.953651
vt 0.201072 0.948795
vt 0.870502 0.969184
vt 0.202396 0.955854
vt 0.197540 0.952327
vt 0.868235 0.964734
vt 0.200981 0.958630
vt 0.195273 0.956776
vt 0.867454 0.959802
vt 0.200493 0.961708
vt 0.194492 0.961708
vt 0.868235 0.954870
vt 0.200981 0.964786
vt 0.195273 0.966640
vt 0.870502 0.950421
vt 0.202396 0.967562
vt 0.197540 0.971090
vt 0.874034 0.946890
vt 0.204599 0.969765
vt 0.201072 0.974621
vt 0.878483 0.944623
vt 0.207375 0.971180
vt 0.205521 0.976888
vt 0.883415 0.943841
vt 0.210453 0.971668
vt 0.210453 0.977669
vt 0.888347 0.944623
vt 0.213531 0.971180
vt 0.215385 0.976888
vt 0.892797 0.946890
vt 0.216307 0.969765
vt 0.219835 0.974621
vt 0.896328 0.950421
vt 0.218511 0.967562
vt 0.223366 0.971090
vt 0.898595 0.954870
vt 0.219925 0.964786
vt 0.225633 0.966640
vt 0.899376 0.959802
vt 0.220413 0.961708
vt 0.226414 0.961708
vt 0.472368 0.951470
vt 0.470513 0.945763
vt 0.475445 0.944981
vt 0.475445 0.950983
vt 0.252394 0.975763
vt 0.247462 0.974982
vt 0.469591 0.952885
vt 0.466064 0.948030
vt 0.243013 0.972715
vt 0.467388 0.955088
vt 0.462533 0.951561
vt 0.239482 0.969184
vt 0.465973 0.957865
vt 0.460266 0.956010
vt 0.237215 0.964735
vt 0.465486 0.960942
vt 0.459485 0.960942
vt 0.236433 0.959803
vt 0.465973 0.964020
vt 0.460266 0.965874
vt 0.237215 0.954870
vt 0.467388 0.966796
vt 0.462533 0.970324
vt 0.239482 0.950421
vt 0.469591 0.969000
vt 0.466064 0.973855
vt 0.243013 0.946890
vt 0.472368 0.970414
vt 0.470513 0.976122
vt 0.247462 0.944623
vt 0.475445 0.970902
vt 0.475445 0.976903
vt 0.252394 0.943842
vt 0.478523 0.970414
vt 0.480378 0.976122
vt 0.257326 0.944623
vt 0.481300 0.969000
vt 0.484827 0.973855
vt 0.261776 0.946890
vt 0.483503 0.966796
vt 0.488358 0.970324
vt 0.265307 0.950421
vt 0.484918 0.964020
vt 0.490625 0.965874
vt 0.267574 0.954870
vt 0.485405 0.960942
vt 0.491406 0.960942
vt 0.268355 0.959803
vt 0.484918 0.957865
vt 0.490625 0.956010
vt 0.267574 0.964735
vt 0.483503 0.955088
vt 0.488358 0.951561
vt 0.265307 0.969184
vt 0.481300 0.952885
vt 0.484827 0.948030
vt 0.261776 0.972715
vt 0.478523 0.951470
vt 0.480378 0.945763
vt 0.257326 0.974982
vt 0.330130 0.961570
vt 0.324129 0.961570
vt 0.324910 0.956637
vt 0.330618 0.958492
vt 0.528765 0.960398
vt 0.534473 0.958544
vt 0.535254 0.963476
vt 0.529253 0.963476
vt 0.330618 0.964647
vt 0.324910 0.966502
vt 0.534473 0.968408
vt 0.528765 0.966554
vt 0.332032 0.967424
vt 0.327177 0.970951
vt 0.532206 0.972857
vt 0.527351 0.969330
vt 0.334236 0.969627
vt 0.330708 0.974482
vt 0.528675 0.976388
vt 0.525147 0.971533
vt 0.337012 0.971042
vt 0.335157 0.976749
vt 0.524225 0.978656
vt 0.522371 0.972948
vt 0.340090 0.971529
vt 0.340090 0.977530
vt 0.519293 0.979437
vt 0.519293 0.973435
vt 0.343167 0.971042
vt 0.345022 0.976749
vt 0.514361 0.978656
vt 0.516215 0.972948
vt 0.345944 0.969627
vt 0.349471 0.974482
vt 0.509912 0.976388
vt 0.513439 0.971533
vt 0.348147 0.967424
vt 0.353002 0.970951
vt 0.506381 0.972857
vt 0.511236 0.969330
vt 0.349562 0.964647
vt 0.355269 0.966502
vt 0.504114 0.968408
vt 0.509821 0.966554
vt 0.350049 0.961570
vt 0.356050 0.961570
vt 0.503332 0.963476
vt 0.509334 0.963476
vt 0.349562 0.958492
vt 0.355269 0.956637
vt 0.504114 0.958544
vt 0.509821 0.960398
vt 0.348147 0.955715
vt 0.353002 0.952188
vt 0.506381 0.954094
vt 0.511236 0.957622
vt 0.345944 0.953512
vt 0.349471 0.948657
vt 0.509912 0.950563
vt 0.513439 0.955418
vt 0.343167 0.952097
vt 0.345022 0.946390
vt 0.514361 0.948296
vt 0.516215 0.954004
vt 0.340090 0.951610
vt 0.340090 0.945609
vt 0.519293 0.947515
vt 0.519293 0.953516
vt 0.337012 0.952097
vt 0.335157 0.946390
vt 0.524225 0.948296
vt 0.522371 0.954004
vt 0.334236 0.953512
vt 0.330708 0.948657
vt 0.528675 0.950563
vt 0.525147 0.955418
vt 0.332032 0.955715
vt 0.327177 0.952188
vt 0.532206 0.954094
vt 0.527351 0.957622
vt 0.048395 0.842017
vt 0.052110 0.808660
vt 0.107118 0.814787
vt 0.103402 0.848144
vt 0.372776 0.874328
vt 0.395182 0.795198
vt 0.398081 0.795198
vt 0.375675 0.874328
vt 0.447575 0.874328
vt 0.425169 0.795198
vt 0.428068 0.795198
vt 0.450475 0.874328
vt 0.964680 0.025719
vt 0.967579 0.025719
vt 0.967579 0.084992
vt 0.964680 0.084992
vt 0.360234 0.008561
vt 0.363133 0.008561
vt 0.363133 0.067834
vt 0.360234 0.067834
vt 0.368755 0.083028
vt 0.372776 0.003898
vt 0.375675 0.003898
vt 0.371654 0.083028
vt 0.085549 0.508442
vt 0.140557 0.514569
vt 0.144273 0.481211
vt 0.089265 0.475085
vt 0.454496 0.083028
vt 0.451597 0.083028
vt 0.447575 0.003898
vt 0.450475 0.003898
vt 0.391284 0.162158
vt 0.394183 0.162158
vt 0.029612 0.088792
vt 0.108911 0.091139
vt 0.110075 0.051796
vt 0.029933 0.049425
vt 0.431966 0.162158
vt 0.429067 0.162158
vt 0.372776 0.241288
vt 0.375675 0.241288
vt 0.124186 0.580288
vt 0.133126 0.581284
vt 0.136842 0.547927
vt 0.082413 0.541864
vt 0.450475 0.241288
vt 0.447575 0.241288
vt 0.372776 0.320418
vt 0.375675 0.320418
vt 0.026439 0.167453
vt 0.106582 0.169824
vt 0.107746 0.130482
vt 0.094722 0.130096
vt 0.450475 0.320418
vt 0.447575 0.320418
vt 0.360539 0.399548
vt 0.364966 0.370923
vt 0.367865 0.370923
vt 0.363439 0.399548
vt 0.070687 0.641872
vt 0.125695 0.647999
vt 0.127039 0.635932
vt 0.072031 0.629805
vt 0.462711 0.399548
vt 0.459812 0.399548
vt 0.455385 0.370923
vt 0.458284 0.370923
vt 0.344983 0.478678
vt 0.347882 0.478678
vt 0.064838 0.247343
vt 0.104253 0.248510
vt 0.105418 0.209167
vt 0.025275 0.206795
vt 0.478268 0.478678
vt 0.475368 0.478678
vt 0.372776 0.557808
vt 0.375675 0.557808
vt 0.099349 0.721860
vt 0.118264 0.714714
vt 0.121980 0.681356
vt 0.094926 0.678343
vt 0.450475 0.579488
vt 0.447575 0.579488
vt 0.372776 0.636938
vt 0.375675 0.636938
vt 0.039344 0.325343
vt 0.101925 0.327195
vt 0.103089 0.287853
vt 0.076695 0.297860
vt 0.450475 0.636938
vt 0.447575 0.636938
vt 0.392092 0.716068
vt 0.394992 0.716068
vt 0.055825 0.775302
vt 0.110833 0.781429
vt 0.114549 0.748072
vt 0.071595 0.743287
vt 0.431158 0.716068
vt 0.428259 0.716068
vt 0.019453 0.403509
vt 0.099596 0.405881
vt 0.100760 0.366538
vt 0.020618 0.364166
vt 0.360234 0.127107
vt 0.363133 0.127107
vt 0.363133 0.186379
vt 0.360234 0.186379
vt 0.213417 0.860398
vt 0.217133 0.827040
vt 0.162125 0.820914
vt 0.158409 0.854271
vt 0.180903 0.368910
vt 0.179739 0.408253
vt 0.259881 0.410625
vt 0.223413 0.370168
vt 0.169556 0.754199
vt 0.165840 0.787556
vt 0.195018 0.790806
vt 0.224564 0.760325
vt 0.183232 0.290224
vt 0.182067 0.329567
vt 0.262210 0.331939
vt 0.263374 0.292596
vt 0.176987 0.687483
vt 0.173271 0.720841
vt 0.228279 0.726968
vt 0.218735 0.692133
vt 0.185560 0.211539
vt 0.184396 0.250882
vt 0.245220 0.252682
vt 0.230836 0.212879
vt 0.182046 0.642059
vt 0.180702 0.654126
vt 0.211779 0.657587
vt 0.182046 0.642059
vt 0.187889 0.132854
vt 0.186725 0.172196
vt 0.224285 0.173308
vt 0.225449 0.133965
vt 0.191849 0.554054
vt 0.188133 0.587411
vt 0.213914 0.590283
vt 0.210164 0.556093
vt 0.190218 0.054168
vt 0.189053 0.093511
vt 0.215738 0.094301
vt 0.239262 0.055620
vt 0.199280 0.487338
vt 0.195564 0.520696
vt 0.229227 0.524445
vt 0.254288 0.493465
vt 0.964680 0.144265
vt 0.967579 0.144265
vt 0.967579 0.203537
vt 0.964680 0.203537
vt 0.178574 0.447595
vt 0.098432 0.445223
vt 0.105839 0.194935
vt 0.185982 0.197307
vt 0.129411 0.614642
vt 0.184418 0.620768
vt 0.111239 0.012454
vt 0.191382 0.014825
vt 0.370195 0.337108
vt 0.373094 0.337108
vt 0.183634 0.627804
vt 0.210532 0.630800
vt 0.106336 0.178122
vt 0.186479 0.180494
vt 0.128627 0.621677
vt 0.073619 0.615550
vt 0.450156 0.337108
vt 0.453055 0.337108
vt 0.210198 0.623640
vt 0.074403 0.608515
vt 0.923132 0.737446
vt 0.919725 0.737338
vt 0.919725 0.688890
vt 0.923132 0.688997
vt 0.917020 0.737171
vt 0.917020 0.688723
vt 0.908487 0.672712
vt 0.905086 0.672501
vt 0.908090 0.624053
vt 0.911492 0.624264
vt 0.901315 0.672267
vt 0.904320 0.623819
vt 0.897545 0.672033
vt 0.900549 0.623585
vt 0.894144 0.671822
vt 0.897148 0.623374
vt 0.601276 0.741435
vt 0.598571 0.741267
vt 0.598571 0.692819
vt 0.601276 0.692986
vt 0.595163 0.741160
vt 0.595163 0.692712
vt 0.591386 0.741123
vt 0.591386 0.692674
vt 0.587608 0.741160
vt 0.587608 0.692712
vt 0.584200 0.741267
vt 0.584200 0.692819
vt 0.581496 0.741435
vt 0.581496 0.692986
vt 0.932462 0.679448
vt 0.929061 0.679659
vt 0.926056 0.631210
vt 0.929457 0.630999
vt 0.925290 0.679893
vt 0.922286 0.631444
vt 0.921520 0.680126
vt 0.918515 0.631678
vt 0.918119 0.680337
vt 0.915114 0.631889
vt 0.936800 0.737171
vt 0.934096 0.737338
vt 0.934096 0.688890
vt 0.936800 0.688723
vt 0.930688 0.737446
vt 0.930688 0.688997
vt 0.926910 0.737483
vt 0.926910 0.689034
vt 0.538072 0.987335
vt 0.536339 0.983927
vt 0.547943 0.980150
vt 0.540771 0.990040
vt 0.544172 0.991776
vt 0.547943 0.992374
vt 0.551713 0.991776
vt 0.555114 0.990040
vt 0.557814 0.987335
vt 0.559547 0.983927
vt 0.560144 0.980150
vt 0.559547 0.976372
vt 0.557814 0.972964
vt 0.555114 0.970260
vt 0.551713 0.968523
vt 0.547943 0.967925
vt 0.544172 0.968523
vt 0.540771 0.970260
vt 0.538072 0.972964
vt 0.536339 0.976372
vt 0.535742 0.980150
vt 0.265627 0.980185
vt 0.267360 0.976777
vt 0.277231 0.983963
vt 0.270059 0.974073
vt 0.273461 0.972337
vt 0.277231 0.971738
vt 0.281001 0.972337
vt 0.284403 0.974073
vt 0.287102 0.976777
vt 0.288835 0.980185
vt 0.289432 0.983963
vt 0.288835 0.987741
vt 0.287102 0.991148
vt 0.284403 0.993853
vt 0.281001 0.995589
vt 0.277231 0.996188
vt 0.273461 0.995589
vt 0.270059 0.993853
vt 0.267360 0.991148
vt 0.265627 0.987741
vt 0.265030 0.983963
vt 0.703273 0.542017
vt 0.697980 0.542345
vt 0.694935 0.493250
vt 0.700228 0.492921
vt 0.708565 0.541689
vt 0.705520 0.492593
vt 0.713340 0.541392
vt 0.710294 0.492297
vt 0.713021 0.627155
vt 0.709224 0.627390
vt 0.709224 0.578294
vt 0.713021 0.578059
vt 0.717804 0.627004
vt 0.717804 0.577908
vt 0.723107 0.626952
vt 0.723107 0.577856
vt 0.728410 0.627004
vt 0.728410 0.577908
vt 0.733193 0.627155
vt 0.733193 0.578059
vt 0.736990 0.627390
vt 0.736990 0.578294
vt 0.574832 0.539783
vt 0.570057 0.539486
vt 0.573102 0.490391
vt 0.577877 0.490687
vt 0.580124 0.540111
vt 0.583169 0.491015
vt 0.585417 0.540439
vt 0.588462 0.491344
vt 0.590191 0.540735
vt 0.593236 0.491640
vt 0.787370 0.640533
vt 0.783573 0.640298
vt 0.783573 0.591202
vt 0.787370 0.591437
vt 0.792153 0.640684
vt 0.792153 0.591588
vt 0.797456 0.640736
vt 0.797456 0.591640
vt 0.802759 0.640684
vt 0.802759 0.591588
vt 0.807542 0.640533
vt 0.807542 0.591437
vt 0.811339 0.640298
vt 0.811339 0.591202
vt 0.693205 0.542641
vt 0.690161 0.493546
vt 0.955117 0.914697
vt 0.951347 0.915295
vt 0.949825 0.910602
vt 0.955117 0.909762
vt 0.223100 0.939314
vt 0.226871 0.939912
vt 0.226871 0.944848
vt 0.221578 0.944008
vt 0.958888 0.915295
vt 0.960410 0.910602
vt 0.230641 0.939314
vt 0.232163 0.944008
vt 0.962289 0.917032
vt 0.965184 0.913039
vt 0.234042 0.937578
vt 0.236938 0.941570
vt 0.964988 0.919736
vt 0.968973 0.916835
vt 0.236742 0.934873
vt 0.240727 0.937774
vt 0.966721 0.923144
vt 0.971406 0.921619
vt 0.238475 0.931465
vt 0.243159 0.932990
vt 0.967319 0.926922
vt 0.972244 0.926922
vt 0.239072 0.927688
vt 0.243998 0.927688
vt 0.966721 0.930699
vt 0.971406 0.932225
vt 0.238475 0.923910
vt 0.243159 0.922385
vt 0.964988 0.934107
vt 0.968973 0.937008
vt 0.236742 0.920502
vt 0.240727 0.917601
vt 0.962289 0.936812
vt 0.965184 0.940804
vt 0.234042 0.917798
vt 0.236938 0.913805
vt 0.958888 0.938548
vt 0.960410 0.943242
vt 0.230641 0.916061
vt 0.232163 0.911368
vt 0.955117 0.939146
vt 0.955117 0.944082
vt 0.226871 0.915463
vt 0.226871 0.910528
vt 0.951347 0.938548
vt 0.949825 0.943242
vt 0.223100 0.916061
vt 0.221578 0.911368
vt 0.947946 0.936812
vt 0.945050 0.940804
vt 0.219699 0.917798
vt 0.216804 0.913805
vt 0.945247 0.934107
vt 0.941261 0.937008
vt 0.217000 0.920502
vt 0.213015 0.917601
vt 0.943513 0.930699
vt 0.938829 0.932225
vt 0.215267 0.923910
vt 0.210582 0.922385
vt 0.942916 0.926922
vt 0.937990 0.926922
vt 0.214670 0.927688
vt 0.209744 0.927688
vt 0.943513 0.923144
vt 0.938829 0.921619
vt 0.215267 0.931465
vt 0.210582 0.932990
vt 0.945247 0.919736
vt 0.941261 0.916835
vt 0.217000 0.934873
vt 0.213015 0.937774
vt 0.947946 0.917032
vt 0.945050 0.913039
vt 0.219699 0.937578
vt 0.216804 0.941570
vt 0.703828 0.853140
vt 0.707236 0.853033
vt 0.707236 0.896794
vt 0.703828 0.896902
vt 0.709940 0.852865
vt 0.709940 0.896627
vt 0.646314 0.833319
vt 0.649715 0.833108
vt 0.652429 0.876870
vt 0.649028 0.877081
vt 0.653485 0.832874
vt 0.656199 0.876636
vt 0.657256 0.832641
vt 0.659970 0.876402
vt 0.660657 0.832430
vt 0.663371 0.876191
vt 0.591028 0.855125
vt 0.593732 0.854957
vt 0.593732 0.898719
vt 0.591028 0.898886
vt 0.597140 0.854850
vt 0.597140 0.898611
vt 0.600918 0.854813
vt 0.600918 0.898574
vt 0.604695 0.854850
vt 0.604695 0.898611
vt 0.608103 0.854957
vt 0.608103 0.898719
vt 0.610808 0.855125
vt 0.610808 0.898886
vt 0.751973 0.832431
vt 0.755374 0.832642
vt 0.752660 0.876404
vt 0.749258 0.876192
vt 0.759144 0.832876
vt 0.756430 0.876637
vt 0.762914 0.833110
vt 0.760200 0.876871
vt 0.766316 0.833321
vt 0.763602 0.877082
vt 0.690161 0.852865
vt 0.692865 0.853033
vt 0.692865 0.896794
vt 0.690161 0.896627
vt 0.696273 0.853140
vt 0.696273 0.896902
vt 0.700050 0.853177
vt 0.700050 0.896939
vt 0.619947 0.745211
vt 0.619947 0.696762
vt 0.623354 0.696655
vt 0.623354 0.745103
vt 0.626059 0.696487
vt 0.626059 0.744936
vt 0.586407 0.682243
vt 0.583402 0.633794
vt 0.586803 0.633584
vt 0.589808 0.682032
vt 0.590574 0.633350
vt 0.593579 0.681798
vt 0.594344 0.633116
vt 0.597349 0.681564
vt 0.597745 0.632905
vt 0.600750 0.681353
vt 0.802637 0.749062
vt 0.802637 0.700613
vt 0.805342 0.700446
vt 0.805342 0.748894
vt 0.808750 0.700338
vt 0.808750 0.748787
vt 0.812527 0.700301
vt 0.812527 0.748750
vt 0.816305 0.700338
vt 0.816305 0.748787
vt 0.819713 0.700446
vt 0.819713 0.748894
vt 0.822417 0.700613
vt 0.822417 0.749062
vt 0.693973 0.681353
vt 0.696978 0.632905
vt 0.700379 0.633115
vt 0.697375 0.681564
vt 0.704150 0.633349
vt 0.701145 0.681798
vt 0.707920 0.633583
vt 0.704915 0.682032
vt 0.711321 0.633794
vt 0.708317 0.682243
vt 0.606279 0.744936
vt 0.606279 0.696487
vt 0.608984 0.696655
vt 0.608984 0.745103
vt 0.612391 0.696762
vt 0.612391 0.745211
vt 0.616169 0.696799
vt 0.616169 0.745248
vt 0.356962 0.976777
vt 0.366833 0.983963
vt 0.355229 0.980185
vt 0.359661 0.974073
vt 0.363062 0.972336
vt 0.366833 0.971738
vt 0.370603 0.972336
vt 0.374004 0.974073
vt 0.376704 0.976777
vt 0.378437 0.980185
vt 0.379034 0.983963
vt 0.378437 0.987740
vt 0.376704 0.991148
vt 0.374004 0.993853
vt 0.370603 0.995589
vt 0.366833 0.996187
vt 0.363062 0.995589
vt 0.359661 0.993853
vt 0.356962 0.991148
vt 0.355229 0.987740
vt 0.354632 0.983963
vt 0.593531 0.989561
vt 0.605135 0.985783
vt 0.595264 0.992969
vt 0.597964 0.995673
vt 0.601365 0.997410
vt 0.605135 0.998008
vt 0.608906 0.997410
vt 0.612307 0.995673
vt 0.615006 0.992969
vt 0.616739 0.989561
vt 0.617337 0.985783
vt 0.616739 0.982006
vt 0.615006 0.978598
vt 0.612307 0.975893
vt 0.608906 0.974157
vt 0.605135 0.973559
vt 0.601365 0.974157
vt 0.597964 0.975893
vt 0.595264 0.978598
vt 0.593531 0.982006
vt 0.592934 0.985783
vt 0.772670 0.542016
vt 0.775715 0.492921
vt 0.781008 0.493249
vt 0.777963 0.542344
vt 0.767378 0.541688
vt 0.770423 0.492592
vt 0.762603 0.541392
vt 0.765648 0.492296
vt 0.841857 0.640501
vt 0.841857 0.591405
vt 0.845654 0.591640
vt 0.845654 0.640736
vt 0.837074 0.640350
vt 0.837074 0.591255
vt 0.831771 0.640298
vt 0.831771 0.591203
vt 0.826468 0.640350
vt 0.826468 0.591255
vt 0.821685 0.640501
vt 0.821685 0.591405
vt 0.817888 0.640736
vt 0.817888 0.591640
vt 0.523643 0.541689
vt 0.520598 0.492594
vt 0.525373 0.492297
vt 0.528418 0.541393
vt 0.518351 0.542017
vt 0.515306 0.492922
vt 0.513058 0.542346
vt 0.510013 0.493250
vt 0.508284 0.542642
vt 0.505239 0.493546
vt 0.885704 0.640533
vt 0.885704 0.591438
vt 0.889500 0.591203
vt 0.889500 0.640298
vt 0.880920 0.640684
vt 0.880920 0.591589
vt 0.875618 0.640736
vt 0.875618 0.591641
vt 0.870315 0.640684
vt 0.870315 0.591589
vt 0.865531 0.640533
vt 0.865531 0.591438
vt 0.861735 0.640298
vt 0.861735 0.591203
vt 0.785782 0.493545
vt 0.782737 0.542640
vt 0.497582 0.941819
vt 0.497582 0.946755
vt 0.492290 0.945915
vt 0.493812 0.941221
vt 0.640606 0.918203
vt 0.639084 0.913509
vt 0.644377 0.912669
vt 0.644377 0.917605
vt 0.501353 0.941221
vt 0.502875 0.945915
vt 0.649669 0.913509
vt 0.648147 0.918203
vt 0.504754 0.939485
vt 0.507649 0.943478
vt 0.654444 0.915946
vt 0.651548 0.919939
vt 0.507453 0.936780
vt 0.511438 0.939681
vt 0.658233 0.919743
vt 0.654248 0.922644
vt 0.509186 0.933372
vt 0.513871 0.934897
vt 0.660666 0.924527
vt 0.655981 0.926051
vt 0.509783 0.929595
vt 0.514709 0.929595
vt 0.661504 0.929829
vt 0.656578 0.929829
vt 0.509186 0.925817
vt 0.513871 0.924292
vt 0.660666 0.935132
vt 0.655981 0.933607
vt 0.507453 0.922409
vt 0.511438 0.919508
vt 0.658233 0.939916
vt 0.654248 0.937015
vt 0.504754 0.919705
vt 0.507649 0.915712
vt 0.654444 0.943712
vt 0.651548 0.939719
vt 0.501353 0.917969
vt 0.502875 0.913275
vt 0.649669 0.946149
vt 0.648147 0.941455
vt 0.497582 0.917370
vt 0.497582 0.912435
vt 0.644377 0.946989
vt 0.644377 0.942054
vt 0.493812 0.917969
vt 0.492290 0.913275
vt 0.639084 0.946149
vt 0.640606 0.941455
vt 0.490411 0.919705
vt 0.487515 0.915712
vt 0.634310 0.943712
vt 0.637205 0.939719
vt 0.487711 0.922409
vt 0.483726 0.919508
vt 0.630521 0.939916
vt 0.634506 0.937015
vt 0.485978 0.925817
vt 0.481294 0.924292
vt 0.628088 0.935132
vt 0.632773 0.933607
vt 0.485381 0.929595
vt 0.480455 0.929595
vt 0.627250 0.929829
vt 0.632176 0.929829
vt 0.485978 0.933372
vt 0.481294 0.934897
vt 0.628088 0.924527
vt 0.632773 0.926051
vt 0.487711 0.936780
vt 0.483726 0.939681
vt 0.630521 0.919743
vt 0.634506 0.922644
vt 0.490411 0.939485
vt 0.487515 0.943478
vt 0.634310 0.915946
vt 0.637205 0.919939
vt 0.848784 0.858902
vt 0.848784 0.902663
vt 0.845376 0.902556
vt 0.845376 0.858794
vt 0.842671 0.902388
vt 0.842671 0.858627
vt 0.491793 0.829624
vt 0.489079 0.873386
vt 0.485678 0.873175
vt 0.488392 0.829414
vt 0.481908 0.872941
vt 0.484622 0.829180
vt 0.478137 0.872707
vt 0.480851 0.828946
vt 0.474736 0.872496
vt 0.477450 0.828735
vt 0.921549 0.857031
vt 0.921549 0.900792
vt 0.918844 0.900625
vt 0.918844 0.856863
vt 0.915437 0.900517
vt 0.915437 0.856756
vt 0.911659 0.900480
vt 0.911659 0.856719
vt 0.907881 0.900517
vt 0.907881 0.856756
vt 0.904474 0.900625
vt 0.904474 0.856863
vt 0.901769 0.900792
vt 0.901769 0.857031
vt 0.971397 0.840173
vt 0.974112 0.883935
vt 0.970710 0.884146
vt 0.967996 0.840384
vt 0.966940 0.884380
vt 0.964226 0.840618
vt 0.963170 0.884613
vt 0.960455 0.840852
vt 0.959768 0.884824
vt 0.957054 0.841063
vt 0.862451 0.858627
vt 0.862451 0.902388
vt 0.859747 0.902556
vt 0.859747 0.858794
vt 0.856339 0.902663
vt 0.856339 0.858902
vt 0.852561 0.902700
vt 0.852561 0.858939
s 1
usemtl lambert1
f 367/1/1 370/2/1 369/3/2 368/4/2
f 368/4/2 369/3/2 372/5/3 371/6/3
f 371/7/3 372/8/3 374/9/4 373/10/4
f 373/10/4 374/9/4 376/11/5 375/12/5
f 375/12/5 376/11/5 378/13/6 377/14/6
f 377/14/6 378/13/6 380/15/7 379/16/7
f 379/17/7 380/18/7 382/19/8 381/20/8
f 381/20/8 382/19/8 384/21/9 383/22/9
f 383/22/9 384/21/9 386/23/10 385/24/10
f 385/24/10 386/23/10 388/25/11 387/26/11
f 387/26/11 388/25/11 390/27/12 389/28/12
f 389/28/12 390/27/12 392/29/13 391/30/13
f 391/31/13 392/32/13 394/33/14 393/34/14
f 393/34/14 394/33/14 396/35/15 395/36/15
f 395/36/15 396/35/15 398/37/16 397/38/16
f 397/38/16 398/37/16 400/39/17 399/40/17
f 399/41/17 400/42/17 402/43/18 401/44/18
f 401/44/18 402/43/18 404/45/19 403/46/19
f 403/46/19 404/45/19 406/47/20 405/48/20
f 405/48/20 406/47/20 370/2/1 367/1/1
f 368/49/21 407/50/21 367/51/21
f 371/52/21 407/50/21 368/49/21
f 373/53/22 407/50/21 371/52/21
f 375/54/21 407/50/21 373/53/22
f 377/55/21 407/50/21 375/54/21
f 379/56/22 407/50/21 377/55/21
f 381/57/21 407/50/21 379/56/22
f 383/58/21 407/50/21 381/57/21
f 385/59/21 407/50/21 383/58/21
f 387/60/21 407/50/21 385/59/21
f 389/61/21 407/50/21 387/60/21
f 391/62/21 407/50/21 389/61/21
f 393/63/21 407/50/21 391/62/21
f 395/64/21 407/50/21 393/63/21
f 397/65/21 407/50/21 395/64/21
f 399/66/21 407/50/21 397/65/21
f 401/67/21 407/50/21 399/66/21
f 403/68/21 407/50/21 401/67/21
f 405/69/21 407/50/21 403/68/21
f 367/51/21 407/50/21 405/69/21
f 408/70/23 410/71/23 409/72/24
f 409/72/24 410/71/23 411/73/23
f 411/73/23 410/71/23 412/74/25
f 412/74/25 410/71/23 413/75/23
f 413/75/23 410/71/23 414/76/23
f 414/76/23 410/71/23 415/77/23
f 415/77/23 410/71/23 416/78/24
f 416/78/24 410/71/23 417/79/23
f 417/79/23 410/71/23 418/80/23
f 418/80/23 410/71/23 419/81/23
f 419/81/23 410/71/23 420/82/23
f 420/82/23 410/71/23 421/83/23
f 421/83/23 410/71/23 422/84/23
f 422/84/23 410/71/23 423/85/23
f 423/85/23 410/71/23 424/86/25
f 424/86/25 410/71/23 425/87/23
f 425/87/23 410/71/23 426/88/24
f 426/88/24 410/71/23 427/89/23
f 427/89/23 410/71/23 428/90/25
f 428/90/25 410/71/23 408/70/23
f 430/91/15 432/92/15 431/93/16 429/94/16
f 433/95/14 434/96/14 432/92/15 430/91/15
f 435/97/13 436/98/13 434/96/14 433/95/14
f 437/99/12 438/100/12 436/101/13 435/102/13
f 439/103/11 440/104/11 438/100/12 437/99/12
f 441/105/10 442/106/10 440/104/11 439/103/11
f 443/107/9 444/108/9 442/106/10 441/105/10
f 445/109/8 446/110/8 444/108/9 443/107/9
f 447/111/7 448/112/7 446/110/8 445/109/8
f 449/113/6 450/114/6 448/115/7 447/116/7
f 451/117/5 452/118/5 450/114/6 449/113/6
f 453/119/4 454/120/4 452/118/5 451/117/5
f 455/121/3 456/122/3 454/120/4 453/119/4
f 457/123/2 458/124/2 456/125/3 455/126/3
f 459/127/1 460/128/1 458/124/2 457/123/2
f 461/129/20 462/130/20 460/128/1 459/127/1
f 463/131/19 464/132/19 462/130/20 461/129/20
f 465/133/18 466/134/18 464/132/19 463/131/19
f 467/135/17 468/136/17 466/134/18 465/133/18
f 429/94/16 431/93/16 468/137/17 467/138/17
f 396/139/21 430/140/21 429/141/21 398/142/21
f 470/143/23 431/144/23 432/145/23 469/146/23
f 394/147/21 433/148/21 430/140/21 396/139/21
f 469/146/23 432/145/23 434/149/23 471/150/23
f 392/151/21 435/152/21 433/148/21 394/147/21
f 471/150/23 434/149/23 436/153/23 472/154/23
f 390/155/21 437/156/21 435/152/21 392/151/21
f 472/154/23 436/153/23 438/157/23 473/158/23
f 388/159/21 439/160/21 437/156/21 390/155/21
f 473/158/23 438/157/23 440/161/23 474/162/23
f 386/163/21 441/164/21 439/160/21 388/159/21
f 474/162/23 440/161/23 442/165/23 475/166/23
f 384/167/21 443/168/21 441/164/21 386/163/21
f 475/166/23 442/165/23 444/169/23 476/170/23
f 382/171/21 445/172/21 443/168/21 384/167/21
f 476/170/23 444/169/23 446/173/23 477/174/23
f 380/175/21 447/176/21 445/172/21 382/171/21
f 477/174/23 446/173/23 448/177/23 478/178/23
f 378/179/21 449/180/21 447/176/21 380/175/21
f 478/178/23 448/177/23 450/181/23 479/182/23
f 376/183/21 451/184/21 449/180/21 378/179/21
f 479/182/23 450/181/23 452/185/23 480/186/23
f 374/187/21 453/188/21 451/184/21 376/183/21
f 480/186/23 452/185/23 454/189/23 481/190/23
f 372/191/21 455/192/21 453/188/21 374/187/21
f 481/190/23 454/189/23 456/193/23 482/194/23
f 369/195/21 457/196/21 455/192/21 372/191/21
f 482/194/23 456/193/23 458/197/23 483/198/23
f 370/199/21 459/200/21 457/196/21 369/195/21
f 483/198/23 458/197/23 460/201/23 484/202/23
f 406/203/21 461/204/21 459/200/21 370/199/21
f 484/202/23 460/201/23 462/205/23 485/206/23
f 404/207/21 463/208/21 461/204/21 406/203/21
f 485/206/23 462/205/23 464/209/23 486/210/23
f 402/211/21 465/212/21 463/208/21 404/207/21
f 486/210/23 464/209/23 466/213/23 487/214/23
f 400/215/21 467/216/21 465/212/21 402/211/21
f 487/214/23 466/213/23 468/217/23 488/218/23
f 398/142/21 429/141/21 467/216/21 400/215/21
f 488/218/23 468/217/23 431/144/23 470/143/23
f 484/219/11 408/220/11 409/221/12 483/222/12
f 483/222/12 409/221/12 411/223/13 482/224/13
f 482/225/13 411/226/13 412/227/14 481/228/14
f 481/228/14 412/227/14 413/229/15 480/230/15
f 480/230/15 413/229/15 414/231/16 479/232/16
f 479/232/16 414/231/16 415/233/17 478/234/17
f 478/235/17 415/236/17 416/237/18 477/238/18
f 477/238/18 416/237/18 417/239/19 476/240/19
f 476/240/19 417/239/19 418/241/20 475/242/20
f 475/242/20 418/241/20 419/243/1 474/244/1
f 474/244/1 419/243/1 420/245/2 473/246/2
f 473/246/2 420/245/2 421/247/3 472/248/3
f 472/249/3 421/250/3 422/251/4 471/252/4
f 471/252/4 422/251/4 423/253/5 469/254/5
f 469/254/5 423/253/5 424/255/6 470/256/6
f 470/256/6 424/255/6 425/257/7 488/258/7
f 488/259/7 425/260/7 426/261/8 487/262/8
f 487/262/8 426/261/8 427/263/9 486/264/9
f 486/264/9 427/263/9 428/265/10 485/266/10
f 485/266/10 428/265/10 408/220/11 484/219/11
f 489/267/26 492/268/26 491/269/27 490/270/27
f 490/271/27 491/272/27 494/273/28 493/274/28
f 493/274/28 494/273/28 496/275/29 495/276/29
f 495/276/29 496/275/29 498/277/5 497/278/5
f 497/278/5 498/277/5 500/279/30 499/280/30
f 499/280/30 500/279/30 502/281/31 501/282/31
f 501/282/31 502/281/31 504/283/32 503/284/32
f 503/285/32 504/286/32 506/287/33 505/288/33
f 505/288/33 506/287/33 508/289/34 507/290/34
f 507/290/34 508/289/34 510/291/35 509/292/35
f 509/292/35 510/291/35 512/293/36 511/294/36
f 511/295/36 512/296/36 514/297/37 513/298/37
f 513/298/37 514/297/37 516/299/38 515/300/38
f 515/300/38 516/299/38 518/301/15 517/302/15
f 517/302/15 518/301/15 520/303/39 519/304/39
f 519/304/39 520/303/39 522/305/40 521/306/40
f 521/306/40 522/305/40 524/307/41 523/308/41
f 523/309/41 524/310/41 526/311/42 525/312/42
f 525/312/42 526/311/42 528/313/43 527/314/43
f 527/314/43 528/313/43 492/268/26 489/267/26
f 490/270/44 529/315/44 489/267/44
f 493/316/44 529/317/44 490/318/44
f 495/319/44 529/317/44 493/316/44
f 497/320/44 529/317/44 495/319/44
f 499/321/44 529/317/44 497/320/44
f 501/322/44 529/317/44 499/321/44
f 503/285/44 529/317/44 501/322/44
f 505/288/44 529/317/44 503/285/44
f 507/290/44 529/317/44 505/288/44
f 509/292/44 529/317/44 507/290/44
f 511/294/44 529/317/44 509/292/44
f 513/323/44 529/317/44 511/294/44
f 515/324/44 529/317/44 513/323/44
f 517/325/44 529/317/44 515/324/44
f 519/326/44 529/317/44 517/325/44
f 521/327/44 529/317/44 519/326/44
f 523/328/44 529/317/44 521/327/44
f 525/312/44 529/315/44 523/309/44
f 527/314/44 529/315/44 525/312/44
f 489/267/44 529/315/44 527/314/44
f 530/329/45 532/330/45 531/331/45
f 531/331/45 532/330/45 533/332/45
f 533/332/45 532/330/45 534/333/45
f 534/333/45 532/330/45 535/334/45
f 535/334/45 532/330/45 536/335/45
f 536/335/45 532/330/45 537/336/46
f 537/336/46 532/330/45 538/337/45
f 538/337/45 532/330/45 539/338/45
f 539/338/45 532/330/45 540/339/45
f 540/339/45 532/330/45 541/340/45
f 541/340/45 532/330/45 542/341/45
f 542/341/45 532/330/45 543/342/45
f 543/342/45 532/330/45 544/343/45
f 544/343/45 532/330/45 545/344/45
f 545/344/45 532/330/45 546/345/45
f 546/345/45 532/330/45 547/346/45
f 547/346/45 532/330/45 548/347/45
f 548/347/45 532/330/45 549/348/45
f 549/348/45 532/330/45 550/349/45
f 550/349/45 532/330/45 530/329/45
f 552/350/15 554/351/15 553/352/39 551/353/39
f 555/354/38 556/355/38 554/351/15 552/350/15
f 557/356/37 558/357/37 556/355/38 555/354/38
f 559/358/36 560/359/36 558/357/37 557/356/37
f 561/360/35 562/361/35 560/362/36 559/363/36
f 563/364/34 564/365/34 562/361/35 561/360/35
f 565/366/33 566/367/33 564/365/34 563/364/34
f 567/368/32 568/369/32 566/367/33 565/366/33
f 569/370/31 570/371/31 568/372/32 567/373/32
f 571/374/30 572/375/30 570/371/31 569/370/31
f 573/376/5 574/377/5 572/375/30 571/374/30
f 575/378/29 576/379/29 574/377/5 573/376/5
f 577/380/28 578/381/28 576/379/29 575/378/29
f 579/382/27 580/383/27 578/381/28 577/380/28
f 581/384/26 582/385/26 580/386/27 579/387/27
f 583/388/43 584/389/43 582/385/26 581/384/26
f 585/390/42 586/391/42 584/389/43 583/388/43
f 587/392/41 588/393/41 586/391/42 585/390/42
f 589/394/40 590/395/40 588/396/41 587/397/41
f 551/353/39 553/352/39 590/395/40 589/394/40
f 518/398/44 552/399/44 551/400/44 520/401/44
f 592/402/45 553/403/45 554/404/45 591/405/45
f 516/406/44 555/407/44 552/399/44 518/398/44
f 591/405/45 554/404/45 556/408/45 593/409/45
f 514/410/44 557/411/44 555/407/44 516/406/44
f 593/409/45 556/408/45 558/412/45 594/413/45
f 512/293/44 559/363/44 557/411/44 514/410/44
f 594/413/45 558/412/45 560/414/45 595/415/45
f 510/291/44 561/360/44 559/363/44 512/293/44
f 595/416/45 560/362/45 562/361/45 596/417/45
f 508/289/44 563/364/44 561/360/44 510/291/44
f 596/417/45 562/361/45 564/365/45 597/418/45
f 506/287/44 565/366/44 563/364/44 508/289/44
f 597/418/45 564/365/45 566/367/45 598/419/45
f 504/286/44 567/368/44 565/366/44 506/287/44
f 598/420/45 566/421/45 568/422/45 599/423/45
f 502/424/44 569/425/44 567/368/44 504/286/44
f 599/423/45 568/422/45 570/426/45 600/427/45
f 500/428/44 571/429/44 569/425/44 502/424/44
f 600/427/45 570/426/45 572/430/45 601/431/45
f 498/432/44 573/433/44 571/429/44 500/428/44
f 601/431/45 572/430/45 574/434/45 602/435/45
f 496/436/44 575/437/44 573/433/44 498/432/44
f 602/435/45 574/434/45 576/438/45 603/439/45
f 494/440/44 577/441/44 575/437/44 496/436/44
f 603/439/45 576/438/45 578/442/45 604/443/45
f 491/444/44 579/445/44 577/441/44 494/440/44
f 604/443/45 578/442/45 580/446/45 605/447/45
f 492/448/44 581/384/44 579/387/44 491/449/44
f 605/450/45 580/386/45 582/385/45 606/451/45
f 528/313/44 583/452/44 581/453/44 492/268/44
f 606/451/45 582/385/45 584/389/45 607/454/45
f 526/311/44 585/455/44 583/452/44 528/313/44
f 607/454/45 584/389/45 586/391/45 608/456/45
f 524/457/44 587/392/44 585/390/44 526/458/44
f 608/456/45 586/391/45 588/393/45 609/459/45
f 522/460/44 589/461/44 587/462/44 524/463/44
f 609/459/45 588/393/45 590/464/45 610/465/45
f 520/401/44 551/400/44 589/461/44 522/460/44
f 610/465/45 590/464/45 553/403/45 592/402/45
f 606/466/35 530/467/35 531/468/36 605/469/36
f 605/470/36 531/471/36 533/472/37 604/473/37
f 604/473/37 533/472/37 534/474/38 603/475/38
f 603/475/38 534/474/38 535/476/15 602/477/15
f 602/477/15 535/476/15 536/478/39 601/479/39
f 601/479/39 536/478/39 537/480/40 600/481/40
f 600/481/40 537/480/40 538/482/41 599/483/41
f 599/423/41 538/337/41 539/338/42 598/420/42
f 598/420/42 539/338/42 540/339/43 597/484/43
f 597/484/43 540/339/43 541/340/26 596/485/26
f 596/485/26 541/340/26 542/341/27 595/486/27
f 595/487/27 542/488/27 543/489/28 594/490/28
f 594/490/28 543/489/28 544/491/29 593/492/29
f 593/492/29 544/491/29 545/493/5 591/494/5
f 591/494/5 545/493/5 546/495/30 592/496/30
f 592/496/30 546/495/30 547/497/31 610/498/31
f 610/498/31 547/497/31 548/499/32 609/500/32
f 609/501/32 548/502/32 549/503/33 608/504/33
f 608/504/33 549/503/33 550/505/34 607/506/34
f 607/506/34 550/505/34 530/467/35 606/466/35
f 611/507/47 614/508/47 613/509/48 612/510/48
f 612/510/48 613/509/48 616/511/49 615/512/49
f 615/513/49 616/514/49 618/515/50 617/516/50
f 617/516/50 618/515/50 620/517/5 619/518/5
f 619/518/5 620/517/5 622/519/51 621/520/51
f 621/520/51 622/519/51 624/521/52 623/522/52
f 623/523/52 624/524/52 626/525/53 625/526/53
f 625/526/53 626/525/53 628/527/54 627/528/54
f 627/528/54 628/527/54 630/529/55 629/530/55
f 629/530/55 630/529/55 632/531/56 631/532/56
f 631/532/56 632/531/56 634/533/57 633/534/57
f 633/534/57 634/533/57 636/535/58 635/536/58
f 635/537/58 636/538/58 638/539/59 637/540/59
f 637/540/59 638/539/59 640/541/15 639/542/15
f 639/542/15 640/541/15 642/543/60 641/544/60
f 641/544/60 642/543/60 644/545/61 643/546/61
f 643/547/61 644/548/61 646/549/62 645/550/62
f 645/550/62 646/549/62 648/551/63 647/552/63
f 647/552/63 648/551/63 650/553/64 649/554/64
f 649/554/64 650/553/64 614/508/47 611/507/47
f 612/555/65 651/556/65 611/557/65
f 615/558/65 651/556/65 612/555/65
f 617/559/65 651/556/65 615/558/65
f 619/560/65 651/556/65 617/559/65
f 621/561/65 651/556/65 619/560/65
f 623/562/65 651/556/65 621/561/65
f 625/563/65 651/556/65 623/562/65
f 627/564/65 651/556/65 625/563/65
f 629/565/65 651/556/65 627/564/65
f 631/566/65 651/556/65 629/565/65
f 633/567/65 651/556/65 631/566/65
f 635/568/65 651/556/65 633/567/65
f 637/569/65 651/556/65 635/568/65
f 639/570/65 651/556/65 637/569/65
f 641/571/65 651/556/65 639/570/65
f 643/572/65 651/556/65 641/571/65
f 645/573/65 651/556/65 643/572/65
f 647/574/65 651/556/65 645/573/65
f 649/575/65 651/556/65 647/574/65
f 611/557/65 651/556/65 649/575/65
f 652/576/66 654/577/66 653/578/66
f 653/578/66 654/577/66 655/579/66
f 655/579/66 654/577/66 656/580/66
f 656/580/66 654/577/66 657/581/66
f 657/581/66 654/577/66 658/582/66
f 658/582/66 654/577/66 659/583/66
f 659/583/66 654/577/66 660/584/66
f 660/584/66 654/577/66 661/585/66
f 661/585/66 654/577/66 662/586/66
f 662/586/66 654/577/66 663/587/66
f 663/587/66 654/577/66 664/588/66
f 664/588/66 654/577/66 665/589/66
f 665/589/66 654/577/66 666/590/66
f 666/590/66 654/577/66 667/591/66
f 667/591/66 654/577/66 668/592/66
f 668/592/66 654/577/66 669/593/66
f 669/593/66 654/577/66 670/594/66
f 670/594/66 654/577/66 671/595/66
f 671/595/66 654/577/66 672/596/66
f 672/596/66 654/577/66 652/576/66
f 674/597/15 676/598/15 675/599/60 673/600/60
f 677/601/59 678/602/59 676/598/15 674/597/15
f 679/603/58 680/604/58 678/602/59 677/601/59
f 681/605/57 682/606/57 680/607/58 679/608/58
f 683/609/56 684/610/56 682/606/57 681/605/57
f 685/611/55 686/612/55 684/610/56 683/609/56
f 687/613/54 688/614/54 686/612/55 685/611/55
f 689/615/67 690/616/67 688/614/54 687/613/54
f 691/617/52 692/618/52 690/616/67 689/615/67
f 693/619/51 694/620/51 692/621/52 691/622/52
f 695/623/5 696/624/5 694/620/51 693/619/51
f 697/625/50 698/626/50 696/624/5 695/623/5
f 699/627/49 700/628/49 698/626/50 697/625/50
f 701/629/48 702/630/48 700/631/49 699/632/49
f 703/633/47 704/634/47 702/630/48 701/629/48
f 705/635/64 706/636/64 704/634/47 703/633/47
f 707/637/63 708/638/63 706/636/64 705/635/64
f 709/639/68 710/640/68 708/638/63 707/637/63
f 711/641/61 712/642/61 710/640/68 709/639/68
f 673/600/60 675/599/60 712/643/61 711/644/61
f 640/645/65 674/646/65 673/647/65 642/648/65
f 714/649/66 675/650/66 676/651/66 713/652/66
f 638/653/65 677/654/65 674/646/65 640/645/65
f 713/652/66 676/651/66 678/655/66 715/656/66
f 636/657/65 679/658/65 677/654/65 638/653/65
f 715/656/66 678/655/66 680/659/66 716/660/66
f 634/661/65 681/662/65 679/658/65 636/657/65
f 716/660/66 680/659/66 682/663/66 717/664/66
f 632/665/65 683/666/65 681/662/65 634/661/65
f 717/664/66 682/663/66 684/667/66 718/668/66
f 630/669/65 685/670/65 683/666/65 632/665/65
f 718/668/66 684/667/66 686/671/66 719/672/66
f 628/673/65 687/674/65 685/670/65 630/669/65
f 719/672/66 686/671/66 688/675/66 720/676/66
f 626/677/65 689/678/65 687/674/65 628/673/65
f 720/676/66 688/675/66 690/679/66 721/680/66
f 624/681/65 691/682/65 689/678/65 626/677/65
f 721/680/66 690/679/66 692/683/66 722/684/66
f 622/685/65 693/686/65 691/682/65 624/681/65
f 722/684/66 692/683/66 694/687/66 723/688/66
f 620/689/65 695/690/65 693/686/65 622/685/65
f 723/688/66 694/687/66 696/691/66 724/692/66
f 618/693/65 697/694/65 695/690/65 620/689/65
f 724/692/66 696/691/66 698/695/66 725/696/66
f 616/697/65 699/698/65 697/694/65 618/693/65
f 725/696/66 698/695/66 700/699/66 726/700/66
f 613/701/65 701/702/65 699/698/65 616/697/65
f 726/700/66 700/699/66 702/703/66 727/704/66
f 614/705/65 703/706/65 701/702/65 613/701/65
f 727/704/66 702/703/66 704/707/66 728/708/66
f 650/709/65 705/710/65 703/706/65 614/705/65
f 728/708/66 704/707/66 706/711/66 729/712/66
f 648/713/65 707/714/65 705/710/65 650/709/65
f 729/712/66 706/711/66 708/715/66 730/716/66
f 646/717/65 709/718/65 707/714/65 648/713/65
f 730/716/66 708/715/66 710/719/66 731/720/66
f 644/721/65 711/722/65 709/718/65 646/717/65
f 731/720/66 710/719/66 712/723/66 732/724/66
f 642/648/65 673/647/65 711/722/65 644/721/65
f 732/724/66 712/723/66 675/650/66 714/649/66
f 728/725/56 652/726/56 653/727/57 727/728/57
f 727/728/57 653/727/57 655/729/58 726/730/58
f 726/731/58 655/732/58 656/733/59 725/734/59
f 725/734/59 656/733/59 657/735/15 724/736/15
f 724/736/15 657/735/15 658/737/60 723/738/60
f 723/738/60 658/737/60 659/739/61 722/740/61
f 722/741/61 659/742/61 660/743/68 721/744/68
f 721/744/68 660/743/68 661/745/63 720/746/63
f 720/746/63 661/745/63 662/747/64 719/748/64
f 719/748/64 662/747/64 663/749/47 718/750/47
f 718/750/47 663/749/47 664/751/48 717/752/48
f 717/752/48 664/751/48 665/753/49 716/754/49
f 716/755/49 665/756/49 666/757/50 715/758/50
f 715/758/50 666/757/50 667/759/5 713/760/5
f 713/760/5 667/759/5 668/761/51 714/762/51
f 714/762/51 668/761/51 669/763/52 732/764/52
f 732/765/52 669/766/52 670/767/67 731/768/67
f 731/768/67 670/767/67 671/769/54 730/770/54
f 730/770/54 671/769/54 672/771/55 729/772/55
f 729/772/55 672/771/55 652/726/56 728/725/56
f 1/773/11 2/774/12 56/775/12 57/776/11
f 2/774/12 3/777/13 55/778/13 56/775/12
f 3/779/13 4/780/14 54/781/14 55/782/13
f 4/780/14 5/783/15 53/784/15 54/781/14
f 5/783/15 6/785/16 52/786/16 53/784/15
f 6/785/16 7/787/17 51/788/17 52/786/16
f 7/789/17 8/790/18 50/791/18 51/792/17
f 8/790/18 9/793/19 49/794/19 50/791/18
f 9/793/19 10/795/20 48/796/20 49/794/19
f 10/795/20 11/797/1 47/798/1 48/796/20
f 11/797/1 12/799/2 46/800/2 47/798/1
f 12/799/2 13/801/3 45/802/3 46/800/2
f 13/803/3 14/804/4 44/805/4 45/806/3
f 14/804/4 15/807/5 43/808/5 44/805/4
f 15/807/5 16/809/6 42/810/6 43/808/5
f 16/809/6 17/811/7 61/812/7 42/810/6
f 17/813/7 18/814/8 60/815/8 61/816/7
f 18/814/8 19/817/9 59/818/9 60/815/8
f 19/817/9 20/819/10 58/820/10 59/818/9
f 20/819/10 1/773/11 57/776/11 58/820/10
f 2/821/23 1/822/23 41/823/23
f 3/824/23 2/821/23 41/823/23
f 4/825/25 3/824/23 41/823/23
f 5/826/23 4/825/25 41/823/23
f 6/827/23 5/826/23 41/823/23
f 7/828/25 6/827/23 41/823/23
f 8/829/23 7/828/25 41/823/23
f 9/830/23 8/829/23 41/823/23
f 10/831/23 9/830/23 41/823/23
f 11/832/23 10/831/23 41/823/23
f 12/833/23 11/832/23 41/823/23
f 13/834/23 12/833/23 41/823/23
f 14/835/23 13/834/23 41/823/23
f 15/836/23 14/835/23 41/823/23
f 16/837/23 15/836/23 41/823/23
f 17/838/23 16/837/23 41/823/23
f 18/839/23 17/838/23 41/823/23
f 19/840/23 18/839/23 41/823/23
f 20/841/23 19/840/23 41/823/23
f 1/822/23 20/841/23 41/823/23
f 102/842/21 103/843/69 104/844/21
f 103/843/69 105/845/21 104/844/21
f 105/845/21 106/846/22 104/844/21
f 106/846/22 107/847/21 104/844/21
f 107/847/21 108/848/21 104/844/21
f 108/848/21 109/849/21 104/844/21
f 109/849/21 110/850/69 104/844/21
f 110/850/69 111/851/21 104/844/21
f 111/851/21 112/852/21 104/844/21
f 112/852/21 113/853/21 104/844/21
f 113/853/21 114/854/21 104/844/21
f 114/854/21 115/855/21 104/844/21
f 115/855/21 116/856/21 104/844/21
f 116/856/21 117/857/21 104/844/21
f 117/857/21 118/858/22 104/844/21
f 118/858/22 119/859/21 104/844/21
f 119/859/21 120/860/69 104/844/21
f 120/860/69 121/861/21 104/844/21
f 121/861/21 122/862/22 104/844/21
f 122/862/22 102/842/21 104/844/21
f 63/863/5 62/864/6 64/865/6 65/866/5
f 66/867/4 63/863/5 65/866/5 67/868/4
f 68/869/3 66/867/4 67/868/4 69/870/3
f 70/871/2 68/872/3 69/873/3 71/874/2
f 72/875/1 70/871/2 71/874/2 73/876/1
f 74/877/20 72/875/1 73/876/1 75/878/20
f 76/879/19 74/877/20 75/878/20 77/880/19
f 78/881/18 76/879/19 77/880/19 79/882/18
f 80/883/17 78/881/18 79/882/18 81/884/17
f 82/885/16 80/886/17 81/887/17 83/888/16
f 84/889/15 82/885/16 83/888/16 85/890/15
f 86/891/14 84/889/15 85/890/15 87/892/14
f 88/893/13 86/891/14 87/892/14 89/894/13
f 90/895/12 88/896/13 89/897/13 91/898/12
f 92/899/11 90/895/12 91/898/12 93/900/11
f 94/901/10 92/899/11 93/900/11 95/902/10
f 96/903/9 94/901/10 95/902/10 97/904/9
f 98/905/8 96/903/9 97/904/9 99/906/8
f 100/907/7 98/905/8 99/906/8 101/908/7
f 62/864/6 100/909/7 101/910/7 64/865/6
f 43/911/23 42/912/23 62/913/23 63/914/23
f 36/915/21 35/916/21 65/917/21 64/918/21
f 44/919/23 43/911/23 63/914/23 66/920/23
f 35/916/21 34/921/21 67/922/21 65/917/21
f 45/923/23 44/919/23 66/920/23 68/924/23
f 34/921/21 33/925/21 69/926/21 67/922/21
f 46/927/23 45/923/23 68/924/23 70/928/23
f 33/925/21 32/929/21 71/930/21 69/926/21
f 47/931/23 46/927/23 70/928/23 72/932/23
f 32/929/21 31/933/21 73/934/21 71/930/21
f 48/935/23 47/931/23 72/932/23 74/936/23
f 31/933/21 30/937/21 75/938/21 73/934/21
f 49/939/23 48/935/23 74/936/23 76/940/23
f 30/937/21 29/941/21 77/942/21 75/938/21
f 50/943/23 49/939/23 76/940/23 78/944/23
f 29/941/21 28/945/21 79/946/21 77/942/21
f 51/947/23 50/943/23 78/944/23 80/948/23
f 28/945/21 27/949/21 81/950/21 79/946/21
f 52/951/23 51/947/23 80/948/23 82/952/23
f 27/949/21 26/953/21 83/954/21 81/950/21
f 53/955/23 52/951/23 82/952/23 84/956/23
f 26/953/21 25/957/21 85/958/21 83/954/21
f 54/959/23 53/955/23 84/956/23 86/960/23
f 25/957/21 24/961/21 87/962/21 85/958/21
f 55/963/23 54/959/23 86/960/23 88/964/23
f 24/961/21 23/965/21 89/966/21 87/962/21
f 56/967/23 55/963/23 88/964/23 90/968/23
f 23/965/21 22/969/21 91/970/21 89/966/21
f 57/971/23 56/967/23 90/968/23 92/972/23
f 22/969/21 21/973/21 93/974/21 91/970/21
f 58/975/23 57/971/23 92/972/23 94/976/23
f 21/973/21 40/977/21 95/978/21 93/974/21
f 59/979/23 58/975/23 94/976/23 96/980/23
f 40/977/21 39/981/21 97/982/21 95/978/21
f 60/983/23 59/979/23 96/980/23 98/984/23
f 39/981/21 38/985/21 99/986/21 97/982/21
f 61/987/23 60/983/23 98/984/23 100/988/23
f 38/985/21 37/989/21 101/990/21 99/986/21
f 42/912/23 61/987/23 100/988/23 62/913/23
f 37/989/21 36/915/21 64/918/21 101/990/21
f 21/991/1 22/992/2 103/993/2 102/994/1
f 22/992/2 23/995/3 105/996/3 103/993/2
f 23/997/3 24/998/4 106/999/4 105/1000/3
f 24/998/4 25/1001/5 107/1002/5 106/999/4
f 25/1001/5 26/1003/6 108/1004/6 107/1002/5
f 26/1003/6 27/1005/7 109/1006/7 108/1004/6
f 27/1007/7 28/1008/8 110/1009/8 109/1010/7
f 28/1008/8 29/1011/9 111/1012/9 110/1009/8
f 29/1011/9 30/1013/10 112/1014/10 111/1012/9
f 30/1013/10 31/1015/11 113/1016/11 112/1014/10
f 31/1015/11 32/1017/12 114/1018/12 113/1016/11
f 32/1017/12 33/1019/13 115/1020/13 114/1018/12
f 33/1021/13 34/1022/14 116/1023/14 115/1024/13
f 34/1022/14 35/1025/15 117/1026/15 116/1023/14
f 35/1025/15 36/1027/16 118/1028/16 117/1026/15
f 36/1027/16 37/1029/17 119/1030/17 118/1028/16
f 37/1031/17 38/1032/18 120/1033/18 119/1034/17
f 38/1032/18 39/1035/19 121/1036/19 120/1033/18
f 39/1035/19 40/1037/20 122/1038/20 121/1036/19
f 40/1037/20 21/991/1 102/994/1 122/1038/20
f 123/1039/35 124/1040/36 178/1041/36 179/1042/35
f 124/1043/36 125/1044/37 177/1045/37 178/1046/36
f 125/1044/37 126/1047/38 176/1048/38 177/1045/37
f 126/1047/38 127/1049/15 175/1050/15 176/1048/38
f 127/1049/15 128/1051/39 174/1052/39 175/1050/15
f 128/1051/39 129/1053/40 173/1054/40 174/1052/39
f 129/1053/40 130/1055/41 172/1056/41 173/1054/40
f 130/1057/41 131/1058/42 171/1059/42 172/1060/41
f 131/1058/42 132/1061/43 170/1062/43 171/1059/42
f 132/1061/43 133/1063/26 169/1064/26 170/1062/43
f 133/1063/26 134/1065/27 168/1066/27 169/1064/26
f 134/1067/27 135/1068/28 167/1069/28 168/1070/27
f 135/1068/28 136/1071/29 166/1072/29 167/1069/28
f 136/1071/29 137/1073/5 165/1074/5 166/1072/29
f 137/1073/5 138/1075/30 164/1076/30 165/1074/5
f 138/1075/30 139/1077/31 183/1078/31 164/1076/30
f 139/1077/31 140/1079/32 182/1080/32 183/1078/31
f 140/1081/32 141/1082/33 181/1083/33 182/1084/32
f 141/1082/33 142/1085/34 180/1086/34 181/1083/33
f 142/1085/34 123/1039/35 179/1042/35 180/1086/34
f 124/1087/45 123/1088/45 163/1089/45
f 125/1090/45 124/1087/45 163/1089/45
f 126/1091/45 125/1090/45 163/1089/45
f 127/1092/45 126/1091/45 163/1089/45
f 128/1093/45 127/1092/45 163/1089/45
f 129/1094/45 128/1093/45 163/1089/45
f 130/1057/45 129/1094/45 163/1089/45
f 131/1058/45 130/1057/45 163/1089/45
f 132/1061/45 131/1058/45 163/1089/45
f 133/1063/45 132/1061/45 163/1089/45
f 134/1065/45 133/1063/45 163/1089/45
f 135/1095/45 134/1065/45 163/1089/45
f 136/1096/45 135/1095/45 163/1089/45
f 137/1097/45 136/1096/45 163/1089/45
f 138/1098/45 137/1097/45 163/1089/45
f 139/1099/45 138/1098/45 163/1089/45
f 140/1100/45 139/1099/45 163/1089/45
f 141/1082/45 140/1081/45 163/1101/45
f 142/1085/45 141/1082/45 163/1101/45
f 123/1039/45 142/1085/45 163/1101/45
f 224/1102/44 225/1103/44 226/1104/44
f 225/1103/44 227/1105/44 226/1104/44
f 227/1105/44 228/1106/44 226/1104/44
f 228/1106/44 229/1107/44 226/1104/44
f 229/1107/44 230/1108/44 226/1104/44
f 230/1108/44 231/1109/70 226/1104/44
f 231/1109/70 232/1110/44 226/1104/44
f 232/1110/44 233/1111/44 226/1104/44
f 233/1111/44 234/1112/44 226/1104/44
f 234/1112/44 235/1113/44 226/1104/44
f 235/1113/44 236/1114/44 226/1104/44
f 236/1115/44 237/1116/44 226/1117/44
f 237/1116/44 238/1118/44 226/1117/44
f 238/1118/44 239/1119/44 226/1117/44
f 239/1119/44 240/1120/44 226/1117/44
f 240/1120/44 241/1121/44 226/1117/44
f 241/1121/44 242/1122/44 226/1117/44
f 242/1122/44 243/1123/44 226/1117/44
f 243/1124/44 244/1125/44 226/1104/44
f 244/1125/44 224/1102/44 226/1104/44
f 185/1126/5 184/1127/30 186/1128/30 187/1129/5
f 188/1130/29 185/1126/5 187/1129/5 189/1131/29
f 190/1132/28 188/1130/29 189/1131/29 191/1133/28
f 192/1134/27 190/1132/28 191/1133/28 193/1135/27
f 194/1136/26 192/1137/27 193/1138/27 195/1139/26
f 196/1140/43 194/1136/26 195/1139/26 197/1141/43
f 198/1142/42 196/1140/43 197/1141/43 199/1143/42
f 200/1144/41 198/1142/42 199/1143/42 201/1145/41
f 202/1146/40 200/1147/41 201/1148/41 203/1149/40
f 204/1150/39 202/1146/40 203/1149/40 205/1151/39
f 206/1152/15 204/1150/39 205/1151/39 207/1153/15
f 208/1154/38 206/1152/15 207/1153/15 209/1155/38
f 210/1156/37 208/1154/38 209/1155/38 211/1157/37
f 212/1158/36 210/1156/37 211/1157/37 213/1159/36
f 214/1160/35 212/1161/36 213/1162/36 215/1163/35
f 216/1164/34 214/1160/35 215/1163/35 217/1165/34
f 218/1166/33 216/1164/34 217/1165/34 219/1167/33
f 220/1168/32 218/1166/33 219/1167/33 221/1169/32
f 222/1170/31 220/1171/32 221/1172/32 223/1173/31
f 184/1127/30 222/1170/31 223/1173/31 186/1128/30
f 165/1174/45 164/1175/45 184/1176/45 185/1177/45
f 158/1178/44 157/1179/44 187/1180/44 186/1181/44
f 166/1182/45 165/1174/45 185/1177/45 188/1183/45
f 157/1179/44 156/1184/44 189/1185/44 187/1180/44
f 167/1186/45 166/1182/45 188/1183/45 190/1187/45
f 156/1184/44 155/1188/44 191/1189/44 189/1185/44
f 168/1066/45 167/1186/45 190/1187/45 192/1137/45
f 155/1188/44 154/1190/44 193/1191/44 191/1189/44
f 169/1064/45 168/1066/45 192/1137/45 194/1136/45
f 154/1192/44 153/1193/44 195/1139/44 193/1138/44
f 170/1062/45 169/1064/45 194/1136/45 196/1140/45
f 153/1193/44 152/1194/44 197/1141/44 195/1139/44
f 171/1059/45 170/1062/45 196/1140/45 198/1142/45
f 152/1194/44 151/1195/44 199/1143/44 197/1141/44
f 172/1060/45 171/1059/45 198/1142/45 200/1144/45
f 151/1195/44 150/1196/44 201/1145/44 199/1143/44
f 173/1197/45 172/1060/45 200/1144/45 202/1198/45
f 150/1199/44 149/1200/44 203/1201/44 201/1202/44
f 174/1203/45 173/1197/45 202/1198/45 204/1204/45
f 149/1200/44 148/1205/44 205/1206/44 203/1201/44
f 175/1207/45 174/1203/45 204/1204/45 206/1208/45
f 148/1205/44 147/1209/44 207/1210/44 205/1206/44
f 176/1211/45 175/1207/45 206/1208/45 208/1212/45
f 147/1209/44 146/1213/44 209/1214/44 207/1210/44
f 177/1215/45 176/1211/45 208/1212/45 210/1216/45
f 146/1213/44 145/1217/44 211/1218/44 209/1214/44
f 178/1219/45 177/1215/45 210/1216/45 212/1220/45
f 145/1217/44 144/1221/44 213/1162/44 211/1218/44
f 179/1222/45 178/1223/45 212/1224/45 214/1225/45
f 144/1221/44 143/1226/44 215/1163/44 213/1162/44
f 180/1086/45 179/1042/45 214/1227/45 216/1228/45
f 143/1226/44 162/1229/70 217/1165/70 215/1163/44
f 181/1230/45 180/1231/45 216/1164/45 218/1166/45
f 162/1229/70 161/1232/44 219/1167/44 217/1165/70
f 182/1233/45 181/1230/45 218/1166/45 220/1168/45
f 161/1232/44 160/1234/44 221/1169/44 219/1167/44
f 183/1235/45 182/1236/45 220/1237/45 222/1238/45
f 160/1234/44 159/1239/44 223/1240/44 221/1169/44
f 164/1175/45 183/1235/45 222/1238/45 184/1176/45
f 159/1239/44 158/1178/44 186/1181/44 223/1240/44
f 143/1241/26 144/1242/27 225/1243/27 224/1244/26
f 144/1245/27 145/1246/28 227/1247/28 225/1248/27
f 145/1246/28 146/1249/29 228/1250/29 227/1247/28
f 146/1249/29 147/1251/5 229/1252/5 228/1250/29
f 147/1251/5 148/1253/30 230/1254/30 229/1252/5
f 148/1253/30 149/1255/31 231/1256/31 230/1254/30
f 149/1255/31 150/1257/32 232/1258/32 231/1256/31
f 150/1259/32 151/1260/33 233/1111/33 232/1110/32
f 151/1260/33 152/1261/34 234/1112/34 233/1111/33
f 152/1261/34 153/1262/35 235/1113/35 234/1112/34
f 153/1262/35 154/1263/36 236/1114/36 235/1113/35
f 154/1264/36 155/1265/37 237/1266/37 236/1267/36
f 155/1265/37 156/1268/38 238/1269/38 237/1266/37
f 156/1268/38 157/1270/15 239/1271/15 238/1269/38
f 157/1270/15 158/1272/39 240/1273/39 239/1271/15
f 158/1272/39 159/1274/40 241/1275/40 240/1273/39
f 159/1274/40 160/1276/41 242/1277/41 241/1275/40
f 160/1278/41 161/1279/42 243/1124/42 242/1280/41
f 161/1279/42 162/1281/43 244/1125/43 243/1124/42
f 162/1282/43 143/1241/26 224/1244/26 244/1283/43
f 245/1284/56 246/1285/71 300/1286/71 301/1287/56
f 246/1285/71 247/1288/58 299/1289/58 300/1286/71
f 247/1290/58 248/1291/59 298/1292/59 299/1293/58
f 248/1291/59 249/1294/15 297/1295/15 298/1292/59
f 249/1294/15 250/1296/60 296/1297/60 297/1295/15
f 250/1296/60 251/1298/61 295/1299/61 296/1297/60
f 251/1300/61 252/1301/62 294/1302/62 295/1303/61
f 252/1301/62 253/1304/63 293/1305/63 294/1302/62
f 253/1304/63 254/1306/64 292/1307/64 293/1305/63
f 254/1306/64 255/1308/47 291/1309/47 292/1307/64
f 255/1308/47 256/1310/72 290/1311/72 291/1309/47
f 256/1310/72 257/1312/49 289/1313/49 290/1311/72
f 257/1314/49 258/1315/50 288/1316/50 289/1317/49
f 258/1315/50 259/1318/5 287/1319/5 288/1316/50
f 259/1318/5 260/1320/51 286/1321/51 287/1319/5
f 260/1320/51 261/1322/52 305/1323/52 286/1321/51
f 261/1324/52 262/1325/67 304/1326/67 305/1327/52
f 262/1325/67 263/1328/54 303/1329/54 304/1326/67
f 263/1328/54 264/1330/55 302/1331/55 303/1329/54
f 264/1330/55 245/1284/56 301/1287/56 302/1331/55
f 246/1332/66 245/1333/66 285/1334/66
f 247/1335/66 246/1332/66 285/1334/66
f 248/1336/66 247/1335/66 285/1334/66
f 249/1337/66 248/1336/66 285/1334/66
f 250/1338/66 249/1337/66 285/1334/66
f 251/1339/66 250/1338/66 285/1334/66
f 252/1340/66 251/1339/66 285/1334/66
f 253/1341/66 252/1340/66 285/1334/66
f 254/1342/66 253/1341/66 285/1334/66
f 255/1343/66 254/1342/66 285/1334/66
f 256/1344/66 255/1343/66 285/1334/66
f 257/1345/66 256/1344/66 285/1334/66
f 258/1346/66 257/1345/66 285/1334/66
f 259/1347/66 258/1346/66 285/1334/66
f 260/1348/66 259/1347/66 285/1334/66
f 261/1349/66 260/1348/66 285/1334/66
f 262/1350/66 261/1349/66 285/1334/66
f 263/1351/66 262/1350/66 285/1334/66
f 264/1352/66 263/1351/66 285/1334/66
f 245/1333/66 264/1352/66 285/1334/66
f 346/1353/65 347/1354/65 348/1355/65
f 347/1354/65 349/1356/65 348/1355/65
f 349/1356/65 350/1357/65 348/1355/65
f 350/1357/65 351/1358/65 348/1355/65
f 351/1358/65 352/1359/65 348/1355/65
f 352/1359/65 353/1360/65 348/1355/65
f 353/1360/65 354/1361/65 348/1355/65
f 354/1361/65 355/1362/65 348/1355/65
f 355/1362/65 356/1363/65 348/1355/65
f 356/1363/65 357/1364/65 348/1355/65
f 357/1364/65 358/1365/65 348/1355/65
f 358/1365/65 359/1366/65 348/1355/65
f 359/1366/65 360/1367/65 348/1355/65
f 360/1367/65 361/1368/65 348/1355/65
f 361/1368/65 362/1369/65 348/1355/65
f 362/1369/65 363/1370/65 348/1355/65
f 363/1370/65 364/1371/65 348/1355/65
f 364/1371/65 365/1372/65 348/1355/65
f 365/1372/65 366/1373/65 348/1355/65
f 366/1373/65 346/1353/65 348/1355/65
f 307/1374/5 306/1375/51 308/1376/51 309/1377/5
f 310/1378/50 307/1374/5 309/1377/5 311/1379/50
f 312/1380/49 310/1378/50 311/1379/50 313/1381/49
f 314/1382/72 312/1383/49 313/1384/49 315/1385/72
f 316/1386/47 314/1382/72 315/1385/72 317/1387/47
f 318/1388/64 316/1386/47 317/1387/47 319/1389/64
f 320/1390/63 318/1388/64 319/1389/64 321/1391/63
f 322/1392/62 320/1390/63 321/1391/63 323/1393/62
f 324/1394/61 322/1392/62 323/1393/62 325/1395/61
f 326/1396/60 324/1397/61 325/1398/61 327/1399/60
f 328/1400/15 326/1396/60 327/1399/60 329/1401/15
f 330/1402/59 328/1400/15 329/1401/15 331/1403/59
f 332/1404/58 330/1402/59 331/1403/59 333/1405/58
f 334/1406/71 332/1407/58 333/1408/58 335/1409/71
f 336/1410/56 334/1406/71 335/1409/71 337/1411/56
f 338/1412/55 336/1410/56 337/1411/56 339/1413/55
f 340/1414/54 338/1412/55 339/1413/55 341/1415/54
f 342/1416/53 340/1414/54 341/1415/54 343/1417/53
f 344/1418/52 342/1416/53 343/1417/53 345/1419/52
f 306/1375/51 344/1420/52 345/1421/52 308/1376/51
f 287/1422/66 286/1423/66 306/1424/66 307/1425/66
f 280/1426/65 279/1427/65 309/1428/65 308/1429/65
f 288/1430/66 287/1422/66 307/1425/66 310/1431/66
f 279/1427/65 278/1432/65 311/1433/65 309/1428/65
f 289/1434/66 288/1430/66 310/1431/66 312/1435/66
f 278/1432/65 277/1436/65 313/1437/65 311/1433/65
f 290/1438/66 289/1434/66 312/1435/66 314/1439/66
f 277/1436/65 276/1440/65 315/1441/65 313/1437/65
f 291/1442/66 290/1438/66 314/1439/66 316/1443/66
f 276/1440/65 275/1444/65 317/1445/65 315/1441/65
f 292/1446/66 291/1442/66 316/1443/66 318/1447/66
f 275/1444/65 274/1448/65 319/1449/65 317/1445/65
f 293/1450/66 292/1446/66 318/1447/66 320/1451/66
f 274/1448/65 273/1452/65 321/1453/65 319/1449/65
f 294/1454/66 293/1450/66 320/1451/66 322/1455/66
f 273/1452/65 272/1456/65 323/1457/65 321/1453/65
f 295/1458/66 294/1454/66 322/1455/66 324/1459/66
f 272/1456/65 271/1460/65 325/1461/65 323/1457/65
f 296/1462/66 295/1458/66 324/1459/66 326/1463/66
f 271/1460/65 270/1464/65 327/1465/65 325/1461/65
f 297/1466/66 296/1462/66 326/1463/66 328/1467/66
f 270/1464/65 269/1468/65 329/1469/65 327/1465/65
f 298/1470/66 297/1466/66 328/1467/66 330/1471/66
f 269/1468/65 268/1472/65 331/1473/65 329/1469/65
f 299/1474/66 298/1470/66 330/1471/66 332/1475/66
f 268/1472/65 267/1476/65 333/1477/65 331/1473/65
f 300/1478/66 299/1474/66 332/1475/66 334/1479/66
f 267/1476/65 266/1480/65 335/1481/65 333/1477/65
f 301/1482/66 300/1478/66 334/1479/66 336/1483/66
f 266/1480/65 265/1484/65 337/1485/65 335/1481/65
f 302/1486/66 301/1482/66 336/1483/66 338/1487/66
f 265/1484/65 284/1488/65 339/1489/65 337/1485/65
f 303/1490/66 302/1486/66 338/1487/66 340/1491/66
f 284/1488/65 283/1492/65 341/1493/65 339/1489/65
f 304/1494/66 303/1490/66 340/1491/66 342/1495/66
f 283/1492/65 282/1496/65 343/1497/65 341/1493/65
f 305/1498/66 304/1494/66 342/1495/66 344/1499/66
f 282/1496/65 281/1500/65 345/1501/65 343/1497/65
f 286/1423/66 305/1498/66 344/1499/66 306/1424/66
f 281/1500/65 280/1426/65 308/1429/65 345/1501/65
f 265/1502/47 266/1503/72 347/1504/72 346/1505/47
f 266/1503/72 267/1506/49 349/1507/49 347/1504/72
f 267/1508/49 268/1509/50 350/1510/50 349/1511/49
f 268/1509/50 269/1512/5 351/1513/5 350/1510/50
f 269/1512/5 270/1514/51 352/1515/51 351/1513/5
f 270/1514/51 271/1516/52 353/1517/52 352/1515/51
f 271/1518/52 272/1519/53 354/1520/53 353/1521/52
f 272/1519/53 273/1522/54 355/1523/54 354/1520/53
f 273/1522/54 274/1524/55 356/1525/55 355/1523/54
f 274/1524/55 275/1526/56 357/1527/56 356/1525/55
f 275/1526/56 276/1528/71 358/1529/71 357/1527/56
f 276/1528/71 277/1530/58 359/1531/58 358/1529/71
f 277/1532/58 278/1533/59 360/1534/59 359/1535/58
f 278/1533/59 279/1536/15 361/1537/15 360/1534/59
f 279/1536/15 280/1538/60 362/1539/60 361/1537/15
f 280/1538/60 281/1540/61 363/1541/61 362/1539/60
f 281/1542/61 282/1543/62 364/1544/62 363/1545/61
f 282/1543/62 283/1546/63 365/1547/63 364/1544/62
f 283/1546/63 284/1548/64 366/1549/64 365/1547/63
f 284/1548/64 265/1502/47 346/1505/47 366/1549/64
f 855/1550/73 856/1551/74 857/1552/74 858/1553/73
f 856/1554/74 859/1555/75 860/1556/75 857/1557/74
f 859/1555/75 861/1558/76 862/1559/76 860/1556/75
f 861/1558/76 863/1560/5 864/1561/5 862/1559/76
f 863/1560/5 865/1562/77 866/1563/77 864/1561/5
f 865/1562/77 867/1564/78 868/1565/78 866/1563/77
f 867/1564/78 869/1566/79 870/1567/79 868/1565/78
f 869/1568/79 871/1569/80 872/1570/80 870/1571/79
f 871/1569/80 873/1572/81 874/1573/81 872/1570/80
f 873/1572/81 875/1574/82 876/1575/82 874/1573/81
f 875/1574/82 877/1576/83 878/1577/83 876/1575/82
f 877/1578/83 879/1579/84 880/1580/84 878/1581/83
f 879/1579/84 881/1582/85 882/1583/85 880/1580/84
f 881/1582/85 883/1584/15 884/1585/15 882/1583/85
f 883/1584/15 885/1586/86 886/1587/86 884/1585/15
f 885/1586/86 887/1588/87 888/1589/87 886/1587/86
f 887/1588/87 889/1590/88 890/1591/88 888/1589/87
f 889/1592/88 891/1593/89 892/1594/89 890/1595/88
f 891/1593/89 893/1596/90 894/1597/90 892/1594/89
f 893/1596/90 855/1550/73 858/1553/73 894/1597/90
f 856/1598/91 855/1599/91 895/1600/91
f 859/1601/91 856/1598/91 895/1600/91
f 861/1602/91 859/1601/91 895/1600/91
f 863/1603/91 861/1602/91 895/1600/91
f 865/1604/91 863/1603/91 895/1600/91
f 867/1605/91 865/1604/91 895/1600/91
f 869/1568/91 867/1605/91 895/1600/91
f 871/1569/91 869/1568/91 895/1600/91
f 873/1572/91 871/1569/91 895/1600/91
f 875/1574/91 873/1572/91 895/1600/91
f 877/1576/91 875/1574/91 895/1600/91
f 879/1606/91 877/1576/91 895/1600/91
f 881/1607/91 879/1606/91 895/1600/91
f 883/1608/91 881/1607/91 895/1600/91
f 885/1609/91 883/1608/91 895/1600/91
f 887/1610/91 885/1609/91 895/1600/91
f 889/1611/91 887/1610/91 895/1600/91
f 891/1593/91 889/1592/91 895/1612/91
f 893/1596/91 891/1593/91 895/1612/91
f 855/1550/91 893/1596/91 895/1612/91
f 896/1613/92 897/1614/92 898/1615/92
f 897/1614/92 899/1616/92 898/1615/92
f 899/1616/92 900/1617/93 898/1615/92
f 900/1617/93 901/1618/92 898/1615/92
f 901/1618/92 902/1619/92 898/1615/92
f 902/1619/92 903/1620/92 898/1615/92
f 903/1620/92 904/1621/92 898/1615/92
f 904/1621/92 905/1622/92 898/1615/92
f 905/1622/92 906/1623/92 898/1615/92
f 906/1623/92 907/1624/92 898/1615/92
f 907/1624/92 908/1625/92 898/1615/92
f 908/1626/92 909/1627/92 898/1628/92
f 909/1627/92 910/1629/92 898/1628/92
f 910/1629/92 911/1630/92 898/1628/92
f 911/1630/92 912/1631/92 898/1628/92
f 912/1631/92 913/1632/92 898/1628/92
f 913/1632/92 914/1633/92 898/1628/92
f 914/1633/92 915/1634/92 898/1628/92
f 915/1635/92 916/1636/92 898/1615/92
f 916/1636/92 896/1613/92 898/1615/92
f 918/1637/15 917/1638/86 919/1639/86 920/1640/15
f 921/1641/85 918/1637/15 920/1640/15 922/1642/85
f 923/1643/84 921/1641/85 922/1642/85 924/1644/84
f 925/1645/83 923/1643/84 924/1644/84 926/1646/83
f 927/1647/82 925/1648/83 926/1649/83 928/1650/82
f 929/1651/81 927/1647/82 928/1650/82 930/1652/81
f 931/1653/80 929/1651/81 930/1652/81 932/1654/80
f 933/1655/79 931/1653/80 932/1654/80 934/1656/79
f 935/1657/78 933/1658/79 934/1659/79 936/1660/78
f 937/1661/77 935/1657/78 936/1660/78 938/1662/77
f 939/1663/5 937/1661/77 938/1662/77 940/1664/5
f 941/1665/76 939/1663/5 940/1664/5 942/1666/76
f 943/1667/75 941/1665/76 942/1666/76 944/1668/75
f 945/1669/74 943/1667/75 944/1668/75 946/1670/74
f 947/1671/73 945/1672/74 946/1673/74 948/1674/73
f 949/1675/90 947/1671/73 948/1674/73 950/1676/90
f 951/1677/89 949/1675/90 950/1676/90 952/1678/89
f 953/1679/88 951/1677/89 952/1678/89 954/1680/88
f 955/1681/87 953/1682/88 954/1683/88 956/1684/87
f 917/1638/86 955/1681/87 956/1684/87 919/1639/86
f 884/1685/91 886/1686/91 917/1687/91 918/1688/91
f 958/1689/92 957/1690/92 920/1691/92 919/1692/92
f 882/1693/91 884/1685/91 918/1688/91 921/1694/91
f 957/1690/92 959/1695/92 922/1696/92 920/1691/92
f 880/1697/91 882/1693/91 921/1694/91 923/1698/91
f 959/1695/92 960/1699/92 924/1700/92 922/1696/92
f 878/1577/91 880/1697/91 923/1698/91 925/1648/91
f 960/1699/92 961/1701/92 926/1702/92 924/1700/92
f 876/1575/91 878/1577/91 925/1648/91 927/1647/91
f 961/1703/92 962/1704/92 928/1650/92 926/1649/92
f 874/1573/91 876/1575/91 927/1647/91 929/1651/91
f 962/1704/92 963/1705/92 930/1652/92 928/1650/92
f 872/1570/91 874/1573/91 929/1651/91 931/1653/91
f 963/1705/92 964/1706/92 932/1654/92 930/1652/92
f 870/1571/91 872/1570/91 931/1653/91 933/1655/91
f 964/1706/92 965/1707/92 934/1656/92 932/1654/92
f 868/1708/91 870/1571/91 933/1655/91 935/1709/91
f 965/1710/92 966/1711/92 936/1712/92 934/1713/92
f 866/1714/91 868/1708/91 935/1709/91 937/1715/91
f 966/1711/92 967/1716/92 938/1717/92 936/1712/92
f 864/1718/91 866/1714/91 937/1715/91 939/1719/91
f 967/1716/92 968/1720/92 940/1721/92 938/1717/92
f 862/1722/91 864/1718/91 939/1719/91 941/1723/91
f 968/1720/92 969/1724/92 942/1725/92 940/1721/92
f 860/1726/91 862/1722/91 941/1723/91 943/1727/91
f 969/1724/92 970/1728/92 944/1729/92 942/1725/92
f 857/1730/91 860/1726/91 943/1727/91 945/1731/91
f 970/1728/92 971/1732/92 946/1673/92 944/1729/92
f 858/1733/91 857/1734/91 945/1735/91 947/1736/91
f 971/1732/92 972/1737/92 948/1674/92 946/1673/92
f 894/1597/91 858/1553/91 947/1738/91 949/1739/91
f 972/1737/92 973/1740/92 950/1676/92 948/1674/92
f 892/1741/91 894/1742/91 949/1675/91 951/1677/91
f 973/1740/92 974/1743/92 952/1678/92 950/1676/92
f 890/1744/91 892/1741/91 951/1677/91 953/1679/91
f 974/1743/92 975/1745/92 954/1680/92 952/1678/92
f 888/1746/91 890/1747/91 953/1748/91 955/1749/91
f 975/1745/92 976/1750/92 956/1751/92 954/1680/92
f 886/1686/91 888/1746/91 955/1749/91 917/1687/91
f 976/1750/92 958/1689/92 919/1692/92 956/1751/92
f 972/1752/82 971/1753/83 897/1754/83 896/1755/82
f 971/1756/83 970/1757/84 899/1758/84 897/1759/83
f 970/1757/84 969/1760/85 900/1761/85 899/1758/84
f 969/1760/85 968/1762/15 901/1763/15 900/1761/85
f 968/1762/15 967/1764/86 902/1765/86 901/1763/15
f 967/1764/86 966/1766/87 903/1767/87 902/1765/86
f 966/1766/87 965/1768/88 904/1769/88 903/1767/87
f 965/1770/88 964/1771/89 905/1622/89 904/1621/88
f 964/1771/89 963/1772/90 906/1623/90 905/1622/89
f 963/1772/90 962/1773/73 907/1624/73 906/1623/90
f 962/1773/73 961/1774/74 908/1625/74 907/1624/73
f 961/1775/74 960/1776/75 909/1777/75 908/1778/74
f 960/1776/75 959/1779/76 910/1780/76 909/1777/75
f 959/1779/76 957/1781/5 911/1782/5 910/1780/76
f 957/1781/5 958/1783/77 912/1784/77 911/1782/5
f 958/1783/77 976/1785/78 913/1786/78 912/1784/77
f 976/1785/78 975/1787/79 914/1788/79 913/1786/78
f 975/1789/79 974/1790/80 915/1635/80 914/1791/79
f 974/1790/80 973/1792/81 916/1636/81 915/1635/80
f 973/1793/81 972/1752/82 896/1755/82 916/1794/81
f 733/1795/82 789/1796/82 788/1797/83 734/1798/83
f 734/1799/83 788/1800/83 787/1801/84 735/1802/84
f 735/1802/84 787/1801/84 786/1803/85 736/1804/85
f 736/1804/85 786/1803/85 785/1805/15 737/1806/15
f 737/1806/15 785/1805/15 784/1807/86 738/1808/86
f 738/1808/86 784/1807/86 783/1809/87 739/1810/87
f 739/1810/87 783/1809/87 782/1811/88 740/1812/88
f 740/1813/88 782/1814/88 781/1815/89 741/1816/89
f 741/1816/89 781/1815/89 780/1817/90 742/1818/90
f 742/1818/90 780/1817/90 779/1819/73 743/1820/73
f 743/1820/73 779/1819/73 778/1821/74 744/1822/74
f 744/1823/74 778/1824/74 777/1825/75 745/1826/75
f 745/1826/75 777/1825/75 776/1827/76 746/1828/76
f 746/1828/76 776/1827/76 775/1829/5 747/1830/5
f 747/1830/5 775/1829/5 774/1831/77 748/1832/77
f 748/1832/77 774/1831/77 793/1833/78 749/1834/78
f 749/1834/78 793/1833/78 792/1835/79 750/1836/79
f 750/1837/79 792/1838/79 791/1839/80 751/1840/80
f 751/1840/80 791/1839/80 790/1841/81 752/1842/81
f 752/1842/81 790/1841/81 789/1796/82 733/1795/82
f 734/1798/92 773/1843/92 733/1795/92
f 735/1844/92 773/1845/92 734/1846/92
f 736/1847/92 773/1845/92 735/1844/92
f 737/1848/92 773/1845/92 736/1847/92
f 738/1849/92 773/1845/92 737/1848/92
f 739/1850/92 773/1845/92 738/1849/92
f 740/1813/92 773/1845/92 739/1850/92
f 741/1816/92 773/1845/92 740/1813/92
f 742/1818/92 773/1845/92 741/1816/92
f 743/1820/92 773/1845/92 742/1818/92
f 744/1822/92 773/1845/92 743/1820/92
f 745/1851/92 773/1845/92 744/1822/92
f 746/1852/92 773/1845/92 745/1851/92
f 747/1853/92 773/1845/92 746/1852/92
f 748/1854/92 773/1845/92 747/1853/92
f 749/1855/92 773/1845/92 748/1854/92
f 750/1856/92 773/1845/92 749/1855/92
f 751/1840/92 773/1843/92 750/1837/92
f 752/1842/92 773/1843/92 751/1840/92
f 733/1795/92 773/1843/92 752/1842/92
f 834/1857/91 836/1858/91 835/1859/91
f 835/1859/91 836/1858/91 837/1860/91
f 837/1860/91 836/1858/91 838/1861/94
f 838/1861/94 836/1858/91 839/1862/91
f 839/1862/91 836/1858/91 840/1863/91
f 840/1863/91 836/1858/91 841/1864/91
f 841/1864/91 836/1858/91 842/1865/91
f 842/1865/91 836/1858/91 843/1866/91
f 843/1866/91 836/1858/91 844/1867/91
f 844/1867/91 836/1858/91 845/1868/91
f 845/1868/91 836/1858/91 846/1869/91
f 846/1869/91 836/1858/91 847/1870/91
f 847/1870/91 836/1858/91 848/1871/91
f 848/1871/91 836/1858/91 849/1872/91
f 849/1872/91 836/1858/91 850/1873/91
f 850/1873/91 836/1858/91 851/1874/91
f 851/1874/91 836/1858/91 852/1875/91
f 852/1875/91 836/1858/91 853/1876/91
f 853/1876/91 836/1858/91 854/1877/91
f 854/1877/91 836/1858/91 834/1857/91
f 795/1878/5 797/1879/5 796/1880/77 794/1881/77
f 798/1882/76 799/1883/76 797/1879/5 795/1878/5
f 800/1884/75 801/1885/75 799/1883/76 798/1882/76
f 802/1886/74 803/1887/74 801/1885/75 800/1884/75
f 804/1888/73 805/1889/73 803/1890/74 802/1891/74
f 806/1892/90 807/1893/90 805/1889/73 804/1888/73
f 808/1894/89 809/1895/89 807/1893/90 806/1892/90
f 810/1896/88 811/1897/88 809/1895/89 808/1894/89
f 812/1898/87 813/1899/87 811/1900/88 810/1901/88
f 814/1902/86 815/1903/86 813/1899/87 812/1898/87
f 816/1904/15 817/1905/15 815/1903/86 814/1902/86
f 818/1906/85 819/1907/85 817/1905/15 816/1904/15
f 820/1908/84 821/1909/84 819/1907/85 818/1906/85
f 822/1910/83 823/1911/83 821/1909/84 820/1908/84
f 824/1912/82 825/1913/82 823/1914/83 822/1915/83
f 826/1916/81 827/1917/81 825/1913/82 824/1912/82
f 828/1918/80 829/1919/80 827/1917/81 826/1916/81
f 830/1920/79 831/1921/79 829/1919/80 828/1918/80
f 832/1922/78 833/1923/78 831/1924/79 830/1925/79
f 794/1881/77 796/1880/77 833/1923/78 832/1922/78
f 775/1926/92 795/1927/92 794/1928/92 774/1929/92
f 768/1930/91 796/1931/91 797/1932/91 767/1933/91
f 776/1934/92 798/1935/92 795/1927/92 775/1926/92
f 767/1933/91 797/1932/91 799/1936/91 766/1937/91
f 777/1938/92 800/1939/92 798/1935/92 776/1934/92
f 766/1937/91 799/1936/91 801/1940/91 765/1941/91
f 778/1821/92 802/1891/92 800/1939/92 777/1938/92
f 765/1941/91 801/1940/91 803/1942/91 764/1943/91
f 779/1819/92 804/1888/92 802/1891/92 778/1821/92
f 764/1944/91 803/1890/91 805/1889/91 763/1945/91
f 780/1817/92 806/1892/92 804/1888/92 779/1819/92
f 763/1945/91 805/1889/91 807/1893/91 762/1946/91
f 781/1815/92 808/1894/92 806/1892/92 780/1817/92
f 762/1946/91 807/1893/91 809/1895/91 761/1947/91
f 782/1814/92 810/1896/92 808/1894/92 781/1815/92
f 761/1948/91 809/1949/91 811/1950/91 760/1951/91
f 783/1952/92 812/1953/92 810/1896/92 782/1814/92
f 760/1951/91 811/1950/91 813/1954/91 759/1955/91
f 784/1956/92 814/1957/92 812/1953/92 783/1952/92
f 759/1955/91 813/1954/91 815/1958/91 758/1959/91
f 785/1960/92 816/1961/92 814/1957/92 784/1956/92
f 758/1959/91 815/1958/91 817/1962/91 757/1963/91
f 786/1964/92 818/1965/92 816/1961/92 785/1960/92
f 757/1963/91 817/1962/91 819/1966/91 756/1967/91
f 787/1968/92 820/1969/92 818/1965/92 786/1964/92
f 756/1967/91 819/1966/91 821/1970/91 755/1971/91
f 788/1972/92 822/1973/92 820/1969/92 787/1968/92
f 755/1971/91 821/1970/91 823/1974/91 754/1975/91
f 789/1976/92 824/1912/92 822/1915/92 788/1977/92
f 754/1978/91 823/1914/91 825/1913/91 753/1979/91
f 790/1841/92 826/1980/92 824/1981/92 789/1796/92
f 753/1979/91 825/1913/91 827/1917/91 772/1982/91
f 791/1839/92 828/1983/92 826/1980/92 790/1841/92
f 772/1982/91 827/1917/91 829/1919/91 771/1984/91
f 792/1985/92 830/1920/92 828/1918/92 791/1986/92
f 771/1984/91 829/1919/91 831/1921/91 770/1987/91
f 793/1988/92 832/1989/92 830/1990/92 792/1991/92
f 770/1987/91 831/1921/91 833/1992/91 769/1993/91
f 774/1929/92 794/1928/92 832/1989/92 793/1988/92
f 769/1993/91 833/1992/91 796/1931/91 768/1930/91
f 753/1994/73 834/1995/73 835/1996/74 754/1997/74
f 754/1998/74 835/1999/74 837/2000/75 755/2001/75
f 755/2001/75 837/2000/75 838/2002/76 756/2003/76
f 756/2003/76 838/2002/76 839/2004/5 757/2005/5
f 757/2005/5 839/2004/5 840/2006/77 758/2007/77
f 758/2007/77 840/2006/77 841/2008/78 759/2009/78
f 759/2009/78 841/2008/78 842/2010/79 760/2011/79
f 760/1951/79 842/1865/79 843/1866/80 761/1948/80
f 761/1948/80 843/1866/80 844/1867/81 762/2012/81
f 762/2012/81 844/1867/81 845/1868/82 763/2013/82
f 763/2013/82 845/1868/82 846/1869/83 764/2014/83
f 764/2015/83 846/2016/83 847/2017/84 765/2018/84
f 765/2018/84 847/2017/84 848/2019/85 766/2020/85
f 766/2020/85 848/2019/85 849/2021/15 767/2022/15
f 767/2022/15 849/2021/15 850/2023/86 768/2024/86
f 768/2024/86 850/2023/86 851/2025/87 769/2026/87
f 769/2026/87 851/2025/87 852/2027/88 770/2028/88
f 770/2029/88 852/2030/88 853/2031/89 771/2032/89
f 771/2032/89 853/2031/89 854/2033/90 772/2034/90
f 772/2034/90 854/2033/90 834/1995/73 753/1994/73
f 1219/2035/95 1220/2036/96 1221/2037/96 1222/2038/95
f 1220/2036/96 1223/2039/97 1224/2040/97 1221/2037/96
f 1223/2041/97 1225/2042/98 1226/2043/98 1224/2044/97
f 1225/2042/98 1227/2045/5 1228/2046/5 1226/2043/98
f 1227/2045/5 1229/2047/99 1230/2048/99 1228/2046/5
f 1229/2047/99 1231/2049/100 1232/2050/100 1230/2048/99
f 1231/2051/100 1233/2052/101 1234/2053/101 1232/2054/100
f 1233/2052/101 1235/2055/102 1236/2056/102 1234/2053/101
f 1235/2055/102 1237/2057/103 1238/2058/103 1236/2056/102
f 1237/2057/103 1239/2059/104 1240/2060/104 1238/2058/103
f 1239/2059/104 1241/2061/105 1242/2062/105 1240/2060/104
f 1241/2061/105 1243/2063/106 1244/2064/106 1242/2062/105
f 1243/2065/106 1245/2066/107 1246/2067/107 1244/2068/106
f 1245/2066/107 1247/2069/15 1248/2070/15 1246/2067/107
f 1247/2069/15 1249/2071/108 1250/2072/108 1248/2070/15
f 1249/2071/108 1251/2073/109 1252/2074/109 1250/2072/108
f 1251/2075/109 1253/2076/110 1254/2077/110 1252/2078/109
f 1253/2076/110 1255/2079/111 1256/2080/111 1254/2077/110
f 1255/2079/111 1257/2081/112 1258/2082/112 1256/2080/111
f 1257/2081/112 1219/2035/95 1222/2038/95 1258/2082/112
f 1260/2083/113 1259/2084/113 1261/2085/113
f 1262/2086/113 1260/2083/113 1261/2085/113
f 1263/2087/113 1262/2086/113 1261/2085/113
f 1264/2088/113 1263/2087/113 1261/2085/113
f 1265/2089/113 1264/2088/113 1261/2085/113
f 1266/2090/113 1265/2089/113 1261/2085/113
f 1267/2091/113 1266/2090/113 1261/2085/113
f 1268/2092/113 1267/2091/113 1261/2085/113
f 1269/2093/113 1268/2092/113 1261/2085/113
f 1270/2094/113 1269/2093/113 1261/2085/113
f 1271/2095/113 1270/2094/113 1261/2085/113
f 1272/2096/113 1271/2095/113 1261/2085/113
f 1273/2097/113 1272/2096/113 1261/2085/113
f 1274/2098/113 1273/2097/113 1261/2085/113
f 1275/2099/113 1274/2098/113 1261/2085/113
f 1276/2100/113 1275/2099/113 1261/2085/113
f 1277/2101/113 1276/2100/113 1261/2085/113
f 1278/2102/113 1277/2101/113 1261/2085/113
f 1279/2103/113 1278/2102/113 1261/2085/113
f 1259/2084/113 1279/2103/113 1261/2085/113
f 1280/2104/114 1281/2105/114 1282/2106/114
f 1281/2105/114 1283/2107/114 1282/2106/114
f 1283/2107/114 1284/2108/114 1282/2106/114
f 1284/2108/114 1285/2109/114 1282/2106/114
f 1285/2109/114 1286/2110/114 1282/2106/114
f 1286/2110/114 1287/2111/114 1282/2106/114
f 1287/2111/114 1288/2112/114 1282/2106/114
f 1288/2112/114 1289/2113/114 1282/2106/114
f 1289/2113/114 1290/2114/114 1282/2106/114
f 1290/2114/114 1291/2115/114 1282/2106/114
f 1291/2115/114 1292/2116/114 1282/2106/114
f 1292/2116/114 1293/2117/114 1282/2106/114
f 1293/2117/114 1294/2118/114 1282/2106/114
f 1294/2118/114 1295/2119/114 1282/2106/114
f 1295/2119/114 1296/2120/114 1282/2106/114
f 1296/2120/114 1297/2121/114 1282/2106/114
f 1297/2121/114 1298/2122/114 1282/2106/114
f 1298/2122/114 1299/2123/114 1282/2106/114
f 1299/2123/114 1300/2124/114 1282/2106/114
f 1300/2124/114 1280/2104/114 1282/2106/114
f 1302/2125/107 1301/2126/15 1303/2127/15 1304/2128/107
f 1305/2129/106 1302/2125/107 1304/2128/107 1306/2130/106
f 1307/2131/105 1305/2132/106 1306/2133/106 1308/2134/105
f 1309/2135/104 1307/2131/105 1308/2134/105 1310/2136/104
f 1311/2137/103 1309/2135/104 1310/2136/104 1312/2138/103
f 1313/2139/102 1311/2137/103 1312/2138/103 1314/2140/102
f 1315/2141/101 1313/2139/102 1314/2140/102 1316/2142/101
f 1317/2143/100 1315/2141/101 1316/2142/101 1318/2144/100
f 1319/2145/99 1317/2146/100 1318/2147/100 1320/2148/99
f 1321/2149/5 1319/2145/99 1320/2148/99 1322/2150/5
f 1323/2151/98 1321/2149/5 1322/2150/5 1324/2152/98
f 1325/2153/97 1323/2151/98 1324/2152/98 1326/2154/97
f 1327/2155/96 1325/2156/97 1326/2157/97 1328/2158/96
f 1329/2159/95 1327/2155/96 1328/2158/96 1330/2160/95
f 1331/2161/112 1329/2159/95 1330/2160/95 1332/2162/112
f 1333/2163/111 1331/2161/112 1332/2162/112 1334/2164/111
f 1335/2165/110 1333/2163/111 1334/2164/111 1336/2166/110
f 1337/2167/109 1335/2165/110 1336/2166/110 1338/2168/109
f 1339/2169/108 1337/2170/109 1338/2171/109 1340/2172/108
f 1301/2126/15 1339/2169/108 1340/2172/108 1303/2127/15
f 1342/2173/15 1341/2174/108 1343/2175/108 1344/2176/15
f 1345/2177/107 1342/2173/15 1344/2176/15 1346/2178/107
f 1347/2179/106 1345/2177/107 1346/2178/107 1348/2180/106
f 1349/2181/105 1347/2182/106 1348/2183/106 1350/2184/105
f 1351/2185/104 1349/2181/105 1350/2184/105 1352/2186/104
f 1353/2187/103 1351/2185/104 1352/2186/104 1354/2188/103
f 1355/2189/102 1353/2187/103 1354/2188/103 1356/2190/102
f 1357/2191/101 1355/2189/102 1356/2190/102 1358/2192/101
f 1359/2193/100 1357/2191/101 1358/2192/101 1360/2194/100
f 1361/2195/99 1359/2196/100 1360/2197/100 1362/2198/99
f 1363/2199/5 1361/2195/99 1362/2198/99 1364/2200/5
f 1365/2201/98 1363/2199/5 1364/2200/5 1366/2202/98
f 1367/2203/97 1365/2201/98 1366/2202/98 1368/2204/97
f 1369/2205/96 1367/2206/97 1368/2207/97 1370/2208/96
f 1371/2209/95 1369/2205/96 1370/2208/96 1372/2210/95
f 1373/2211/112 1371/2209/95 1372/2210/95 1374/2212/112
f 1375/2213/111 1373/2211/112 1374/2212/112 1376/2214/111
f 1377/2215/110 1375/2213/111 1376/2214/111 1378/2216/110
f 1379/2217/109 1377/2215/110 1378/2216/110 1380/2218/109
f 1341/2174/108 1379/2219/109 1380/2220/109 1343/2175/108
f 1382/2221/15 1381/2222/108 1383/2223/108 1384/2224/15
f 1385/2225/107 1382/2221/15 1384/2224/15 1386/2226/107
f 1387/2227/106 1385/2225/107 1386/2226/107 1388/2228/106
f 1389/2229/105 1387/2230/106 1388/2231/106 1390/2232/105
f 1391/2233/104 1389/2229/105 1390/2232/105 1392/2234/104
f 1393/2235/103 1391/2233/104 1392/2234/104 1394/2236/103
f 1395/2237/102 1393/2235/103 1394/2236/103 1396/2238/102
f 1397/2239/101 1395/2237/102 1396/2238/102 1398/2240/101
f 1399/2241/100 1397/2239/101 1398/2240/101 1400/2242/100
f 1401/2243/99 1399/2244/100 1400/2245/100 1402/2246/99
f 1403/2247/5 1401/2243/99 1402/2246/99 1404/2248/5
f 1405/2249/98 1403/2247/5 1404/2248/5 1406/2250/98
f 1407/2251/97 1405/2249/98 1406/2250/98 1408/2252/97
f 1409/2253/96 1407/2254/97 1408/2255/97 1410/2256/96
f 1411/2257/95 1409/2253/96 1410/2256/96 1412/2258/95
f 1413/2259/112 1411/2257/95 1412/2258/95 1414/2260/112
f 1415/2261/111 1413/2259/112 1414/2260/112 1416/2262/111
f 1417/2263/110 1415/2261/111 1416/2262/111 1418/2264/110
f 1419/2265/109 1417/2263/110 1418/2264/110 1420/2266/109
f 1381/2222/108 1419/2267/109 1420/2268/109 1383/2223/108
f 1422/2269/107 1421/2270/15 1423/2271/15 1424/2272/107
f 1425/2273/106 1422/2269/107 1424/2272/107 1426/2274/106
f 1427/2275/105 1425/2276/106 1426/2277/106 1428/2278/105
f 1429/2279/104 1427/2275/105 1428/2278/105 1430/2280/104
f 1431/2281/103 1429/2279/104 1430/2280/104 1432/2282/103
f 1433/2283/102 1431/2281/103 1432/2282/103 1434/2284/102
f 1435/2285/101 1433/2283/102 1434/2284/102 1436/2286/101
f 1437/2287/100 1435/2285/101 1436/2286/101 1438/2288/100
f 1439/2289/99 1437/2290/100 1438/2291/100 1440/2292/99
f 1441/2293/5 1439/2289/99 1440/2292/99 1442/2294/5
f 1443/2295/98 1441/2293/5 1442/2294/5 1444/2296/98
f 1445/2297/97 1443/2295/98 1444/2296/98 1446/2298/97
f 1447/2299/96 1445/2300/97 1446/2301/97 1448/2302/96
f 1449/2303/95 1447/2299/96 1448/2302/96 1450/2304/95
f 1451/2305/112 1449/2303/95 1450/2304/95 1452/2306/112
f 1453/2307/111 1451/2305/112 1452/2306/112 1454/2308/111
f 1455/2309/110 1453/2307/111 1454/2308/111 1456/2310/110
f 1457/2311/109 1455/2309/110 1456/2310/110 1458/2312/109
f 1459/2313/108 1457/2314/109 1458/2315/109 1460/2316/108
f 1421/2270/15 1459/2313/108 1460/2316/108 1423/2271/15
f 1259/2084/113 1260/2083/113 1220/2317/113 1219/2318/113
f 1369/2319/114 1371/2320/114 1222/2321/114 1221/2322/114
f 1260/2083/113 1262/2086/113 1223/2323/113 1220/2317/113
f 1367/2324/114 1369/2319/114 1221/2322/114 1224/2325/114
f 1262/2086/113 1263/2087/113 1225/2326/113 1223/2323/113
f 1365/2327/114 1367/2324/114 1224/2325/114 1226/2328/114
f 1263/2087/113 1264/2088/113 1227/2329/113 1225/2326/113
f 1363/2330/114 1365/2327/114 1226/2328/114 1228/2331/114
f 1264/2088/113 1265/2089/113 1229/2332/113 1227/2329/113
f 1361/2333/114 1363/2330/114 1228/2331/114 1230/2334/114
f 1265/2089/113 1266/2090/113 1231/2335/113 1229/2332/113
f 1359/2336/114 1361/2333/114 1230/2334/114 1232/2337/114
f 1266/2090/113 1267/2091/113 1233/2338/113 1231/2335/113
f 1357/2339/114 1359/2336/114 1232/2337/114 1234/2340/114
f 1267/2091/113 1268/2092/113 1235/2341/113 1233/2338/113
f 1355/2342/114 1357/2339/114 1234/2340/114 1236/2343/114
f 1268/2092/113 1269/2093/113 1237/2344/113 1235/2341/113
f 1353/2345/114 1355/2342/114 1236/2343/114 1238/2346/114
f 1269/2093/113 1270/2094/113 1239/2347/113 1237/2344/113
f 1351/2348/114 1353/2345/114 1238/2346/114 1240/2349/114
f 1270/2094/113 1271/2095/113 1241/2350/113 1239/2347/113
f 1349/2351/114 1351/2348/114 1240/2349/114 1242/2352/114
f 1271/2095/113 1272/2096/113 1243/2353/113 1241/2350/113
f 1347/2354/114 1349/2351/114 1242/2352/114 1244/2355/114
f 1272/2096/113 1273/2097/113 1245/2356/113 1243/2353/113
f 1345/2357/114 1347/2354/114 1244/2355/114 1246/2358/114
f 1273/2097/113 1274/2098/113 1247/2359/113 1245/2356/113
f 1342/2360/114 1345/2357/114 1246/2358/114 1248/2361/114
f 1274/2098/113 1275/2099/113 1249/2362/113 1247/2359/113
f 1341/2363/114 1342/2360/114 1248/2361/114 1250/2364/114
f 1275/2099/113 1276/2100/113 1251/2365/113 1249/2362/113
f 1379/2366/114 1341/2363/114 1250/2364/114 1252/2367/114
f 1276/2100/113 1277/2101/113 1253/2368/113 1251/2365/113
f 1377/2369/114 1379/2366/114 1252/2367/114 1254/2370/114
f 1277/2101/113 1278/2102/113 1255/2371/113 1253/2368/113
f 1375/2372/114 1377/2369/114 1254/2370/114 1256/2373/114
f 1278/2102/113 1279/2103/113 1257/2374/113 1255/2371/113
f 1373/2375/114 1375/2372/114 1256/2373/114 1258/2376/114
f 1279/2103/113 1259/2084/113 1219/2318/113 1257/2374/113
f 1371/2320/114 1373/2375/114 1258/2376/114 1222/2321/114
f 1424/2377/113 1423/2378/113 1301/2379/113 1302/2380/113
f 1295/2119/114 1294/2118/114 1304/2381/114 1303/2382/114
f 1426/2383/113 1424/2377/113 1302/2380/113 1305/2384/113
f 1294/2118/114 1293/2117/114 1306/2385/114 1304/2381/114
f 1428/2386/113 1426/2383/113 1305/2384/113 1307/2387/113
f 1293/2117/114 1292/2116/114 1308/2388/114 1306/2385/114
f 1430/2389/113 1428/2386/113 1307/2387/113 1309/2390/113
f 1292/2116/114 1291/2115/114 1310/2391/114 1308/2388/114
f 1432/2392/113 1430/2389/113 1309/2390/113 1311/2393/113
f 1291/2115/114 1290/2114/114 1312/2394/114 1310/2391/114
f 1434/2395/113 1432/2392/113 1311/2393/113 1313/2396/113
f 1290/2114/114 1289/2113/114 1314/2397/114 1312/2394/114
f 1436/2398/113 1434/2395/113 1313/2396/113 1315/2399/113
f 1289/2113/114 1288/2112/114 1316/2400/114 1314/2397/114
f 1438/2401/113 1436/2398/113 1315/2399/113 1317/2402/113
f 1288/2112/114 1287/2111/114 1318/2403/114 1316/2400/114
f 1440/2404/113 1438/2401/113 1317/2402/113 1319/2405/113
f 1287/2111/114 1286/2110/114 1320/2406/114 1318/2403/114
f 1442/2407/113 1440/2404/113 1319/2405/113 1321/2408/113
f 1286/2110/114 1285/2109/114 1322/2409/114 1320/2406/114
f 1444/2410/113 1442/2407/113 1321/2408/113 1323/2411/113
f 1285/2109/114 1284/2108/114 1324/2412/114 1322/2409/114
f 1446/2413/113 1444/2410/113 1323/2411/113 1325/2414/113
f 1284/2108/114 1283/2107/114 1326/2415/114 1324/2412/114
f 1448/2416/113 1446/2413/113 1325/2414/113 1327/2417/113
f 1283/2107/114 1281/2105/114 1328/2418/114 1326/2415/114
f 1450/2419/113 1448/2416/113 1327/2417/113 1329/2420/113
f 1281/2105/114 1280/2104/114 1330/2421/114 1328/2418/114
f 1452/2422/113 1450/2419/113 1329/2420/113 1331/2423/113
f 1280/2104/114 1300/2124/114 1332/2424/114 1330/2421/114
f 1454/2425/113 1452/2422/113 1331/2423/113 1333/2426/113
f 1300/2124/114 1299/2123/114 1334/2427/114 1332/2424/114
f 1456/2428/113 1454/2425/113 1333/2426/113 1335/2429/113
f 1299/2123/114 1298/2122/114 1336/2430/114 1334/2427/114
f 1458/2431/113 1456/2428/113 1335/2429/113 1337/2432/113
f 1298/2122/114 1297/2121/114 1338/2433/114 1336/2430/114
f 1460/2434/113 1458/2431/113 1337/2432/113 1339/2435/113
f 1297/2121/114 1296/2120/114 1340/2436/114 1338/2433/114
f 1423/2378/113 1460/2434/113 1339/2435/113 1301/2379/113
f 1296/2120/114 1295/2119/114 1303/2382/114 1340/2436/114
f 1344/2437/113 1343/2438/113 1381/2439/113 1382/2440/113
f 1459/2441/114 1421/2442/114 1384/2443/114 1383/2444/114
f 1346/2445/113 1344/2437/113 1382/2440/113 1385/2446/113
f 1421/2442/114 1422/2447/114 1386/2448/114 1384/2443/114
f 1348/2449/113 1346/2445/113 1385/2446/113 1387/2450/113
f 1422/2447/114 1425/2451/114 1388/2452/114 1386/2448/114
f 1350/2453/113 1348/2449/113 1387/2450/113 1389/2454/113
f 1425/2451/114 1427/2455/114 1390/2456/114 1388/2452/114
f 1352/2457/113 1350/2453/113 1389/2454/113 1391/2458/113
f 1427/2455/114 1429/2459/114 1392/2460/114 1390/2456/114
f 1354/2461/113 1352/2457/113 1391/2458/113 1393/2462/113
f 1429/2459/114 1431/2463/114 1394/2464/114 1392/2460/114
f 1356/2465/113 1354/2461/113 1393/2462/113 1395/2466/113
f 1431/2463/114 1433/2467/114 1396/2468/114 1394/2464/114
f 1358/2469/113 1356/2465/113 1395/2466/113 1397/2470/113
f 1433/2467/114 1435/2471/114 1398/2472/114 1396/2468/114
f 1360/2473/113 1358/2469/113 1397/2470/113 1399/2474/113
f 1435/2471/114 1437/2475/114 1400/2476/114 1398/2472/114
f 1362/2477/113 1360/2473/113 1399/2474/113 1401/2478/113
f 1437/2475/114 1439/2479/114 1402/2480/114 1400/2476/114
f 1364/2481/113 1362/2477/113 1401/2478/113 1403/2482/113
f 1439/2479/114 1441/2483/114 1404/2484/114 1402/2480/114
f 1366/2485/113 1364/2481/113 1403/2482/113 1405/2486/113
f 1441/2483/114 1443/2487/114 1406/2488/114 1404/2484/114
f 1368/2489/113 1366/2485/113 1405/2486/113 1407/2490/113
f 1443/2487/114 1445/2491/114 1408/2492/114 1406/2488/114
f 1370/2493/113 1368/2489/113 1407/2490/113 1409/2494/113
f 1445/2491/114 1447/2495/114 1410/2496/114 1408/2492/114
f 1372/2497/113 1370/2493/113 1409/2494/113 1411/2498/113
f 1447/2495/114 1449/2499/114 1412/2500/114 1410/2496/114
f 1374/2501/113 1372/2497/113 1411/2498/113 1413/2502/113
f 1449/2499/114 1451/2503/114 1414/2504/114 1412/2500/114
f 1376/2505/113 1374/2501/113 1413/2502/113 1415/2506/113
f 1451/2503/114 1453/2507/114 1416/2508/114 1414/2504/114
f 1378/2509/113 1376/2505/113 1415/2506/113 1417/2510/113
f 1453/2507/114 1455/2511/114 1418/2512/114 1416/2508/114
f 1380/2513/113 1378/2509/113 1417/2510/113 1419/2514/113
f 1455/2511/114 1457/2515/114 1420/2516/114 1418/2512/114
f 1343/2438/113 1380/2513/113 1419/2514/113 1381/2439/113
f 1457/2515/114 1459/2441/114 1383/2444/114 1420/2516/114
f 1099/2517/104 1102/2518/104 1101/2519/105 1100/2520/105
f 1100/2520/105 1101/2519/105 1104/2521/106 1103/2522/106
f 1103/2523/106 1104/2524/106 1106/2525/107 1105/2526/107
f 1105/2526/107 1106/2525/107 1108/2527/15 1107/2528/15
f 1107/2528/15 1108/2527/15 1110/2529/108 1109/2530/108
f 1109/2530/108 1110/2529/108 1112/2531/109 1111/2532/109
f 1111/2533/109 1112/2534/109 1114/2535/110 1113/2536/110
f 1113/2536/110 1114/2535/110 1116/2537/111 1115/2538/111
f 1115/2538/111 1116/2537/111 1118/2539/112 1117/2540/112
f 1117/2540/112 1118/2539/112 1120/2541/95 1119/2542/95
f 1119/2542/95 1120/2541/95 1122/2543/96 1121/2544/96
f 1121/2544/96 1122/2543/96 1124/2545/97 1123/2546/97
f 1123/2547/97 1124/2548/97 1126/2549/98 1125/2550/98
f 1125/2550/98 1126/2549/98 1128/2551/5 1127/2552/5
f 1127/2552/5 1128/2551/5 1130/2553/99 1129/2554/99
f 1129/2554/99 1130/2553/99 1132/2555/100 1131/2556/100
f 1131/2557/100 1132/2558/100 1134/2559/101 1133/2560/101
f 1133/2560/101 1134/2559/101 1136/2561/102 1135/2562/102
f 1135/2562/102 1136/2561/102 1138/2563/103 1137/2564/103
f 1137/2564/103 1138/2563/103 1102/2518/104 1099/2517/104
f 978/2565/114 1017/2566/114 977/2567/114
f 979/2568/114 1017/2566/114 978/2565/114
f 980/2569/114 1017/2566/114 979/2568/114
f 981/2570/114 1017/2566/114 980/2569/114
f 982/2571/114 1017/2566/114 981/2570/114
f 983/2572/114 1017/2566/114 982/2571/114
f 984/2573/114 1017/2566/114 983/2572/114
f 985/2574/114 1017/2566/114 984/2573/114
f 986/2575/114 1017/2566/114 985/2574/114
f 987/2576/114 1017/2566/114 986/2575/114
f 988/2577/114 1017/2566/114 987/2576/114
f 989/2578/114 1017/2566/114 988/2577/114
f 990/2579/114 1017/2566/114 989/2578/114
f 991/2580/114 1017/2566/114 990/2579/114
f 992/2581/114 1017/2566/114 991/2580/114
f 993/2582/114 1017/2566/114 992/2581/114
f 994/2583/114 1017/2566/114 993/2582/114
f 995/2584/114 1017/2566/114 994/2583/114
f 996/2585/114 1017/2566/114 995/2584/114
f 977/2567/114 1017/2566/114 996/2585/114
f 997/2586/113 1018/2587/113 998/2588/113
f 998/2588/113 1018/2587/113 999/2589/113
f 999/2589/113 1018/2587/113 1000/2590/113
f 1000/2590/113 1018/2587/113 1001/2591/113
f 1001/2591/113 1018/2587/113 1002/2592/113
f 1002/2592/113 1018/2587/113 1003/2593/113
f 1003/2593/113 1018/2587/113 1004/2594/113
f 1004/2594/113 1018/2587/113 1005/2595/113
f 1005/2595/113 1018/2587/113 1006/2596/113
f 1006/2596/113 1018/2587/113 1007/2597/113
f 1007/2597/113 1018/2587/113 1008/2598/113
f 1008/2598/113 1018/2587/113 1009/2599/113
f 1009/2599/113 1018/2587/113 1010/2600/113
f 1010/2600/113 1018/2587/113 1011/2601/113
f 1011/2601/113 1018/2587/113 1012/2602/113
f 1012/2602/113 1018/2587/113 1013/2603/113
f 1013/2603/113 1018/2587/113 1014/2604/113
f 1014/2604/113 1018/2587/113 1015/2605/113
f 1015/2605/113 1018/2587/113 1016/2606/113
f 1016/2606/113 1018/2587/113 997/2586/113
f 1140/2607/98 1142/2608/98 1141/2609/5 1139/2610/5
f 1143/2611/97 1144/2612/97 1142/2608/98 1140/2607/98
f 1145/2613/96 1146/2614/96 1144/2615/97 1143/2616/97
f 1147/2617/95 1148/2618/95 1146/2614/96 1145/2613/96
f 1149/2619/112 1150/2620/112 1148/2618/95 1147/2617/95
f 1151/2621/111 1152/2622/111 1150/2620/112 1149/2619/112
f 1153/2623/110 1154/2624/110 1152/2622/111 1151/2621/111
f 1155/2625/109 1156/2626/109 1154/2624/110 1153/2623/110
f 1157/2627/108 1158/2628/108 1156/2629/109 1155/2630/109
f 1159/2631/15 1160/2632/15 1158/2628/108 1157/2627/108
f 1161/2633/107 1162/2634/107 1160/2632/15 1159/2631/15
f 1163/2635/106 1164/2636/106 1162/2634/107 1161/2633/107
f 1165/2637/105 1166/2638/105 1164/2639/106 1163/2640/106
f 1167/2641/104 1168/2642/104 1166/2638/105 1165/2637/105
f 1169/2643/103 1170/2644/103 1168/2642/104 1167/2641/104
f 1171/2645/102 1172/2646/102 1170/2644/103 1169/2643/103
f 1173/2647/101 1174/2648/101 1172/2646/102 1171/2645/102
f 1175/2649/100 1176/2650/100 1174/2648/101 1173/2647/101
f 1177/2651/99 1178/2652/99 1176/2653/100 1175/2654/100
f 1139/2610/5 1141/2609/5 1178/2652/99 1177/2651/99
f 1040/2655/5 1060/2656/5 1059/2657/99 1039/2658/99
f 1041/2659/98 1061/2660/98 1060/2656/5 1040/2655/5
f 1042/2661/97 1062/2662/97 1061/2660/98 1041/2659/98
f 1043/2663/96 1063/2664/96 1062/2665/97 1042/2666/97
f 1044/2667/95 1064/2668/95 1063/2664/96 1043/2663/96
f 1045/2669/112 1065/2670/112 1064/2668/95 1044/2667/95
f 1046/2671/111 1066/2672/111 1065/2670/112 1045/2669/112
f 1047/2673/110 1067/2674/110 1066/2672/111 1046/2671/111
f 1048/2675/109 1068/2676/109 1067/2674/110 1047/2673/110
f 1049/2677/108 1069/2678/108 1068/2679/109 1048/2680/109
f 1050/2681/15 1070/2682/15 1069/2678/108 1049/2677/108
f 1051/2683/107 1071/2684/107 1070/2682/15 1050/2681/15
f 1052/2685/106 1072/2686/106 1071/2684/107 1051/2683/107
f 1053/2687/105 1073/2688/105 1072/2689/106 1052/2690/106
f 1054/2691/104 1074/2692/104 1073/2688/105 1053/2687/105
f 1055/2693/103 1075/2694/103 1074/2692/104 1054/2691/104
f 1056/2695/102 1076/2696/102 1075/2694/103 1055/2693/103
f 1057/2697/101 1077/2698/101 1076/2696/102 1056/2695/102
f 1058/2699/100 1078/2700/100 1077/2698/101 1057/2697/101
f 1039/2658/99 1059/2657/99 1078/2701/100 1058/2702/100
f 1180/2703/5 1182/2704/5 1181/2705/99 1179/2706/99
f 1183/2707/98 1184/2708/98 1182/2704/5 1180/2703/5
f 1185/2709/97 1186/2710/97 1184/2708/98 1183/2707/98
f 1187/2711/96 1188/2712/96 1186/2713/97 1185/2714/97
f 1189/2715/95 1190/2716/95 1188/2712/96 1187/2711/96
f 1191/2717/112 1192/2718/112 1190/2716/95 1189/2715/95
f 1193/2719/111 1194/2720/111 1192/2718/112 1191/2717/112
f 1195/2721/110 1196/2722/110 1194/2720/111 1193/2719/111
f 1197/2723/109 1198/2724/109 1196/2722/110 1195/2721/110
f 1199/2725/108 1200/2726/108 1198/2727/109 1197/2728/109
f 1201/2729/15 1202/2730/15 1200/2726/108 1199/2725/108
f 1203/2731/107 1204/2732/107 1202/2730/15 1201/2729/15
f 1205/2733/106 1206/2734/106 1204/2732/107 1203/2731/107
f 1207/2735/105 1208/2736/105 1206/2737/106 1205/2738/106
f 1209/2739/104 1210/2740/104 1208/2736/105 1207/2735/105
f 1211/2741/103 1212/2742/103 1210/2740/104 1209/2739/104
f 1213/2743/102 1214/2744/102 1212/2742/103 1211/2741/103
f 1215/2745/101 1216/2746/101 1214/2744/102 1213/2743/102
f 1217/2747/100 1218/2748/100 1216/2746/101 1215/2745/101
f 1179/2706/99 1181/2705/99 1218/2749/100 1217/2750/100
f 1080/2751/98 1020/2752/98 1019/2753/5 1079/2754/5
f 1081/2755/97 1021/2756/97 1020/2752/98 1080/2751/98
f 1082/2757/96 1022/2758/96 1021/2759/97 1081/2760/97
f 1083/2761/95 1023/2762/95 1022/2758/96 1082/2757/96
f 1084/2763/112 1024/2764/112 1023/2762/95 1083/2761/95
f 1085/2765/111 1025/2766/111 1024/2764/112 1084/2763/112
f 1086/2767/110 1026/2768/110 1025/2766/111 1085/2765/111
f 1087/2769/109 1027/2770/109 1026/2768/110 1086/2767/110
f 1088/2771/108 1028/2772/108 1027/2773/109 1087/2774/109
f 1089/2775/15 1029/2776/15 1028/2772/108 1088/2771/108
f 1090/2777/107 1030/2778/107 1029/2776/15 1089/2775/15
f 1091/2779/106 1031/2780/106 1030/2778/107 1090/2777/107
f 1092/2781/105 1032/2782/105 1031/2783/106 1091/2784/106
f 1093/2785/104 1033/2786/104 1032/2782/105 1092/2781/105
f 1094/2787/103 1034/2788/103 1033/2786/104 1093/2785/104
f 1095/2789/102 1035/2790/102 1034/2788/103 1094/2787/103
f 1096/2791/101 1036/2792/101 1035/2790/102 1095/2789/102
f 1097/2793/100 1037/2794/100 1036/2792/101 1096/2791/101
f 1098/2795/99 1038/2796/99 1037/2797/100 1097/2798/100
f 1079/2754/5 1019/2753/5 1038/2796/99 1098/2795/99
f 977/2567/114 1099/2799/114 1100/2800/114 978/2565/114
f 1053/2801/113 1101/2802/113 1102/2803/113 1054/2804/113
f 978/2565/114 1100/2800/114 1103/2805/114 979/2568/114
f 1052/2806/113 1104/2807/113 1101/2802/113 1053/2801/113
f 979/2568/114 1103/2805/114 1105/2808/114 980/2569/114
f 1051/2809/113 1106/2810/113 1104/2807/113 1052/2806/113
f 980/2569/114 1105/2808/114 1107/2811/114 981/2570/114
f 1050/2812/113 1108/2813/113 1106/2810/113 1051/2809/113
f 981/2570/114 1107/2811/114 1109/2814/114 982/2571/114
f 1049/2815/113 1110/2816/113 1108/2813/113 1050/2812/113
f 982/2571/114 1109/2814/114 1111/2817/114 983/2572/114
f 1048/2818/113 1112/2819/113 1110/2816/113 1049/2815/113
f 983/2572/114 1111/2817/114 1113/2820/114 984/2573/114
f 1047/2821/113 1114/2822/113 1112/2819/113 1048/2818/113
f 984/2573/114 1113/2820/114 1115/2823/114 985/2574/114
f 1046/2824/113 1116/2825/113 1114/2822/113 1047/2821/113
f 985/2574/114 1115/2823/114 1117/2826/114 986/2575/114
f 1045/2827/113 1118/2828/113 1116/2825/113 1046/2824/113
f 986/2575/114 1117/2826/114 1119/2829/114 987/2576/114
f 1044/2830/113 1120/2831/113 1118/2828/113 1045/2827/113
f 987/2576/114 1119/2829/114 1121/2832/114 988/2577/114
f 1043/2833/113 1122/2834/113 1120/2831/113 1044/2830/113
f 988/2577/114 1121/2832/114 1123/2835/114 989/2578/114
f 1042/2836/113 1124/2837/113 1122/2834/113 1043/2833/113
f 989/2578/114 1123/2835/114 1125/2838/114 990/2579/114
f 1041/2839/113 1126/2840/113 1124/2837/113 1042/2836/113
f 990/2579/114 1125/2838/114 1127/2841/114 991/2580/114
f 1040/2842/113 1128/2843/113 1126/2840/113 1041/2839/113
f 991/2580/114 1127/2841/114 1129/2844/114 992/2581/114
f 1039/2845/113 1130/2846/113 1128/2843/113 1040/2842/113
f 992/2581/114 1129/2844/114 1131/2847/114 993/2582/114
f 1058/2848/113 1132/2849/113 1130/2846/113 1039/2845/113
f 993/2582/114 1131/2847/114 1133/2850/114 994/2583/114
f 1057/2851/113 1134/2852/113 1132/2849/113 1058/2848/113
f 994/2583/114 1133/2850/114 1135/2853/114 995/2584/114
f 1056/2854/113 1136/2855/113 1134/2852/113 1057/2851/113
f 995/2584/114 1135/2853/114 1137/2856/114 996/2585/114
f 1055/2857/113 1138/2858/113 1136/2855/113 1056/2854/113
f 996/2585/114 1137/2856/114 1099/2799/114 977/2567/114
f 1054/2804/113 1102/2803/113 1138/2858/113 1055/2857/113
f 1020/2859/114 1140/2860/114 1139/2861/114 1019/2862/114
f 1011/2601/113 1141/2863/113 1142/2864/113 1010/2600/113
f 1021/2865/114 1143/2866/114 1140/2860/114 1020/2859/114
f 1010/2600/113 1142/2864/113 1144/2867/113 1009/2599/113
f 1022/2868/114 1145/2869/114 1143/2866/114 1021/2865/114
f 1009/2599/113 1144/2867/113 1146/2870/113 1008/2598/113
f 1023/2871/114 1147/2872/114 1145/2869/114 1022/2868/114
f 1008/2598/113 1146/2870/113 1148/2873/113 1007/2597/113
f 1024/2874/114 1149/2875/114 1147/2872/114 1023/2871/114
f 1007/2597/113 1148/2873/113 1150/2876/113 1006/2596/113
f 1025/2877/114 1151/2878/114 1149/2875/114 1024/2874/114
f 1006/2596/113 1150/2876/113 1152/2879/113 1005/2595/113
f 1026/2880/114 1153/2881/114 1151/2878/114 1025/2877/114
f 1005/2595/113 1152/2879/113 1154/2882/113 1004/2594/113
f 1027/2883/114 1155/2884/114 1153/2881/114 1026/2880/114
f 1004/2594/113 1154/2882/113 1156/2885/113 1003/2593/113
f 1028/2886/114 1157/2887/114 1155/2884/114 1027/2883/114
f 1003/2593/113 1156/2885/113 1158/2888/113 1002/2592/113
f 1029/2889/114 1159/2890/114 1157/2887/114 1028/2886/114
f 1002/2592/113 1158/2888/113 1160/2891/113 1001/2591/113
f 1030/2892/114 1161/2893/114 1159/2890/114 1029/2889/114
f 1001/2591/113 1160/2891/113 1162/2894/113 1000/2590/113
f 1031/2895/114 1163/2896/114 1161/2893/114 1030/2892/114
f 1000/2590/113 1162/2894/113 1164/2897/113 999/2589/113
f 1032/2898/114 1165/2899/114 1163/2896/114 1031/2895/114
f 999/2589/113 1164/2897/113 1166/2900/113 998/2588/113
f 1033/2901/114 1167/2902/114 1165/2899/114 1032/2898/114
f 998/2588/113 1166/2900/113 1168/2903/113 997/2586/113
f 1034/2904/114 1169/2905/114 1167/2902/114 1033/2901/114
f 997/2586/113 1168/2903/113 1170/2906/113 1016/2606/113
f 1035/2907/114 1171/2908/114 1169/2905/114 1034/2904/114
f 1016/2606/113 1170/2906/113 1172/2909/113 1015/2605/113
f 1036/2910/114 1173/2911/114 1171/2908/114 1035/2907/114
f 1015/2605/113 1172/2909/113 1174/2912/113 1014/2604/113
f 1037/2913/114 1175/2914/114 1173/2911/114 1036/2910/114
f 1014/2604/113 1174/2912/113 1176/2915/113 1013/2603/113
f 1038/2916/114 1177/2917/114 1175/2914/114 1037/2913/114
f 1013/2603/113 1176/2915/113 1178/2918/113 1012/2602/113
f 1019/2862/114 1139/2861/114 1177/2917/114 1038/2916/114
f 1012/2602/113 1178/2918/113 1141/2863/113 1011/2601/113
f 1060/2919/114 1180/2920/114 1179/2921/114 1059/2922/114
f 1098/2923/113 1181/2924/113 1182/2925/113 1079/2926/113
f 1061/2927/114 1183/2928/114 1180/2920/114 1060/2919/114
f 1079/2926/113 1182/2925/113 1184/2929/113 1080/2930/113
f 1062/2931/114 1185/2932/114 1183/2928/114 1061/2927/114
f 1080/2930/113 1184/2929/113 1186/2933/113 1081/2934/113
f 1063/2935/114 1187/2936/114 1185/2932/114 1062/2931/114
f 1081/2934/113 1186/2933/113 1188/2937/113 1082/2938/113
f 1064/2939/114 1189/2940/114 1187/2936/114 1063/2935/114
f 1082/2938/113 1188/2937/113 1190/2941/113 1083/2942/113
f 1065/2943/114 1191/2944/114 1189/2940/114 1064/2939/114
f 1083/2942/113 1190/2941/113 1192/2945/113 1084/2946/113
f 1066/2947/114 1193/2948/114 1191/2944/114 1065/2943/114
f 1084/2946/113 1192/2945/113 1194/2949/113 1085/2950/113
f 1067/2951/114 1195/2952/114 1193/2948/114 1066/2947/114
f 1085/2950/113 1194/2949/113 1196/2953/113 1086/2954/113
f 1068/2955/114 1197/2956/114 1195/2952/114 1067/2951/114
f 1086/2954/113 1196/2953/113 1198/2957/113 1087/2958/113
f 1069/2959/114 1199/2960/114 1197/2956/114 1068/2955/114
f 1087/2958/113 1198/2957/113 1200/2961/113 1088/2962/113
f 1070/2963/114 1201/2964/114 1199/2960/114 1069/2959/114
f 1088/2962/113 1200/2961/113 1202/2965/113 1089/2966/113
f 1071/2967/114 1203/2968/114 1201/2964/114 1070/2963/114
f 1089/2966/113 1202/2965/113 1204/2969/113 1090/2970/113
f 1072/2971/114 1205/2972/114 1203/2968/114 1071/2967/114
f 1090/2970/113 1204/2969/113 1206/2973/113 1091/2974/113
f 1073/2975/114 1207/2976/114 1205/2972/114 1072/2971/114
f 1091/2974/113 1206/2973/113 1208/2977/113 1092/2978/113
f 1074/2979/114 1209/2980/114 1207/2976/114 1073/2975/114
f 1092/2978/113 1208/2977/113 1210/2981/113 1093/2982/113
f 1075/2983/114 1211/2984/114 1209/2980/114 1074/2979/114
f 1093/2982/113 1210/2981/113 1212/2985/113 1094/2986/113
f 1076/2987/114 1213/2988/114 1211/2984/114 1075/2983/114
f 1094/2986/113 1212/2985/113 1214/2989/113 1095/2990/113
f 1077/2991/114 1215/2992/114 1213/2988/114 1076/2987/114
f 1095/2990/113 1214/2989/113 1216/2993/113 1096/2994/113
f 1078/2995/114 1217/2996/114 1215/2992/114 1077/2991/114
f 1096/2994/113 1216/2993/113 1218/2997/113 1097/2998/113
f 1059/2922/114 1179/2921/114 1217/2996/114 1078/2995/114
f 1097/2998/113 1218/2997/113 1181/2924/113 1098/2923/113
f 1583/2999/115 1584/3000/116 1585/3001/116 1586/3002/115
f 1584/3000/116 1587/3003/117 1588/3004/117 1585/3001/116
f 1587/3005/117 1589/3006/118 1590/3007/118 1588/3008/117
f 1589/3006/118 1591/3009/5 1592/3010/5 1590/3007/118
f 1591/3009/5 1593/3011/119 1594/3012/119 1592/3010/5
f 1593/3011/119 1595/3013/120 1596/3014/120 1594/3012/119
f 1595/3015/120 1597/3016/121 1598/3017/121 1596/3018/120
f 1597/3016/121 1599/3019/122 1600/3020/122 1598/3017/121
f 1599/3019/122 1601/3021/123 1602/3022/123 1600/3020/122
f 1601/3021/123 1603/3023/124 1604/3024/124 1602/3022/123
f 1603/3023/124 1605/3025/125 1606/3026/125 1604/3024/124
f 1605/3025/125 1607/3027/126 1608/3028/126 1606/3026/125
f 1607/3029/126 1609/3030/127 1610/3031/127 1608/3032/126
f 1609/3030/127 1611/3033/15 1612/3034/15 1610/3031/127
f 1611/3033/15 1613/3035/128 1614/3036/128 1612/3034/15
f 1613/3035/128 1615/3037/129 1616/3038/129 1614/3036/128
f 1615/3039/129 1617/3040/130 1618/3041/131 1616/3042/129
f 1617/3040/130 1619/3043/132 1620/3044/132 1618/3041/131
f 1619/3043/132 1621/3045/133 1622/3046/133 1620/3044/132
f 1621/3045/133 1583/2999/115 1586/3002/115 1622/3046/133
f 1584/3047/134 1583/3048/134 1623/3049/134
f 1587/3050/134 1584/3047/134 1623/3049/134
f 1589/3051/134 1587/3050/134 1623/3049/134
f 1591/3052/134 1589/3051/134 1623/3049/134
f 1593/3053/134 1591/3052/134 1623/3049/134
f 1595/3054/134 1593/3053/134 1623/3049/134
f 1597/3055/134 1595/3054/134 1623/3049/134
f 1599/3056/134 1597/3055/134 1623/3049/134
f 1601/3057/134 1599/3056/134 1623/3049/134
f 1603/3058/134 1601/3057/134 1623/3049/134
f 1605/3059/134 1603/3058/134 1623/3049/134
f 1607/3060/134 1605/3059/134 1623/3049/134
f 1609/3061/134 1607/3060/134 1623/3049/134
f 1611/3062/134 1609/3061/134 1623/3049/134
f 1613/3063/134 1611/3062/134 1623/3049/134
f 1615/3064/134 1613/3063/134 1623/3049/134
f 1617/3065/134 1615/3064/134 1623/3049/134
f 1619/3066/134 1617/3065/134 1623/3049/134
f 1621/3067/134 1619/3066/134 1623/3049/134
f 1583/3048/134 1621/3067/134 1623/3049/134
f 1624/3068/135 1625/3069/135 1626/3070/135
f 1625/3069/135 1627/3071/135 1626/3070/135
f 1627/3071/135 1628/3072/135 1626/3070/135
f 1628/3072/135 1629/3073/135 1626/3070/135
f 1629/3073/135 1630/3074/135 1626/3070/135
f 1630/3074/135 1631/3075/135 1626/3070/135
f 1631/3075/135 1632/3076/135 1626/3070/135
f 1632/3076/135 1633/3077/135 1626/3070/135
f 1633/3077/135 1634/3078/135 1626/3070/135
f 1634/3078/135 1635/3079/135 1626/3070/135
f 1635/3079/135 1636/3080/135 1626/3070/135
f 1636/3080/135 1637/3081/135 1626/3070/135
f 1637/3081/135 1638/3082/135 1626/3070/135
f 1638/3082/135 1639/3083/135 1626/3070/135
f 1639/3083/135 1640/3084/135 1626/3070/135
f 1640/3084/135 1641/3085/135 1626/3070/135
f 1641/3085/135 1642/3086/135 1626/3070/135
f 1642/3086/135 1643/3087/135 1626/3070/135
f 1643/3087/135 1644/3088/135 1626/3070/135
f 1644/3088/135 1624/3068/135 1626/3070/135
f 1646/3089/15 1645/3090/128 1647/3091/128 1648/3092/15
f 1649/3093/127 1646/3089/15 1648/3092/15 1650/3094/127
f 1651/3095/126 1649/3093/127 1650/3094/127 1652/3096/126
f 1653/3097/125 1651/3098/126 1652/3099/126 1654/3100/125
f 1655/3101/124 1653/3097/125 1654/3100/125 1656/3102/124
f 1657/3103/123 1655/3101/124 1656/3102/124 1658/3104/123
f 1659/3105/122 1657/3103/123 1658/3104/123 1660/3106/122
f 1661/3107/121 1659/3105/122 1660/3106/122 1662/3108/121
f 1663/3109/120 1661/3107/121 1662/3108/121 1664/3110/120
f 1665/3111/119 1663/3112/120 1664/3113/120 1666/3114/119
f 1667/3115/5 1665/3111/119 1666/3114/119 1668/3116/5
f 1669/3117/118 1667/3115/5 1668/3116/5 1670/3118/118
f 1671/3119/136 1669/3117/118 1670/3118/118 1672/3120/136
f 1673/3121/137 1671/3122/136 1672/3123/136 1674/3124/137
f 1675/3125/115 1673/3121/137 1674/3124/137 1676/3126/115
f 1677/3127/133 1675/3125/115 1676/3126/115 1678/3128/133
f 1679/3129/132 1677/3127/133 1678/3128/133 1680/3130/132
f 1681/3131/131 1679/3129/132 1680/3130/132 1682/3132/131
f 1683/3133/129 1681/3131/131 1682/3132/131 1684/3134/129
f 1645/3090/128 1683/3135/129 1684/3136/129 1647/3091/128
f 1612/3137/134 1614/3138/134 1645/3139/134 1646/3140/134
f 1686/3141/135 1685/3142/135 1648/3143/135 1647/3144/135
f 1610/3145/134 1612/3137/134 1646/3140/134 1649/3146/134
f 1685/3142/135 1687/3147/135 1650/3148/135 1648/3143/135
f 1608/3149/134 1610/3145/134 1649/3146/134 1651/3150/134
f 1687/3147/135 1688/3151/135 1652/3152/135 1650/3148/135
f 1606/3153/134 1608/3149/134 1651/3150/134 1653/3154/134
f 1688/3151/135 1689/3155/135 1654/3156/135 1652/3152/135
f 1604/3157/134 1606/3153/134 1653/3154/134 1655/3158/134
f 1689/3155/135 1690/3159/135 1656/3160/135 1654/3156/135
f 1602/3161/134 1604/3157/134 1655/3158/134 1657/3162/134
f 1690/3159/135 1691/3163/135 1658/3164/135 1656/3160/135
f 1600/3165/134 1602/3161/134 1657/3162/134 1659/3166/134
f 1691/3163/135 1692/3167/135 1660/3168/135 1658/3164/135
f 1598/3169/134 1600/3165/134 1659/3166/134 1661/3170/134
f 1692/3167/135 1693/3171/135 1662/3172/135 1660/3168/135
f 1596/3173/134 1598/3169/134 1661/3170/134 1663/3174/134
f 1693/3171/135 1694/3175/135 1664/3176/135 1662/3172/135
f 1594/3177/134 1596/3173/134 1663/3174/134 1665/3178/134
f 1694/3175/135 1695/3179/135 1666/3180/135 1664/3176/135
f 1592/3181/134 1594/3177/134 1665/3178/134 1667/3182/134
f 1695/3179/135 1696/3183/135 1668/3184/135 1666/3180/135
f 1590/3185/134 1592/3181/134 1667/3182/134 1669/3186/134
f 1696/3183/135 1697/3187/135 1670/3188/135 1668/3184/135
f 1588/3189/134 1590/3185/134 1669/3186/134 1671/3190/134
f 1697/3187/135 1698/3191/135 1672/3192/135 1670/3188/135
f 1585/3193/134 1588/3189/134 1671/3190/134 1673/3194/134
f 1698/3191/135 1699/3195/135 1674/3196/135 1672/3192/135
f 1586/3197/134 1585/3193/134 1673/3194/134 1675/3198/134
f 1699/3195/135 1700/3199/135 1676/3200/135 1674/3196/135
f 1622/3201/134 1586/3197/134 1675/3198/134 1677/3202/134
f 1700/3199/135 1701/3203/135 1678/3204/135 1676/3200/135
f 1620/3205/134 1622/3201/134 1677/3202/134 1679/3206/134
f 1701/3203/135 1702/3207/135 1680/3208/135 1678/3204/135
f 1618/3209/134 1620/3205/134 1679/3206/134 1681/3210/134
f 1702/3207/135 1703/3211/135 1682/3212/135 1680/3208/135
f 1616/3213/134 1618/3209/134 1681/3210/134 1683/3214/134
f 1703/3211/135 1704/3215/135 1684/3216/135 1682/3212/135
f 1614/3138/134 1616/3213/134 1683/3214/134 1645/3139/134
f 1704/3215/135 1686/3141/135 1647/3144/135 1684/3216/135
f 1700/3217/124 1699/3218/125 1625/3219/125 1624/3220/124
f 1699/3218/125 1698/3221/126 1627/3222/126 1625/3219/125
f 1698/3223/126 1697/3224/127 1628/3225/127 1627/3226/126
f 1697/3224/127 1696/3227/15 1629/3228/15 1628/3225/127
f 1696/3227/15 1695/3229/128 1630/3230/128 1629/3228/15
f 1695/3229/128 1694/3231/129 1631/3232/129 1630/3230/128
f 1694/3233/129 1693/3234/130 1632/3235/130 1631/3236/129
f 1693/3234/130 1692/3237/132 1633/3238/132 1632/3235/130
f 1692/3237/132 1691/3239/133 1634/3240/133 1633/3238/132
f 1691/3239/133 1690/3241/115 1635/3242/115 1634/3240/133
f 1690/3241/115 1689/3243/116 1636/3244/116 1635/3242/115
f 1689/3243/116 1688/3245/117 1637/3246/117 1636/3244/116
f 1688/3247/117 1687/3248/118 1638/3249/118 1637/3250/117
f 1687/3248/118 1685/3251/5 1639/3252/5 1638/3249/118
f 1685/3251/5 1686/3253/119 1640/3254/119 1639/3252/5
f 1686/3253/119 1704/3255/120 1641/3256/120 1640/3254/119
f 1704/3257/120 1703/3258/121 1642/3259/121 1641/3260/120
f 1703/3258/121 1702/3261/122 1643/3262/122 1642/3259/121
f 1702/3261/122 1701/3263/123 1644/3264/123 1643/3262/122
f 1701/3263/123 1700/3217/124 1624/3220/124 1644/3264/123
f 1461/3265/124 1517/3266/124 1516/3267/138 1462/3268/138
f 1462/3268/138 1516/3267/138 1515/3269/139 1463/3270/139
f 1463/3271/139 1515/3272/139 1514/3273/127 1464/3274/127
f 1464/3274/127 1514/3273/127 1513/3275/15 1465/3276/15
f 1465/3276/15 1513/3275/15 1512/3277/128 1466/3278/128
f 1466/3278/128 1512/3277/128 1511/3279/129 1467/3280/129
f 1467/3281/129 1511/3282/129 1510/3283/131 1468/3284/131
f 1468/3284/131 1510/3283/131 1509/3285/132 1469/3286/132
f 1469/3286/132 1509/3285/132 1508/3287/133 1470/3288/133
f 1470/3288/133 1508/3287/133 1507/3289/115 1471/3290/115
f 1471/3290/115 1507/3289/115 1506/3291/137 1472/3292/137
f 1472/3292/137 1506/3291/137 1505/3293/136 1473/3294/136
f 1473/3295/136 1505/3296/136 1504/3297/118 1474/3298/118
f 1474/3298/118 1504/3297/118 1503/3299/5 1475/3300/5
f 1475/3300/5 1503/3299/5 1502/3301/119 1476/3302/119
f 1476/3302/119 1502/3301/119 1521/3303/120 1477/3304/120
f 1477/3305/120 1521/3306/120 1520/3307/121 1478/3308/140
f 1478/3308/140 1520/3307/121 1519/3309/122 1479/3310/122
f 1479/3310/122 1519/3309/122 1518/3311/123 1480/3312/123
f 1480/3312/123 1518/3311/123 1517/3266/124 1461/3265/124
f 1462/3313/135 1501/3314/135 1461/3315/135
f 1463/3316/135 1501/3314/135 1462/3313/135
f 1464/3317/135 1501/3314/135 1463/3316/135
f 1465/3318/135 1501/3314/135 1464/3317/135
f 1466/3319/135 1501/3314/135 1465/3318/135
f 1467/3320/135 1501/3314/135 1466/3319/135
f 1468/3321/135 1501/3314/135 1467/3320/135
f 1469/3322/135 1501/3314/135 1468/3321/135
f 1470/3323/135 1501/3314/135 1469/3322/135
f 1471/3324/135 1501/3314/135 1470/3323/135
f 1472/3325/135 1501/3314/135 1471/3324/135
f 1473/3326/135 1501/3314/135 1472/3325/135
f 1474/3327/135 1501/3314/135 1473/3326/135
f 1475/3328/135 1501/3314/135 1474/3327/135
f 1476/3329/135 1501/3314/135 1475/3328/135
f 1477/3330/135 1501/3314/135 1476/3329/135
f 1478/3331/135 1501/3314/135 1477/3330/135
f 1479/3332/135 1501/3314/135 1478/3331/135
f 1480/3333/135 1501/3314/135 1479/3332/135
f 1461/3315/135 1501/3314/135 1480/3333/135
f 1562/3334/134 1564/3335/134 1563/3336/134
f 1563/3336/134 1564/3335/134 1565/3337/134
f 1565/3337/134 1564/3335/134 1566/3338/134
f 1566/3338/134 1564/3335/134 1567/3339/134
f 1567/3339/134 1564/3335/134 1568/3340/134
f 1568/3340/134 1564/3335/134 1569/3341/134
f 1569/3341/134 1564/3335/134 1570/3342/134
f 1570/3342/134 1564/3335/134 1571/3343/134
f 1571/3343/134 1564/3335/134 1572/3344/134
f 1572/3344/134 1564/3335/134 1573/3345/134
f 1573/3345/134 1564/3335/134 1574/3346/134
f 1574/3346/134 1564/3335/134 1575/3347/134
f 1575/3347/134 1564/3335/134 1576/3348/134
f 1576/3348/134 1564/3335/134 1577/3349/134
f 1577/3349/134 1564/3335/134 1578/3350/134
f 1578/3350/134 1564/3335/134 1579/3351/134
f 1579/3351/134 1564/3335/134 1580/3352/134
f 1580/3352/134 1564/3335/134 1581/3353/134
f 1581/3353/134 1564/3335/134 1582/3354/134
f 1582/3354/134 1564/3335/134 1562/3334/134
f 1523/3355/5 1525/3356/5 1524/3357/119 1522/3358/119
f 1526/3359/118 1527/3360/118 1525/3356/5 1523/3355/5
f 1528/3361/136 1529/3362/136 1527/3360/118 1526/3359/118
f 1530/3363/137 1531/3364/137 1529/3365/136 1528/3366/136
f 1532/3367/115 1533/3368/115 1531/3364/137 1530/3363/137
f 1534/3369/133 1535/3370/133 1533/3368/115 1532/3367/115
f 1536/3371/132 1537/3372/132 1535/3370/133 1534/3369/133
f 1538/3373/131 1539/3374/131 1537/3372/132 1536/3371/132
f 1540/3375/129 1541/3376/129 1539/3374/131 1538/3373/131
f 1542/3377/128 1543/3378/128 1541/3379/129 1540/3380/129
f 1544/3381/15 1545/3382/15 1543/3378/128 1542/3377/128
f 1546/3383/127 1547/3384/127 1545/3382/15 1544/3381/15
f 1548/3385/126 1549/3386/126 1547/3384/127 1546/3383/127
f 1550/3387/125 1551/3388/125 1549/3389/126 1548/3390/126
f 1552/3391/124 1553/3392/124 1551/3388/125 1550/3387/125
f 1554/3393/123 1555/3394/123 1553/3392/124 1552/3391/124
f 1556/3395/122 1557/3396/122 1555/3394/123 1554/3393/123
f 1558/3397/121 1559/3398/121 1557/3396/122 1556/3395/122
f 1560/3399/120 1561/3400/120 1559/3398/121 1558/3397/121
f 1522/3358/119 1524/3357/119 1561/3401/120 1560/3402/120
f 1503/3403/135 1523/3404/135 1522/3405/135 1502/3406/135
f 1496/3407/134 1524/3408/134 1525/3409/134 1495/3410/134
f 1504/3411/135 1526/3412/135 1523/3404/135 1503/3403/135
f 1495/3410/134 1525/3409/134 1527/3413/134 1494/3414/134
f 1505/3415/135 1528/3416/135 1526/3412/135 1504/3411/135
f 1494/3414/134 1527/3413/134 1529/3417/134 1493/3418/134
f 1506/3419/135 1530/3420/135 1528/3416/135 1505/3415/135
f 1493/3418/134 1529/3417/134 1531/3421/134 1492/3422/134
f 1507/3423/135 1532/3424/135 1530/3420/135 1506/3419/135
f 1492/3422/134 1531/3421/134 1533/3425/134 1491/3426/134
f 1508/3427/135 1534/3428/135 1532/3424/135 1507/3423/135
f 1491/3426/134 1533/3425/134 1535/3429/134 1490/3430/134
f 1509/3431/135 1536/3432/135 1534/3428/135 1508/3427/135
f 1490/3430/134 1535/3429/134 1537/3433/134 1489/3434/134
f 1510/3435/135 1538/3436/135 1536/3432/135 1509/3431/135
f 1489/3434/134 1537/3433/134 1539/3437/134 1488/3438/134
f 1511/3439/135 1540/3440/135 1538/3436/135 1510/3435/135
f 1488/3438/134 1539/3437/134 1541/3441/134 1487/3442/134
f 1512/3443/135 1542/3444/135 1540/3440/135 1511/3439/135
f 1487/3442/134 1541/3441/134 1543/3445/134 1486/3446/134
f 1513/3447/135 1544/3448/135 1542/3444/135 1512/3443/135
f 1486/3446/134 1543/3445/134 1545/3449/134 1485/3450/134
f 1514/3451/135 1546/3452/135 1544/3448/135 1513/3447/135
f 1485/3450/134 1545/3449/134 1547/3453/134 1484/3454/134
f 1515/3455/135 1548/3456/135 1546/3452/135 1514/3451/135
f 1484/3454/134 1547/3453/134 1549/3457/134 1483/3458/134
f 1516/3459/135 1550/3460/135 1548/3456/135 1515/3455/135
f 1483/3458/134 1549/3457/134 1551/3461/134 1482/3462/134
f 1517/3463/135 1552/3464/135 1550/3460/135 1516/3459/135
f 1482/3462/134 1551/3461/134 1553/3465/134 1481/3466/134
f 1518/3467/135 1554/3468/135 1552/3464/135 1517/3463/135
f 1481/3466/134 1553/3465/134 1555/3469/134 1500/3470/134
f 1519/3471/135 1556/3472/135 1554/3468/135 1518/3467/135
f 1500/3470/134 1555/3469/134 1557/3473/134 1499/3474/134
f 1520/3475/135 1558/3476/135 1556/3472/135 1519/3471/135
f 1499/3474/134 1557/3473/134 1559/3477/134 1498/3478/134
f 1521/3479/135 1560/3480/135 1558/3476/135 1520/3475/135
f 1498/3478/134 1559/3477/134 1561/3481/134 1497/3482/134
f 1502/3406/135 1522/3405/135 1560/3480/135 1521/3479/135
f 1497/3482/134 1561/3481/134 1524/3408/134 1496/3407/134
f 1481/3483/115 1562/3484/115 1563/3485/116 1482/3486/137
f 1482/3486/137 1563/3485/116 1565/3487/136 1483/3488/136
f 1483/3489/136 1565/3490/136 1566/3491/118 1484/3492/118
f 1484/3492/118 1566/3491/118 1567/3493/5 1485/3494/5
f 1485/3494/5 1567/3493/5 1568/3495/119 1486/3496/119
f 1486/3496/119 1568/3495/119 1569/3497/120 1487/3498/120
f 1487/3499/120 1569/3500/120 1570/3501/140 1488/3502/140
f 1488/3502/140 1570/3501/140 1571/3503/122 1489/3504/122
f 1489/3504/122 1571/3503/122 1572/3505/123 1490/3506/123
f 1490/3506/123 1572/3505/123 1573/3507/124 1491/3508/124
f 1491/3508/124 1573/3507/124 1574/3509/125 1492/3510/125
f 1492/3510/125 1574/3509/125 1575/3511/139 1493/3512/139
f 1493/3513/139 1575/3514/139 1576/3515/127 1494/3516/127
f 1494/3516/127 1576/3515/127 1577/3517/15 1495/3518/15
f 1495/3518/15 1577/3517/15 1578/3519/128 1496/3520/128
f 1496/3520/128 1578/3519/128 1579/3521/129 1497/3522/129
f 1497/3523/129 1579/3524/129 1580/3525/130 1498/3526/131
f 1498/3526/131 1580/3525/130 1581/3527/132 1499/3528/132
f 1499/3528/132 1581/3527/132 1582/3529/133 1500/3530/133
f 1500/3530/133 1582/3529/133 1562/3484/115 1481/3483/115
f 1947/3531/95 1948/3532/96 1949/3533/96 1950/3534/95
f 1948/3532/96 1951/3535/97 1952/3536/97 1949/3533/96
f 1951/3537/97 1953/3538/98 1954/3539/98 1952/3540/97
f 1953/3538/98 1955/3541/5 1956/3542/5 1954/3539/98
f 1955/3541/5 1957/3543/99 1958/3544/99 1956/3542/5
f 1957/3543/99 1959/3545/100 1960/3546/100 1958/3544/99
f 1959/3547/100 1961/3548/101 1962/3549/101 1960/3550/100
f 1961/3548/101 1963/3551/102 1964/3552/102 1962/3549/101
f 1963/3551/102 1965/3553/103 1966/3554/103 1964/3552/102
f 1965/3553/103 1967/3555/104 1968/3556/104 1966/3554/103
f 1967/3555/104 1969/3557/105 1970/3558/105 1968/3556/104
f 1969/3557/105 1971/3559/106 1972/3560/106 1970/3558/105
f 1971/3561/106 1973/3562/107 1974/3563/107 1972/3564/106
f 1973/3562/107 1975/3565/15 1976/3566/15 1974/3563/107
f 1975/3565/15 1977/3567/108 1978/3568/108 1976/3566/15
f 1977/3567/108 1979/3569/109 1980/3570/109 1978/3568/108
f 1979/3571/109 1981/3572/110 1982/3573/110 1980/3574/109
f 1981/3572/110 1983/3575/111 1984/3576/111 1982/3573/110
f 1983/3575/111 1985/3577/112 1986/3578/112 1984/3576/111
f 1985/3577/112 1947/3531/95 1950/3534/95 1986/3578/112
f 1988/3579/113 1987/3580/113 1989/3581/113
f 1990/3582/113 1988/3579/113 1989/3581/113
f 1991/3583/113 1990/3582/113 1989/3581/113
f 1992/3584/113 1991/3583/113 1989/3581/113
f 1993/3585/113 1992/3584/113 1989/3581/113
f 1994/3586/113 1993/3585/113 1989/3581/113
f 1995/3587/113 1994/3586/113 1989/3581/113
f 1996/3588/113 1995/3587/113 1989/3581/113
f 1997/3589/113 1996/3588/113 1989/3581/113
f 1998/3590/113 1997/3589/113 1989/3581/113
f 1999/3591/113 1998/3590/113 1989/3581/113
f 2000/3592/113 1999/3591/113 1989/3581/113
f 2001/3593/113 2000/3592/113 1989/3581/113
f 2002/3594/113 2001/3593/113 1989/3581/113
f 2003/3595/113 2002/3594/113 1989/3581/113
f 2004/3596/113 2003/3595/113 1989/3581/113
f 2005/3597/113 2004/3596/113 1989/3581/113
f 2006/3598/113 2005/3597/113 1989/3581/113
f 2007/3599/113 2006/3598/113 1989/3581/113
f 1987/3580/113 2007/3599/113 1989/3581/113
f 2008/3600/114 2009/3601/114 2010/3602/114
f 2009/3601/114 2011/3603/114 2010/3602/114
f 2011/3603/114 2012/3604/114 2010/3602/114
f 2012/3604/114 2013/3605/114 2010/3602/114
f 2013/3605/114 2014/3606/114 2010/3602/114
f 2014/3606/114 2015/3607/114 2010/3602/114
f 2015/3607/114 2016/3608/114 2010/3602/114
f 2016/3608/114 2017/3609/114 2010/3602/114
f 2017/3609/114 2018/3610/114 2010/3602/114
f 2018/3610/114 2019/3611/114 2010/3602/114
f 2019/3611/114 2020/3612/114 2010/3602/114
f 2020/3612/114 2021/3613/114 2010/3602/114
f 2021/3613/114 2022/3614/114 2010/3602/114
f 2022/3614/114 2023/3615/114 2010/3602/114
f 2023/3615/114 2024/3616/114 2010/3602/114
f 2024/3616/114 2025/3617/114 2010/3602/114
f 2025/3617/114 2026/3618/114 2010/3602/114
f 2026/3618/114 2027/3619/114 2010/3602/114
f 2027/3619/114 2028/3620/114 2010/3602/114
f 2028/3620/114 2008/3600/114 2010/3602/114
f 2030/3621/107 2029/3622/15 2031/3623/15 2032/3624/107
f 2033/3625/106 2030/3621/107 2032/3624/107 2034/3626/106
f 2035/3627/105 2033/3628/106 2034/3629/106 2036/3630/105
f 2037/3631/104 2035/3627/105 2036/3630/105 2038/3632/104
f 2039/3633/103 2037/3631/104 2038/3632/104 2040/3634/103
f 2041/3635/102 2039/3633/103 2040/3634/103 2042/3636/102
f 2043/3637/101 2041/3635/102 2042/3636/102 2044/3638/101
f 2045/3639/100 2043/3637/101 2044/3638/101 2046/3640/100
f 2047/3641/99 2045/3642/100 2046/3643/100 2048/3644/99
f 2049/3645/5 2047/3641/99 2048/3644/99 2050/3646/5
f 2051/3647/98 2049/3645/5 2050/3646/5 2052/3648/98
f 2053/3649/97 2051/3647/98 2052/3648/98 2054/3650/97
f 2055/3651/96 2053/3652/97 2054/3653/97 2056/3654/96
f 2057/3655/95 2055/3651/96 2056/3654/96 2058/3656/95
f 2059/3657/112 2057/3655/95 2058/3656/95 2060/3658/112
f 2061/3659/111 2059/3657/112 2060/3658/112 2062/3660/111
f 2063/3661/110 2061/3659/111 2062/3660/111 2064/3662/110
f 2065/3663/109 2063/3661/110 2064/3662/110 2066/3664/109
f 2067/3665/108 2065/3666/109 2066/3667/109 2068/3668/108
f 2029/3622/15 2067/3665/108 2068/3668/108 2031/3623/15
f 2070/3669/15 2069/3670/108 2071/3671/108 2072/3672/15
f 2073/3673/107 2070/3669/15 2072/3672/15 2074/3674/107
f 2075/3675/106 2073/3673/107 2074/3674/107 2076/3676/106
f 2077/3677/105 2075/3678/106 2076/3679/106 2078/3680/105
f 2079/3681/104 2077/3677/105 2078/3680/105 2080/3682/104
f 2081/3683/103 2079/3681/104 2080/3682/104 2082/3684/103
f 2083/3685/102 2081/3683/103 2082/3684/103 2084/3686/102
f 2085/3687/101 2083/3685/102 2084/3686/102 2086/3688/101
f 2087/3689/100 2085/3687/101 2086/3688/101 2088/3690/100
f 2089/3691/99 2087/3692/100 2088/3693/100 2090/3694/99
f 2091/3695/5 2089/3691/99 2090/3694/99 2092/3696/5
f 2093/3697/98 2091/3695/5 2092/3696/5 2094/3698/98
f 2095/3699/97 2093/3697/98 2094/3698/98 2096/3700/97
f 2097/3701/96 2095/3702/97 2096/3703/97 2098/3704/96
f 2099/3705/95 2097/3701/96 2098/3704/96 2100/3706/95
f 2101/3707/112 2099/3705/95 2100/3706/95 2102/3708/112
f 2103/3709/111 2101/3707/112 2102/3708/112 2104/3710/111
f 2105/3711/110 2103/3709/111 2104/3710/111 2106/3712/110
f 2107/3713/109 2105/3711/110 2106/3712/110 2108/3714/109
f 2069/3670/108 2107/3715/109 2108/3716/109 2071/3671/108
f 2110/3717/15 2109/3718/108 2111/3719/108 2112/3720/15
f 2113/3721/107 2110/3717/15 2112/3720/15 2114/3722/107
f 2115/3723/106 2113/3721/107 2114/3722/107 2116/3724/106
f 2117/3725/105 2115/3726/106 2116/3727/106 2118/3728/105
f 2119/3729/104 2117/3725/105 2118/3728/105 2120/3730/104
f 2121/3731/103 2119/3729/104 2120/3730/104 2122/3732/103
f 2123/3733/102 2121/3731/103 2122/3732/103 2124/3734/102
f 2125/3735/101 2123/3733/102 2124/3734/102 2126/3736/101
f 2127/3737/100 2125/3735/101 2126/3736/101 2128/3738/100
f 2129/3739/99 2127/3740/100 2128/3741/100 2130/3742/99
f 2131/3743/5 2129/3739/99 2130/3742/99 2132/3744/5
f 2133/3745/98 2131/3743/5 2132/3744/5 2134/3746/98
f 2135/3747/97 2133/3745/98 2134/3746/98 2136/3748/97
f 2137/3749/96 2135/3750/97 2136/3751/97 2138/3752/96
f 2139/3753/95 2137/3749/96 2138/3752/96 2140/3754/95
f 2141/3755/112 2139/3753/95 2140/3754/95 2142/3756/112
f 2143/3757/111 2141/3755/112 2142/3756/112 2144/3758/111
f 2145/3759/110 2143/3757/111 2144/3758/111 2146/3760/110
f 2147/3761/109 2145/3759/110 2146/3760/110 2148/3762/109
f 2109/3718/108 2147/3763/109 2148/3764/109 2111/3719/108
f 2150/3765/107 2149/3766/15 2151/3767/15 2152/3768/107
f 2153/3769/106 2150/3765/107 2152/3768/107 2154/3770/106
f 2155/3771/105 2153/3772/106 2154/3773/106 2156/3774/105
f 2157/3775/104 2155/3771/105 2156/3774/105 2158/3776/104
f 2159/3777/103 2157/3775/104 2158/3776/104 2160/3778/103
f 2161/3779/102 2159/3777/103 2160/3778/103 2162/3780/102
f 2163/3781/101 2161/3779/102 2162/3780/102 2164/3782/101
f 2165/3783/100 2163/3781/101 2164/3782/101 2166/3784/100
f 2167/3785/99 2165/3786/100 2166/3787/100 2168/3788/99
f 2169/3789/5 2167/3785/99 2168/3788/99 2170/3790/5
f 2171/3791/98 2169/3789/5 2170/3790/5 2172/3792/98
f 2173/3793/97 2171/3791/98 2172/3792/98 2174/3794/97
f 2175/3795/96 2173/3796/97 2174/3797/97 2176/3798/96
f 2177/3799/95 2175/3795/96 2176/3798/96 2178/3800/95
f 2179/3801/112 2177/3799/95 2178/3800/95 2180/3802/112
f 2181/3803/111 2179/3801/112 2180/3802/112 2182/3804/111
f 2183/3805/110 2181/3803/111 2182/3804/111 2184/3806/110
f 2185/3807/109 2183/3805/110 2184/3806/110 2186/3808/109
f 2187/3809/108 2185/3810/109 2186/3811/109 2188/3812/108
f 2149/3766/15 2187/3809/108 2188/3812/108 2151/3767/15
f 1987/3580/113 1988/3579/113 1948/3813/113 1947/3814/113
f 2097/3815/114 2099/3816/114 1950/3817/114 1949/3818/114
f 1988/3579/113 1990/3582/113 1951/3819/113 1948/3813/113
f 2095/3820/114 2097/3815/114 1949/3818/114 1952/3821/114
f 1990/3582/113 1991/3583/113 1953/3822/113 1951/3819/113
f 2093/3823/114 2095/3820/114 1952/3821/114 1954/3824/114
f 1991/3583/113 1992/3584/113 1955/3825/113 1953/3822/113
f 2091/3826/114 2093/3823/114 1954/3824/114 1956/3827/114
f 1992/3584/113 1993/3585/113 1957/3828/113 1955/3825/113
f 2089/3829/114 2091/3826/114 1956/3827/114 1958/3830/114
f 1993/3585/113 1994/3586/113 1959/3831/113 1957/3828/113
f 2087/3832/114 2089/3829/114 1958/3830/114 1960/3833/114
f 1994/3586/113 1995/3587/113 1961/3834/113 1959/3831/113
f 2085/3835/114 2087/3832/114 1960/3833/114 1962/3836/114
f 1995/3587/113 1996/3588/113 1963/3837/113 1961/3834/113
f 2083/3838/114 2085/3835/114 1962/3836/114 1964/3839/114
f 1996/3588/113 1997/3589/113 1965/3840/113 1963/3837/113
f 2081/3841/114 2083/3838/114 1964/3839/114 1966/3842/114
f 1997/3589/113 1998/3590/113 1967/3843/113 1965/3840/113
f 2079/3844/114 2081/3841/114 1966/3842/114 1968/3845/114
f 1998/3590/113 1999/3591/113 1969/3846/113 1967/3843/113
f 2077/3847/114 2079/3844/114 1968/3845/114 1970/3848/114
f 1999/3591/113 2000/3592/113 1971/3849/113 1969/3846/113
f 2075/3850/114 2077/3847/114 1970/3848/114 1972/3851/114
f 2000/3592/113 2001/3593/113 1973/3852/113 1971/3849/113
f 2073/3853/114 2075/3850/114 1972/3851/114 1974/3854/114
f 2001/3593/113 2002/3594/113 1975/3855/113 1973/3852/113
f 2070/3856/114 2073/3853/114 1974/3854/114 1976/3857/114
f 2002/3594/113 2003/3595/113 1977/3858/113 1975/3855/113
f 2069/3859/114 2070/3856/114 1976/3857/114 1978/3860/114
f 2003/3595/113 2004/3596/113 1979/3861/113 1977/3858/113
f 2107/3862/114 2069/3859/114 1978/3860/114 1980/3863/114
f 2004/3596/113 2005/3597/113 1981/3864/113 1979/3861/113
f 2105/3865/114 2107/3862/114 1980/3863/114 1982/3866/114
f 2005/3597/113 2006/3598/113 1983/3867/113 1981/3864/113
f 2103/3868/114 2105/3865/114 1982/3866/114 1984/3869/114
f 2006/3598/113 2007/3599/113 1985/3870/113 1983/3867/113
f 2101/3871/114 2103/3868/114 1984/3869/114 1986/3872/114
f 2007/3599/113 1987/3580/113 1947/3814/113 1985/3870/113
f 2099/3816/114 2101/3871/114 1986/3872/114 1950/3817/114
f 2152/3873/113 2151/3874/113 2029/3875/113 2030/3876/113
f 2023/3615/114 2022/3614/114 2032/3877/114 2031/3878/114
f 2154/3879/113 2152/3873/113 2030/3876/113 2033/3880/113
f 2022/3614/114 2021/3613/114 2034/3881/114 2032/3877/114
f 2156/3882/113 2154/3879/113 2033/3880/113 2035/3883/113
f 2021/3613/114 2020/3612/114 2036/3884/114 2034/3881/114
f 2158/3885/113 2156/3882/113 2035/3883/113 2037/3886/113
f 2020/3612/114 2019/3611/114 2038/3887/114 2036/3884/114
f 2160/3888/113 2158/3885/113 2037/3886/113 2039/3889/113
f 2019/3611/114 2018/3610/114 2040/3890/114 2038/3887/114
f 2162/3891/113 2160/3888/113 2039/3889/113 2041/3892/113
f 2018/3610/114 2017/3609/114 2042/3893/114 2040/3890/114
f 2164/3894/113 2162/3891/113 2041/3892/113 2043/3895/113
f 2017/3609/114 2016/3608/114 2044/3896/114 2042/3893/114
f 2166/3897/113 2164/3894/113 2043/3895/113 2045/3898/113
f 2016/3608/114 2015/3607/114 2046/3899/114 2044/3896/114
f 2168/3900/113 2166/3897/113 2045/3898/113 2047/3901/113
f 2015/3607/114 2014/3606/114 2048/3902/114 2046/3899/114
f 2170/3903/113 2168/3900/113 2047/3901/113 2049/3904/113
f 2014/3606/114 2013/3605/114 2050/3905/114 2048/3902/114
f 2172/3906/113 2170/3903/113 2049/3904/113 2051/3907/113
f 2013/3605/114 2012/3604/114 2052/3908/114 2050/3905/114
f 2174/3909/113 2172/3906/113 2051/3907/113 2053/3910/113
f 2012/3604/114 2011/3603/114 2054/3911/114 2052/3908/114
f 2176/3912/113 2174/3909/113 2053/3910/113 2055/3913/113
f 2011/3603/114 2009/3601/114 2056/3914/114 2054/3911/114
f 2178/3915/113 2176/3912/113 2055/3913/113 2057/3916/113
f 2009/3601/114 2008/3600/114 2058/3917/114 2056/3914/114
f 2180/3918/113 2178/3915/113 2057/3916/113 2059/3919/113
f 2008/3600/114 2028/3620/114 2060/3920/114 2058/3917/114
f 2182/3921/113 2180/3918/113 2059/3919/113 2061/3922/113
f 2028/3620/114 2027/3619/114 2062/3923/114 2060/3920/114
f 2184/3924/113 2182/3921/113 2061/3922/113 2063/3925/113
f 2027/3619/114 2026/3618/114 2064/3926/114 2062/3923/114
f 2186/3927/113 2184/3924/113 2063/3925/113 2065/3928/113
f 2026/3618/114 2025/3617/114 2066/3929/114 2064/3926/114
f 2188/3930/113 2186/3927/113 2065/3928/113 2067/3931/113
f 2025/3617/114 2024/3616/114 2068/3932/114 2066/3929/114
f 2151/3874/113 2188/3930/113 2067/3931/113 2029/3875/113
f 2024/3616/114 2023/3615/114 2031/3878/114 2068/3932/114
f 2072/3933/113 2071/3934/113 2109/3935/113 2110/3936/113
f 2187/3937/114 2149/3938/114 2112/3939/114 2111/3940/114
f 2074/3941/113 2072/3933/113 2110/3936/113 2113/3942/113
f 2149/3938/114 2150/3943/114 2114/3944/114 2112/3939/114
f 2076/3945/113 2074/3941/113 2113/3942/113 2115/3946/113
f 2150/3943/114 2153/3947/114 2116/3948/114 2114/3944/114
f 2078/3949/113 2076/3945/113 2115/3946/113 2117/3950/113
f 2153/3947/114 2155/3951/114 2118/3952/114 2116/3948/114
f 2080/3953/113 2078/3949/113 2117/3950/113 2119/3954/113
f 2155/3951/114 2157/3955/114 2120/3956/114 2118/3952/114
f 2082/3957/113 2080/3953/113 2119/3954/113 2121/3958/113
f 2157/3955/114 2159/3959/114 2122/3960/114 2120/3956/114
f 2084/3961/113 2082/3957/113 2121/3958/113 2123/3962/113
f 2159/3959/114 2161/3963/114 2124/3964/114 2122/3960/114
f 2086/3965/113 2084/3961/113 2123/3962/113 2125/3966/113
f 2161/3963/114 2163/3967/114 2126/3968/114 2124/3964/114
f 2088/3969/113 2086/3965/113 2125/3966/113 2127/3970/113
f 2163/3967/114 2165/3971/114 2128/3972/114 2126/3968/114
f 2090/3973/113 2088/3969/113 2127/3970/113 2129/3974/113
f 2165/3971/114 2167/3975/114 2130/3976/114 2128/3972/114
f 2092/3977/113 2090/3973/113 2129/3974/113 2131/3978/113
f 2167/3975/114 2169/3979/114 2132/3980/114 2130/3976/114
f 2094/3981/113 2092/3977/113 2131/3978/113 2133/3982/113
f 2169/3979/114 2171/3983/114 2134/3984/114 2132/3980/114
f 2096/3985/113 2094/3981/113 2133/3982/113 2135/3986/113
f 2171/3983/114 2173/3987/114 2136/3988/114 2134/3984/114
f 2098/3989/113 2096/3985/113 2135/3986/113 2137/3990/113
f 2173/3987/114 2175/3991/114 2138/3992/114 2136/3988/114
f 2100/3993/113 2098/3989/113 2137/3990/113 2139/3994/113
f 2175/3991/114 2177/3995/114 2140/3996/114 2138/3992/114
f 2102/3997/113 2100/3993/113 2139/3994/113 2141/3998/113
f 2177/3995/114 2179/3999/114 2142/4000/114 2140/3996/114
f 2104/4001/113 2102/3997/113 2141/3998/113 2143/4002/113
f 2179/3999/114 2181/4003/114 2144/4004/114 2142/4000/114
f 2106/4005/113 2104/4001/113 2143/4002/113 2145/4006/113
f 2181/4003/114 2183/4007/114 2146/4008/114 2144/4004/114
f 2108/4009/113 2106/4005/113 2145/4006/113 2147/4010/113
f 2183/4007/114 2185/4011/114 2148/4012/114 2146/4008/114
f 2071/3934/113 2108/4009/113 2147/4010/113 2109/3935/113
f 2185/4011/114 2187/3937/114 2111/3940/114 2148/4012/114
f 1827/4013/104 1830/4014/104 1829/4015/105 1828/4016/105
f 1828/4016/105 1829/4015/105 1832/4017/106 1831/4018/106
f 1831/4019/106 1832/4020/106 1834/4021/107 1833/4022/107
f 1833/4022/107 1834/4021/107 1836/4023/15 1835/4024/15
f 1835/4024/15 1836/4023/15 1838/4025/108 1837/4026/108
f 1837/4026/108 1838/4025/108 1840/4027/109 1839/4028/109
f 1839/4029/109 1840/4030/109 1842/4031/110 1841/4032/110
f 1841/4032/110 1842/4031/110 1844/4033/111 1843/4034/111
f 1843/4034/111 1844/4033/111 1846/4035/112 1845/4036/112
f 1845/4036/112 1846/4035/112 1848/4037/95 1847/4038/95
f 1847/4038/95 1848/4037/95 1850/4039/96 1849/4040/96
f 1849/4040/96 1850/4039/96 1852/4041/97 1851/4042/97
f 1851/4043/97 1852/4044/97 1854/4045/98 1853/4046/98
f 1853/4046/98 1854/4045/98 1856/4047/5 1855/4048/5
f 1855/4048/5 1856/4047/5 1858/4049/99 1857/4050/99
f 1857/4050/99 1858/4049/99 1860/4051/100 1859/4052/100
f 1859/4053/100 1860/4054/100 1862/4055/101 1861/4056/101
f 1861/4056/101 1862/4055/101 1864/4057/102 1863/4058/102
f 1863/4058/102 1864/4057/102 1866/4059/103 1865/4060/103
f 1865/4060/103 1866/4059/103 1830/4014/104 1827/4013/104
f 1706/4061/114 1745/4062/114 1705/4063/114
f 1707/4064/114 1745/4062/114 1706/4061/114
f 1708/4065/114 1745/4062/114 1707/4064/114
f 1709/4066/114 1745/4062/114 1708/4065/114
f 1710/4067/114 1745/4062/114 1709/4066/114
f 1711/4068/114 1745/4062/114 1710/4067/114
f 1712/4069/114 1745/4062/114 1711/4068/114
f 1713/4070/114 1745/4062/114 1712/4069/114
f 1714/4071/114 1745/4062/114 1713/4070/114
f 1715/4072/114 1745/4062/114 1714/4071/114
f 1716/4073/114 1745/4062/114 1715/4072/114
f 1717/4074/114 1745/4062/114 1716/4073/114
f 1718/4075/114 1745/4062/114 1717/4074/114
f 1719/4076/114 1745/4062/114 1718/4075/114
f 1720/4077/114 1745/4062/114 1719/4076/114
f 1721/4078/114 1745/4062/114 1720/4077/114
f 1722/4079/114 1745/4062/114 1721/4078/114
f 1723/4080/114 1745/4062/114 1722/4079/114
f 1724/4081/114 1745/4062/114 1723/4080/114
f 1705/4063/114 1745/4062/114 1724/4081/114
f 1725/4082/113 1746/4083/113 1726/4084/113
f 1726/4084/113 1746/4083/113 1727/4085/113
f 1727/4085/113 1746/4083/113 1728/4086/113
f 1728/4086/113 1746/4083/113 1729/4087/113
f 1729/4087/113 1746/4083/113 1730/4088/113
f 1730/4088/113 1746/4083/113 1731/4089/113
f 1731/4089/113 1746/4083/113 1732/4090/113
f 1732/4090/113 1746/4083/113 1733/4091/113
f 1733/4091/113 1746/4083/113 1734/4092/113
f 1734/4092/113 1746/4083/113 1735/4093/113
f 1735/4093/113 1746/4083/113 1736/4094/113
f 1736/4094/113 1746/4083/113 1737/4095/113
f 1737/4095/113 1746/4083/113 1738/4096/113
f 1738/4096/113 1746/4083/113 1739/4097/113
f 1739/4097/113 1746/4083/113 1740/4098/113
f 1740/4098/113 1746/4083/113 1741/4099/113
f 1741/4099/113 1746/4083/113 1742/4100/113
f 1742/4100/113 1746/4083/113 1743/4101/113
f 1743/4101/113 1746/4083/113 1744/4102/113
f 1744/4102/113 1746/4083/113 1725/4082/113
f 1868/4103/98 1870/4104/98 1869/4105/5 1867/4106/5
f 1871/4107/97 1872/4108/97 1870/4104/98 1868/4103/98
f 1873/4109/96 1874/4110/96 1872/4111/97 1871/4112/97
f 1875/4113/95 1876/4114/95 1874/4110/96 1873/4109/96
f 1877/4115/112 1878/4116/112 1876/4114/95 1875/4113/95
f 1879/4117/111 1880/4118/111 1878/4116/112 1877/4115/112
f 1881/4119/110 1882/4120/110 1880/4118/111 1879/4117/111
f 1883/4121/109 1884/4122/109 1882/4120/110 1881/4119/110
f 1885/4123/108 1886/4124/108 1884/4125/109 1883/4126/109
f 1887/4127/15 1888/4128/15 1886/4124/108 1885/4123/108
f 1889/4129/107 1890/4130/107 1888/4128/15 1887/4127/15
f 1891/4131/106 1892/4132/106 1890/4130/107 1889/4129/107
f 1893/4133/105 1894/4134/105 1892/4135/106 1891/4136/106
f 1895/4137/104 1896/4138/104 1894/4134/105 1893/4133/105
f 1897/4139/103 1898/4140/103 1896/4138/104 1895/4137/104
f 1899/4141/102 1900/4142/102 1898/4140/103 1897/4139/103
f 1901/4143/101 1902/4144/101 1900/4142/102 1899/4141/102
f 1903/4145/100 1904/4146/100 1902/4144/101 1901/4143/101
f 1905/4147/99 1906/4148/99 1904/4149/100 1903/4150/100
f 1867/4106/5 1869/4105/5 1906/4148/99 1905/4147/99
f 1768/4151/5 1788/4152/5 1787/4153/99 1767/4154/99
f 1769/4155/98 1789/4156/98 1788/4152/5 1768/4151/5
f 1770/4157/97 1790/4158/97 1789/4156/98 1769/4155/98
f 1771/4159/96 1791/4160/96 1790/4161/97 1770/4162/97
f 1772/4163/95 1792/4164/95 1791/4160/96 1771/4159/96
f 1773/4165/112 1793/4166/112 1792/4164/95 1772/4163/95
f 1774/4167/111 1794/4168/111 1793/4166/112 1773/4165/112
f 1775/4169/110 1795/4170/110 1794/4168/111 1774/4167/111
f 1776/4171/109 1796/4172/109 1795/4170/110 1775/4169/110
f 1777/4173/108 1797/4174/108 1796/4175/109 1776/4176/109
f 1778/4177/15 1798/4178/15 1797/4174/108 1777/4173/108
f 1779/4179/107 1799/4180/107 1798/4178/15 1778/4177/15
f 1780/4181/106 1800/4182/106 1799/4180/107 1779/4179/107
f 1781/4183/105 1801/4184/105 1800/4185/106 1780/4186/106
f 1782/4187/104 1802/4188/104 1801/4184/105 1781/4183/105
f 1783/4189/103 1803/4190/103 1802/4188/104 1782/4187/104
f 1784/4191/102 1804/4192/102 1803/4190/103 1783/4189/103
f 1785/4193/101 1805/4194/101 1804/4192/102 1784/4191/102
f 1786/4195/100 1806/4196/100 1805/4194/101 1785/4193/101
f 1767/4154/99 1787/4153/99 1806/4197/100 1786/4198/100
f 1908/4199/5 1910/4200/5 1909/4201/99 1907/4202/99
f 1911/4203/98 1912/4204/98 1910/4200/5 1908/4199/5
f 1913/4205/97 1914/4206/97 1912/4204/98 1911/4203/98
f 1915/4207/96 1916/4208/96 1914/4209/97 1913/4210/97
f 1917/4211/95 1918/4212/95 1916/4208/96 1915/4207/96
f 1919/4213/112 1920/4214/112 1918/4212/95 1917/4211/95
f 1921/4215/111 1922/4216/111 1920/4214/112 1919/4213/112
f 1923/4217/110 1924/4218/110 1922/4216/111 1921/4215/111
f 1925/4219/109 1926/4220/109 1924/4218/110 1923/4217/110
f 1927/4221/108 1928/4222/108 1926/4223/109 1925/4224/109
f 1929/4225/15 1930/4226/15 1928/4222/108 1927/4221/108
f 1931/4227/107 1932/4228/107 1930/4226/15 1929/4225/15
f 1933/4229/106 1934/4230/106 1932/4228/107 1931/4227/107
f 1935/4231/105 1936/4232/105 1934/4233/106 1933/4234/106
f 1937/4235/104 1938/4236/104 1936/4232/105 1935/4231/105
f 1939/4237/103 1940/4238/103 1938/4236/104 1937/4235/104
f 1941/4239/102 1942/4240/102 1940/4238/103 1939/4237/103
f 1943/4241/101 1944/4242/101 1942/4240/102 1941/4239/102
f 1945/4243/100 1946/4244/100 1944/4242/101 1943/4241/101
f 1907/4202/99 1909/4201/99 1946/4245/100 1945/4246/100
f 1808/4247/98 1748/4248/98 1747/4249/5 1807/4250/5
f 1809/4251/97 1749/4252/97 1748/4248/98 1808/4247/98
f 1810/4253/96 1750/4254/96 1749/4255/97 1809/4256/97
f 1811/4257/95 1751/4258/95 1750/4254/96 1810/4253/96
f 1812/4259/112 1752/4260/112 1751/4258/95 1811/4257/95
f 1813/4261/111 1753/4262/111 1752/4260/112 1812/4259/112
f 1814/4263/110 1754/4264/110 1753/4262/111 1813/4261/111
f 1815/4265/109 1755/4266/109 1754/4264/110 1814/4263/110
f 1816/4267/108 1756/4268/108 1755/4269/109 1815/4270/109
f 1817/4271/15 1757/4272/15 1756/4268/108 1816/4267/108
f 1818/4273/107 1758/4274/107 1757/4272/15 1817/4271/15
f 1819/4275/106 1759/4276/106 1758/4274/107 1818/4273/107
f 1820/4277/105 1760/4278/105 1759/4279/106 1819/4280/106
f 1821/4281/104 1761/4282/104 1760/4278/105 1820/4277/105
f 1822/4283/103 1762/4284/103 1761/4282/104 1821/4281/104
f 1823/4285/102 1763/4286/102 1762/4284/103 1822/4283/103
f 1824/4287/101 1764/4288/101 1763/4286/102 1823/4285/102
f 1825/4289/100 1765/4290/100 1764/4288/101 1824/4287/101
f 1826/4291/99 1766/4292/99 1765/4293/100 1825/4294/100
f 1807/4250/5 1747/4249/5 1766/4292/99 1826/4291/99
f 1705/4063/114 1827/4295/114 1828/4296/114 1706/4061/114
f 1781/4297/113 1829/4298/113 1830/4299/113 1782/4300/113
f 1706/4061/114 1828/4296/114 1831/4301/114 1707/4064/114
f 1780/4302/113 1832/4303/113 1829/4298/113 1781/4297/113
f 1707/4064/114 1831/4301/114 1833/4304/114 1708/4065/114
f 1779/4305/113 1834/4306/113 1832/4303/113 1780/4302/113
f 1708/4065/114 1833/4304/114 1835/4307/114 1709/4066/114
f 1778/4308/113 1836/4309/113 1834/4306/113 1779/4305/113
f 1709/4066/114 1835/4307/114 1837/4310/114 1710/4067/114
f 1777/4311/113 1838/4312/113 1836/4309/113 1778/4308/113
f 1710/4067/114 1837/4310/114 1839/4313/114 1711/4068/114
f 1776/4314/113 1840/4315/113 1838/4312/113 1777/4311/113
f 1711/4068/114 1839/4313/114 1841/4316/114 1712/4069/114
f 1775/4317/113 1842/4318/113 1840/4315/113 1776/4314/113
f 1712/4069/114 1841/4316/114 1843/4319/114 1713/4070/114
f 1774/4320/113 1844/4321/113 1842/4318/113 1775/4317/113
f 1713/4070/114 1843/4319/114 1845/4322/114 1714/4071/114
f 1773/4323/113 1846/4324/113 1844/4321/113 1774/4320/113
f 1714/4071/114 1845/4322/114 1847/4325/114 1715/4072/114
f 1772/4326/113 1848/4327/113 1846/4324/113 1773/4323/113
f 1715/4072/114 1847/4325/114 1849/4328/114 1716/4073/114
f 1771/4329/113 1850/4330/113 1848/4327/113 1772/4326/113
f 1716/4073/114 1849/4328/114 1851/4331/114 1717/4074/114
f 1770/4332/113 1852/4333/113 1850/4330/113 1771/4329/113
f 1717/4074/114 1851/4331/114 1853/4334/114 1718/4075/114
f 1769/4335/113 1854/4336/113 1852/4333/113 1770/4332/113
f 1718/4075/114 1853/4334/114 1855/4337/114 1719/4076/114
f 1768/4338/113 1856/4339/113 1854/4336/113 1769/4335/113
f 1719/4076/114 1855/4337/114 1857/4340/114 1720/4077/114
f 1767/4341/113 1858/4342/113 1856/4339/113 1768/4338/113
f 1720/4077/114 1857/4340/114 1859/4343/114 1721/4078/114
f 1786/4344/113 1860/4345/113 1858/4342/113 1767/4341/113
f 1721/4078/114 1859/4343/114 1861/4346/114 1722/4079/114
f 1785/4347/113 1862/4348/113 1860/4345/113 1786/4344/113
f 1722/4079/114 1861/4346/114 1863/4349/114 1723/4080/114
f 1784/4350/113 1864/4351/113 1862/4348/113 1785/4347/113
f 1723/4080/114 1863/4349/114 1865/4352/114 1724/4081/114
f 1783/4353/113 1866/4354/113 1864/4351/113 1784/4350/113
f 1724/4081/114 1865/4352/114 1827/4295/114 1705/4063/114
f 1782/4300/113 1830/4299/113 1866/4354/113 1783/4353/113
f 1748/4355/114 1868/4356/114 1867/4357/114 1747/4358/114
f 1739/4097/113 1869/4359/113 1870/4360/113 1738/4096/113
f 1749/4361/114 1871/4362/114 1868/4356/114 1748/4355/114
f 1738/4096/113 1870/4360/113 1872/4363/113 1737/4095/113
f 1750/4364/114 1873/4365/114 1871/4362/114 1749/4361/114
f 1737/4095/113 1872/4363/113 1874/4366/113 1736/4094/113
f 1751/4367/114 1875/4368/114 1873/4365/114 1750/4364/114
f 1736/4094/113 1874/4366/113 1876/4369/113 1735/4093/113
f 1752/4370/114 1877/4371/114 1875/4368/114 1751/4367/114
f 1735/4093/113 1876/4369/113 1878/4372/113 1734/4092/113
f 1753/4373/114 1879/4374/114 1877/4371/114 1752/4370/114
f 1734/4092/113 1878/4372/113 1880/4375/113 1733/4091/113
f 1754/4376/114 1881/4377/114 1879/4374/114 1753/4373/114
f 1733/4091/113 1880/4375/113 1882/4378/113 1732/4090/113
f 1755/4379/114 1883/4380/114 1881/4377/114 1754/4376/114
f 1732/4090/113 1882/4378/113 1884/4381/113 1731/4089/113
f 1756/4382/114 1885/4383/114 1883/4380/114 1755/4379/114
f 1731/4089/113 1884/4381/113 1886/4384/113 1730/4088/113
f 1757/4385/114 1887/4386/114 1885/4383/114 1756/4382/114
f 1730/4088/113 1886/4384/113 1888/4387/113 1729/4087/113
f 1758/4388/114 1889/4389/114 1887/4386/114 1757/4385/114
f 1729/4087/113 1888/4387/113 1890/4390/113 1728/4086/113
f 1759/4391/114 1891/4392/114 1889/4389/114 1758/4388/114
f 1728/4086/113 1890/4390/113 1892/4393/113 1727/4085/113
f 1760/4394/114 1893/4395/114 1891/4392/114 1759/4391/114
f 1727/4085/113 1892/4393/113 1894/4396/113 1726/4084/113
f 1761/4397/114 1895/4398/114 1893/4395/114 1760/4394/114
f 1726/4084/113 1894/4396/113 1896/4399/113 1725/4082/113
f 1762/4400/114 1897/4401/114 1895/4398/114 1761/4397/114
f 1725/4082/113 1896/4399/113 1898/4402/113 1744/4102/113
f 1763/4403/114 1899/4404/114 1897/4401/114 1762/4400/114
f 1744/4102/113 1898/4402/113 1900/4405/113 1743/4101/113
f 1764/4406/114 1901/4407/114 1899/4404/114 1763/4403/114
f 1743/4101/113 1900/4405/113 1902/4408/113 1742/4100/113
f 1765/4409/114 1903/4410/114 1901/4407/114 1764/4406/114
f 1742/4100/113 1902/4408/113 1904/4411/113 1741/4099/113
f 1766/4412/114 1905/4413/114 1903/4410/114 1765/4409/114
f 1741/4099/113 1904/4411/113 1906/4414/113 1740/4098/113
f 1747/4358/114 1867/4357/114 1905/4413/114 1766/4412/114
f 1740/4098/113 1906/4414/113 1869/4359/113 1739/4097/113
f 1788/4415/114 1908/4416/114 1907/4417/114 1787/4418/114
f 1826/4419/113 1909/4420/113 1910/4421/113 1807/4422/113
f 1789/4423/114 1911/4424/114 1908/4416/114 1788/4415/114
f 1807/4422/113 1910/4421/113 1912/4425/113 1808/4426/113
f 1790/4427/114 1913/4428/114 1911/4424/114 1789/4423/114
f 1808/4426/113 1912/4425/113 1914/4429/113 1809/4430/113
f 1791/4431/114 1915/4432/114 1913/4428/114 1790/4427/114
f 1809/4430/113 1914/4429/113 1916/4433/113 1810/4434/113
f 1792/4435/114 1917/4436/114 1915/4432/114 1791/4431/114
f 1810/4434/113 1916/4433/113 1918/4437/113 1811/4438/113
f 1793/4439/114 1919/4440/114 1917/4436/114 1792/4435/114
f 1811/4438/113 1918/4437/113 1920/4441/113 1812/4442/113
f 1794/4443/114 1921/4444/114 1919/4440/114 1793/4439/114
f 1812/4442/113 1920/4441/113 1922/4445/113 1813/4446/113
f 1795/4447/114 1923/4448/114 1921/4444/114 1794/4443/114
f 1813/4446/113 1922/4445/113 1924/4449/113 1814/4450/113
f 1796/4451/114 1925/4452/114 1923/4448/114 1795/4447/114
f 1814/4450/113 1924/4449/113 1926/4453/113 1815/4454/113
f 1797/4455/114 1927/4456/114 1925/4452/114 1796/4451/114
f 1815/4454/113 1926/4453/113 1928/4457/113 1816/4458/113
f 1798/4459/114 1929/4460/114 1927/4456/114 1797/4455/114
f 1816/4458/113 1928/4457/113 1930/4461/113 1817/4462/113
f 1799/4463/114 1931/4464/114 1929/4460/114 1798/4459/114
f 1817/4462/113 1930/4461/113 1932/4465/113 1818/4466/113
f 1800/4467/114 1933/4468/114 1931/4464/114 1799/4463/114
f 1818/4466/113 1932/4465/113 1934/4469/113 1819/4470/113
f 1801/4471/114 1935/4472/114 1933/4468/114 1800/4467/114
f 1819/4470/113 1934/4469/113 1936/4473/113 1820/4474/113
f 1802/4475/114 1937/4476/114 1935/4472/114 1801/4471/114
f 1820/4474/113 1936/4473/113 1938/4477/113 1821/4478/113
f 1803/4479/114 1939/4480/114 1937/4476/114 1802/4475/114
f 1821/4478/113 1938/4477/113 1940/4481/113 1822/4482/113
f 1804/4483/114 1941/4484/114 1939/4480/114 1803/4479/114
f 1822/4482/113 1940/4481/113 1942/4485/113 1823/4486/113
f 1805/4487/114 1943/4488/114 1941/4484/114 1804/4483/114
f 1823/4486/113 1942/4485/113 1944/4489/113 1824/4490/113
f 1806/4491/114 1945/4492/114 1943/4488/114 1805/4487/114
f 1824/4490/113 1944/4489/113 1946/4493/113 1825/4494/113
f 1787/4418/114 1907/4417/114 1945/4492/114 1806/4491/114
f 1825/4494/113 1946/4493/113 1909/4420/113 1826/4419/113
f 2189/4495/141 2190/4496/142 2191/4497/142 2192/4498/141
f 2193/4499/114 2194/4500/143 2195/4501/144 2196/4502/114
f 2197/4498/145 2198/4497/146 2199/4496/146 2200/4495/145
f 2200/4503/113 2199/4504/113 2190/4505/113 2189/4506/113
f 2202/4507/112 2201/4508/112 2203/4509/112 2204/4510/112
f 2200/4511/103 2189/4512/103 2192/4513/103 2197/4514/103
f 2205/4515/147 2206/4516/148 2207/4517/148 2208/4518/149
f 2210/4519/150 2209/4520/151 2203/4521/152 2201/4522/152
f 2211/4523/153 2210/4524/154 2201/4525/113 2202/4526/113
f 2212/4520/155 2211/4519/156 2202/4522/157 2204/4521/157
f 2213/4527/158 2205/4515/147 2208/4518/149 2214/4528/159
f 2216/4529/160 2215/4530/161 2209/4531/151 2210/4532/150
f 2217/4533/162 2216/4534/163 2210/4524/154 2211/4523/153
f 2218/4530/164 2217/4529/165 2211/4532/156 2212/4531/155
f 2219/4535/166 2213/4527/158 2214/4528/159 2220/4536/167
f 2222/4537/168 2221/4538/169 2215/4539/161 2216/4540/160
f 2223/4541/170 2222/4542/171 2216/4534/163 2217/4533/162
f 2224/4538/172 2223/4537/173 2217/4540/165 2218/4539/164
f 2225/4543/174 2219/4535/166 2220/4536/167 2226/4544/175
f 2228/4545/176 2227/4546/177 2221/4547/169 2222/4548/168
f 2229/4549/178 2228/4550/179 2222/4542/171 2223/4541/170
f 2230/4546/180 2229/4545/181 2223/4548/173 2224/4547/172
f 2231/4551/182 2232/4552/183 2233/4553/184 2234/4554/185
f 2236/4555/186 2235/4556/187 2237/4557/188 2238/4558/188
f 2239/4559/189 2236/4560/190 2238/4561/113 2240/4562/113
f 2241/4556/191 2239/4555/192 2240/4558/193 2242/4557/193
f 2243/4563/194 2231/4551/182 2234/4554/185 2244/4564/195
f 2246/4565/196 2245/4566/197 2235/4567/187 2236/4568/186
f 2247/4569/198 2246/4570/199 2236/4560/190 2239/4559/189
f 2248/4566/200 2247/4565/201 2239/4568/192 2241/4567/191
f 2249/4571/202 2243/4563/194 2244/4564/195 2250/4572/203
f 2252/4573/204 2251/4574/205 2245/4575/197 2246/4576/196
f 2253/4577/206 2252/4578/207 2246/4570/199 2247/4569/198
f 2254/4574/208 2253/4573/209 2247/4576/201 2248/4575/200
f 2255/4579/210 2249/4571/202 2250/4572/203 2256/4580/211
f 2258/4581/212 2257/4582/213 2251/4583/205 2252/4584/204
f 2259/4585/214 2258/4586/215 2252/4578/207 2253/4577/206
f 2260/4582/216 2259/4581/217 2253/4584/209 2254/4583/208
f 2261/4587/218 2255/4579/210 2256/4580/211 2262/4588/219
f 2264/4589/220 2263/4590/221 2257/4591/213 2258/4592/212
f 2265/4593/222 2264/4594/223 2258/4586/215 2259/4585/214
f 2266/4590/224 2265/4589/225 2259/4592/217 2260/4591/216
f 2194/4500/143 2261/4587/218 2262/4588/219 2195/4501/144
f 2199/4595/146 2198/4596/146 2263/4597/221 2264/4598/220
f 2190/4505/113 2199/4504/113 2264/4594/223 2265/4593/222
f 2191/4596/142 2190/4595/142 2265/4598/225 2266/4597/224
f 2268/4599/103 2267/4600/103 2193/4601/103 2196/4602/103
f 2196/4603/145 2195/4604/226 2269/4605/227 2268/4606/145
f 2270/4607/228 2269/4608/227 2195/4609/226 2262/4610/229
f 2271/4611/230 2270/4612/228 2262/4613/229 2256/4614/231
f 2272/4615/232 2271/4616/230 2256/4617/231 2250/4618/233
f 2273/4619/234 2272/4620/232 2250/4621/233 2244/4622/235
f 2274/4623/236 2273/4624/234 2244/4625/235 2234/4626/237
f 2275/4627/188 2274/4628/236 2234/4629/237 2233/4630/188
f 2277/4631/238 2276/4632/239 2226/4633/240 2220/4634/241
f 2278/4635/242 2277/4636/238 2220/4637/241 2214/4638/243
f 2279/4639/244 2278/4640/242 2214/4641/243 2208/4642/245
f 2280/4643/246 2279/4644/244 2208/4645/245 2207/4646/246
f 2281/4647/112 2280/4648/112 2207/4649/112 2206/4650/112
f 2205/4645/247 2282/4644/248 2281/4643/157 2206/4646/157
f 2213/4641/249 2283/4640/250 2282/4639/248 2205/4642/247
f 2219/4637/251 2284/4636/252 2283/4635/250 2213/4638/249
f 2225/4633/253 2285/4632/254 2284/4631/252 2219/4634/251
f 2231/4629/255 2286/4628/256 2287/4627/193 2232/4630/193
f 2243/4625/257 2288/4624/258 2286/4623/256 2231/4626/255
f 2249/4621/259 2289/4620/260 2288/4619/258 2243/4622/257
f 2255/4617/261 2290/4616/262 2289/4615/260 2249/4618/259
f 2261/4613/263 2291/4612/264 2290/4611/262 2255/4614/261
f 2194/4609/265 2292/4608/266 2291/4607/264 2261/4610/263
f 2267/4606/141 2292/4605/266 2194/4604/265 2193/4603/141
f 2197/4514/103 2192/4513/103 2267/4600/103 2268/4599/103
f 2268/4651/145 2269/4608/227 2198/4596/146 2197/4652/145
f 2263/4590/221 2198/4497/146 2269/4605/227 2270/4612/228
f 2257/4582/213 2263/4597/221 2270/4607/228 2271/4616/230
f 2251/4574/205 2257/4591/213 2271/4611/230 2272/4620/232
f 2245/4566/197 2251/4583/205 2272/4615/232 2273/4624/234
f 2235/4556/187 2245/4575/197 2273/4619/234 2274/4628/236
f 2237/4653/188 2235/4567/187 2274/4623/236 2275/4654/188
f 2221/4538/169 2227/4655/177 2276/4656/239 2277/4636/238
f 2215/4530/161 2221/4547/169 2277/4631/238 2278/4640/242
f 2209/4520/151 2215/4539/161 2278/4635/242 2279/4644/244
f 2203/4657/152 2209/4531/151 2279/4639/244 2280/4658/246
f 2204/4510/112 2203/4509/112 2280/4648/112 2281/4647/112
f 2282/4639/248 2212/4531/155 2204/4657/157 2281/4658/157
f 2283/4635/250 2218/4539/164 2212/4520/155 2282/4644/248
f 2284/4631/252 2224/4547/172 2218/4530/164 2283/4640/250
f 2285/4656/254 2230/4655/180 2224/4538/172 2284/4636/252
f 2286/4623/256 2241/4567/191 2242/4653/193 2287/4654/193
f 2288/4619/258 2248/4575/200 2241/4556/191 2286/4628/256
f 2289/4615/260 2254/4583/208 2248/4566/200 2288/4624/258
f 2290/4611/262 2260/4591/216 2254/4574/208 2289/4620/260
f 2291/4607/264 2266/4597/224 2260/4582/216 2290/4616/262
f 2292/4605/266 2191/4497/142 2266/4590/224 2291/4612/264
f 2192/4652/141 2191/4596/142 2292/4608/266 2267/4651/141
f 2232/4552/183 2293/4659/267 2294/4660/268 2233/4553/184
f 2295/4661/188 2275/4627/188 2233/4630/188 2294/4662/188
f 2296/4663/188 2237/4653/188 2275/4654/188 2295/4664/188
f 2238/4558/188 2237/4557/188 2296/4665/188 2297/4666/188
f 2240/4562/113 2238/4561/113 2297/4667/113 2298/4668/113
f 2242/4557/193 2240/4558/193 2298/4666/193 2299/4665/193
f 2287/4654/193 2242/4653/193 2299/4663/193 2300/4664/193
f 2232/4630/193 2287/4627/193 2300/4661/193 2293/4662/193
f 2293/4659/267 2225/4543/174 2226/4544/175 2294/4660/268
f 2276/4656/239 2295/4661/188 2294/4662/188 2226/4669/240
f 2227/4546/177 2296/4663/188 2295/4664/188 2276/4632/239
f 2297/4666/188 2296/4665/188 2227/4655/177 2228/4670/176
f 2298/4668/113 2297/4667/113 2228/4550/179 2229/4549/178
f 2299/4665/193 2298/4666/193 2229/4670/181 2230/4655/180
f 2300/4664/193 2299/4663/193 2230/4546/180 2285/4632/254
f 2293/4662/193 2300/4661/193 2285/4656/254 2225/4669/253
f 2423/4671/269 2424/4672/270 2425/4673/270 2426/4674/269
f 2424/4672/270 2427/4675/271 2428/4676/271 2425/4673/270
f 2427/4677/271 2429/4678/272 2430/4679/272 2428/4680/271
f 2429/4678/272 2431/4681/5 2432/4682/5 2430/4679/272
f 2431/4681/5 2433/4683/273 2434/4684/273 2432/4682/5
f 2433/4683/273 2435/4685/274 2436/4686/274 2434/4684/273
f 2435/4687/274 2437/4688/275 2438/4689/275 2436/4690/274
f 2437/4688/275 2439/4691/276 2440/4692/276 2438/4689/275
f 2439/4691/276 2441/4693/277 2442/4694/277 2440/4692/276
f 2441/4693/277 2443/4695/278 2444/4696/278 2442/4694/277
f 2443/4695/278 2445/4697/279 2446/4698/279 2444/4696/278
f 2445/4697/279 2447/4699/280 2448/4700/280 2446/4698/279
f 2447/4701/280 2449/4702/281 2450/4703/281 2448/4704/280
f 2449/4702/281 2451/4705/15 2452/4706/15 2450/4703/281
f 2451/4705/15 2453/4707/282 2454/4708/282 2452/4706/15
f 2453/4707/282 2455/4709/283 2456/4710/283 2454/4708/282
f 2455/4711/283 2457/4712/284 2458/4713/284 2456/4714/283
f 2457/4712/284 2459/4715/285 2460/4716/285 2458/4713/284
f 2459/4715/285 2461/4717/286 2462/4718/286 2460/4716/285
f 2461/4717/286 2423/4671/269 2426/4674/269 2462/4718/286
f 2424/4719/287 2423/4720/287 2463/4721/287
f 2427/4722/287 2424/4719/287 2463/4721/287
f 2429/4723/287 2427/4722/287 2463/4721/287
f 2431/4724/287 2429/4723/287 2463/4721/287
f 2433/4725/287 2431/4724/287 2463/4721/287
f 2435/4726/287 2433/4725/287 2463/4721/287
f 2437/4727/287 2435/4726/287 2463/4721/287
f 2439/4728/287 2437/4727/287 2463/4721/287
f 2441/4729/287 2439/4728/287 2463/4721/287
f 2443/4730/287 2441/4729/287 2463/4721/287
f 2445/4731/287 2443/4730/287 2463/4721/287
f 2447/4732/287 2445/4731/287 2463/4721/287
f 2449/4733/287 2447/4732/287 2463/4721/287
f 2451/4734/287 2449/4733/287 2463/4721/287
f 2453/4735/287 2451/4734/287 2463/4721/287
f 2455/4736/287 2453/4735/287 2463/4721/287
f 2457/4737/287 2455/4736/287 2463/4721/287
f 2459/4738/287 2457/4737/287 2463/4721/287
f 2461/4739/287 2459/4738/287 2463/4721/287
f 2423/4720/287 2461/4739/287 2463/4721/287
f 2464/4740/288 2465/4741/288 2466/4742/288
f 2465/4741/288 2467/4743/288 2466/4742/288
f 2467/4743/288 2468/4744/288 2466/4742/288
f 2468/4744/288 2469/4745/288 2466/4742/288
f 2469/4745/288 2470/4746/288 2466/4742/288
f 2470/4746/288 2471/4747/288 2466/4742/288
f 2471/4747/288 2472/4748/288 2466/4742/288
f 2472/4748/288 2473/4749/288 2466/4742/288
f 2473/4749/288 2474/4750/288 2466/4742/288
f 2474/4750/288 2475/4751/288 2466/4742/288
f 2475/4751/288 2476/4752/288 2466/4742/288
f 2476/4752/288 2477/4753/288 2466/4742/288
f 2477/4753/288 2478/4754/288 2466/4742/288
f 2478/4754/288 2479/4755/288 2466/4742/288
f 2479/4755/288 2480/4756/288 2466/4742/288
f 2480/4756/288 2481/4757/288 2466/4742/288
f 2481/4757/288 2482/4758/288 2466/4742/288
f 2482/4758/288 2483/4759/288 2466/4742/288
f 2483/4759/288 2484/4760/288 2466/4742/288
f 2484/4760/288 2464/4740/288 2466/4742/288
f 2486/4761/15 2485/4762/282 2487/4763/282 2488/4764/15
f 2489/4765/281 2486/4761/15 2488/4764/15 2490/4766/281
f 2491/4767/280 2489/4765/281 2490/4766/281 2492/4768/280
f 2493/4769/279 2491/4770/280 2492/4771/280 2494/4772/279
f 2495/4773/278 2493/4769/279 2494/4772/279 2496/4774/278
f 2497/4775/277 2495/4773/278 2496/4774/278 2498/4776/277
f 2499/4777/276 2497/4775/277 2498/4776/277 2500/4778/276
f 2501/4779/275 2499/4777/276 2500/4778/276 2502/4780/275
f 2503/4781/274 2501/4779/275 2502/4780/275 2504/4782/274
f 2505/4783/273 2503/4784/274 2504/4785/274 2506/4786/273
f 2507/4787/5 2505/4783/273 2506/4786/273 2508/4788/5
f 2509/4789/272 2507/4787/5 2508/4788/5 2510/4790/272
f 2511/4791/271 2509/4789/272 2510/4790/272 2512/4792/271
f 2513/4793/270 2511/4794/271 2512/4795/271 2514/4796/270
f 2515/4797/269 2513/4793/270 2514/4796/270 2516/4798/269
f 2517/4799/286 2515/4797/269 2516/4798/269 2518/4800/286
f 2519/4801/285 2517/4799/286 2518/4800/286 2520/4802/285
f 2521/4803/284 2519/4801/285 2520/4802/285 2522/4804/284
f 2523/4805/283 2521/4803/284 2522/4804/284 2524/4806/283
f 2485/4762/282 2523/4807/283 2524/4808/283 2487/4763/282
f 2452/4809/287 2454/4810/287 2485/4811/287 2486/4812/287
f 2526/4813/288 2525/4814/288 2488/4815/288 2487/4816/288
f 2450/4817/287 2452/4809/287 2486/4812/287 2489/4818/287
f 2525/4814/288 2527/4819/288 2490/4820/288 2488/4815/288
f 2448/4821/287 2450/4817/287 2489/4818/287 2491/4822/287
f 2527/4819/288 2528/4823/288 2492/4824/288 2490/4820/288
f 2446/4825/287 2448/4821/287 2491/4822/287 2493/4826/287
f 2528/4823/288 2529/4827/288 2494/4828/288 2492/4824/288
f 2444/4829/287 2446/4825/287 2493/4826/287 2495/4830/287
f 2529/4827/288 2530/4831/288 2496/4832/288 2494/4828/288
f 2442/4833/287 2444/4829/287 2495/4830/287 2497/4834/287
f 2530/4831/288 2531/4835/288 2498/4836/288 2496/4832/288
f 2440/4837/287 2442/4833/287 2497/4834/287 2499/4838/287
f 2531/4835/288 2532/4839/288 2500/4840/288 2498/4836/288
f 2438/4841/287 2440/4837/287 2499/4838/287 2501/4842/287
f 2532/4839/288 2533/4843/288 2502/4844/288 2500/4840/288
f 2436/4845/287 2438/4841/287 2501/4842/287 2503/4846/287
f 2533/4843/288 2534/4847/288 2504/4848/288 2502/4844/288
f 2434/4849/287 2436/4845/287 2503/4846/287 2505/4850/287
f 2534/4847/288 2535/4851/288 2506/4852/288 2504/4848/288
f 2432/4853/287 2434/4849/287 2505/4850/287 2507/4854/287
f 2535/4851/288 2536/4855/288 2508/4856/288 2506/4852/288
f 2430/4857/287 2432/4853/287 2507/4854/287 2509/4858/287
f 2536/4855/288 2537/4859/288 2510/4860/288 2508/4856/288
f 2428/4861/287 2430/4857/287 2509/4858/287 2511/4862/287
f 2537/4859/288 2538/4863/288 2512/4864/288 2510/4860/288
f 2425/4865/287 2428/4861/287 2511/4862/287 2513/4866/287
f 2538/4863/288 2539/4867/288 2514/4868/288 2512/4864/288
f 2426/4869/287 2425/4865/287 2513/4866/287 2515/4870/287
f 2539/4867/288 2540/4871/288 2516/4872/288 2514/4868/288
f 2462/4873/287 2426/4869/287 2515/4870/287 2517/4874/287
f 2540/4871/288 2541/4875/288 2518/4876/288 2516/4872/288
f 2460/4877/287 2462/4873/287 2517/4874/287 2519/4878/287
f 2541/4875/288 2542/4879/288 2520/4880/288 2518/4876/288
f 2458/4881/287 2460/4877/287 2519/4878/287 2521/4882/287
f 2542/4879/288 2543/4883/288 2522/4884/288 2520/4880/288
f 2456/4885/287 2458/4881/287 2521/4882/287 2523/4886/287
f 2543/4883/288 2544/4887/288 2524/4888/288 2522/4884/288
f 2454/4810/287 2456/4885/287 2523/4886/287 2485/4811/287
f 2544/4887/288 2526/4813/288 2487/4816/288 2524/4888/288
f 2540/4889/278 2539/4890/279 2465/4891/279 2464/4892/278
f 2539/4890/279 2538/4893/280 2467/4894/280 2465/4891/279
f 2538/4895/280 2537/4896/281 2468/4897/281 2467/4898/280
f 2537/4896/281 2536/4899/15 2469/4900/15 2468/4897/281
f 2536/4899/15 2535/4901/282 2470/4902/282 2469/4900/15
f 2535/4901/282 2534/4903/283 2471/4904/283 2470/4902/282
f 2534/4905/283 2533/4906/284 2472/4907/284 2471/4908/283
f 2533/4906/284 2532/4909/285 2473/4910/285 2472/4907/284
f 2532/4909/285 2531/4911/286 2474/4912/286 2473/4910/285
f 2531/4911/286 2530/4913/269 2475/4914/269 2474/4912/286
f 2530/4913/269 2529/4915/270 2476/4916/270 2475/4914/269
f 2529/4915/270 2528/4917/271 2477/4918/271 2476/4916/270
f 2528/4919/271 2527/4920/272 2478/4921/272 2477/4922/271
f 2527/4920/272 2525/4923/5 2479/4924/5 2478/4921/272
f 2525/4923/5 2526/4925/273 2480/4926/273 2479/4924/5
f 2526/4925/273 2544/4927/274 2481/4928/274 2480/4926/273
f 2544/4929/274 2543/4930/275 2482/4931/275 2481/4932/274
f 2543/4930/275 2542/4933/276 2483/4934/276 2482/4931/275
f 2542/4933/276 2541/4935/277 2484/4936/277 2483/4934/276
f 2541/4935/277 2540/4889/278 2464/4892/278 2484/4936/277
f 2301/4937/278 2357/4938/278 2356/4939/279 2302/4940/279
f 2302/4940/279 2356/4939/279 2355/4941/280 2303/4942/280
f 2303/4943/280 2355/4944/280 2354/4945/281 2304/4946/281
f 2304/4946/281 2354/4945/281 2353/4947/15 2305/4948/15
f 2305/4948/15 2353/4947/15 2352/4949/282 2306/4950/282
f 2306/4950/282 2352/4949/282 2351/4951/283 2307/4952/283
f 2307/4953/283 2351/4954/283 2350/4955/284 2308/4956/284
f 2308/4956/284 2350/4955/284 2349/4957/285 2309/4958/285
f 2309/4958/285 2349/4957/285 2348/4959/286 2310/4960/286
f 2310/4960/286 2348/4959/286 2347/4961/269 2311/4962/269
f 2311/4962/269 2347/4961/269 2346/4963/270 2312/4964/270
f 2312/4964/270 2346/4963/270 2345/4965/271 2313/4966/271
f 2313/4967/271 2345/4968/271 2344/4969/272 2314/4970/272
f 2314/4970/272 2344/4969/272 2343/4971/5 2315/4972/5
f 2315/4972/5 2343/4971/5 2342/4973/273 2316/4974/273
f 2316/4974/273 2342/4973/273 2361/4975/274 2317/4976/274
f 2317/4977/274 2361/4978/274 2360/4979/275 2318/4980/275
f 2318/4980/275 2360/4979/275 2359/4981/276 2319/4982/276
f 2319/4982/276 2359/4981/276 2358/4983/277 2320/4984/277
f 2320/4984/277 2358/4983/277 2357/4938/278 2301/4937/278
f 2302/4985/288 2341/4986/288 2301/4987/288
f 2303/4988/288 2341/4986/288 2302/4985/288
f 2304/4989/288 2341/4986/288 2303/4988/288
f 2305/4990/288 2341/4986/288 2304/4989/288
f 2306/4991/288 2341/4986/288 2305/4990/288
f 2307/4992/288 2341/4986/288 2306/4991/288
f 2308/4993/288 2341/4986/288 2307/4992/288
f 2309/4994/288 2341/4986/288 2308/4993/288
f 2310/4995/288 2341/4986/288 2309/4994/288
f 2311/4996/288 2341/4986/288 2310/4995/288
f 2312/4997/288 2341/4986/288 2311/4996/288
f 2313/4998/288 2341/4986/288 2312/4997/288
f 2314/4999/288 2341/4986/288 2313/4998/288
f 2315/5000/288 2341/4986/288 2314/4999/288
f 2316/5001/288 2341/4986/288 2315/5000/288
f 2317/5002/288 2341/4986/288 2316/5001/288
f 2318/5003/288 2341/4986/288 2317/5002/288
f 2319/5004/288 2341/4986/288 2318/5003/288
f 2320/5005/288 2341/4986/288 2319/5004/288
f 2301/4987/288 2341/4986/288 2320/5005/288
f 2402/5006/287 2404/5007/287 2403/5008/287
f 2403/5008/287 2404/5007/287 2405/5009/287
f 2405/5009/287 2404/5007/287 2406/5010/287
f 2406/5010/287 2404/5007/287 2407/5011/287
f 2407/5011/287 2404/5007/287 2408/5012/287
f 2408/5012/287 2404/5007/287 2409/5013/287
f 2409/5013/287 2404/5007/287 2410/5014/287
f 2410/5014/287 2404/5007/287 2411/5015/287
f 2411/5015/287 2404/5007/287 2412/5016/287
f 2412/5016/287 2404/5007/287 2413/5017/287
f 2413/5017/287 2404/5007/287 2414/5018/287
f 2414/5018/287 2404/5007/287 2415/5019/287
f 2415/5019/287 2404/5007/287 2416/5020/287
f 2416/5020/287 2404/5007/287 2417/5021/287
f 2417/5021/287 2404/5007/287 2418/5022/287
f 2418/5022/287 2404/5007/287 2419/5023/287
f 2419/5023/287 2404/5007/287 2420/5024/287
f 2420/5024/287 2404/5007/287 2421/5025/287
f 2421/5025/287 2404/5007/287 2422/5026/287
f 2422/5026/287 2404/5007/287 2402/5006/287
f 2363/5027/5 2365/5028/5 2364/5029/273 2362/5030/273
f 2366/5031/272 2367/5032/272 2365/5028/5 2363/5027/5
f 2368/5033/271 2369/5034/271 2367/5032/272 2366/5031/272
f 2370/5035/270 2371/5036/270 2369/5037/271 2368/5038/271
f 2372/5039/269 2373/5040/269 2371/5036/270 2370/5035/270
f 2374/5041/286 2375/5042/286 2373/5040/269 2372/5039/269
f 2376/5043/285 2377/5044/285 2375/5042/286 2374/5041/286
f 2378/5045/284 2379/5046/284 2377/5044/285 2376/5043/285
f 2380/5047/283 2381/5048/283 2379/5046/284 2378/5045/284
f 2382/5049/282 2383/5050/282 2381/5051/283 2380/5052/283
f 2384/5053/15 2385/5054/15 2383/5050/282 2382/5049/282
f 2386/5055/281 2387/5056/281 2385/5054/15 2384/5053/15
f 2388/5057/280 2389/5058/280 2387/5056/281 2386/5055/281
f 2390/5059/279 2391/5060/279 2389/5061/280 2388/5062/280
f 2392/5063/278 2393/5064/278 2391/5060/279 2390/5059/279
f 2394/5065/277 2395/5066/277 2393/5064/278 2392/5063/278
f 2396/5067/276 2397/5068/276 2395/5066/277 2394/5065/277
f 2398/5069/275 2399/5070/275 2397/5068/276 2396/5067/276
f 2400/5071/274 2401/5072/274 2399/5070/275 2398/5069/275
f 2362/5030/273 2364/5029/273 2401/5073/274 2400/5074/274
f 2343/5075/288 2363/5076/288 2362/5077/288 2342/5078/288
f 2336/5079/287 2364/5080/287 2365/5081/287 2335/5082/287
f 2344/5083/288 2366/5084/288 2363/5076/288 2343/5075/288
f 2335/5082/287 2365/5081/287 2367/5085/287 2334/5086/287
f 2345/5087/288 2368/5088/288 2366/5084/288 2344/5083/288
f 2334/5086/287 2367/5085/287 2369/5089/287 2333/5090/287
f 2346/5091/288 2370/5092/288 2368/5088/288 2345/5087/288
f 2333/5090/287 2369/5089/287 2371/5093/287 2332/5094/287
f 2347/5095/288 2372/5096/288 2370/5092/288 2346/5091/288
f 2332/5094/287 2371/5093/287 2373/5097/287 2331/5098/287
f 2348/5099/288 2374/5100/288 2372/5096/288 2347/5095/288
f 2331/5098/287 2373/5097/287 2375/5101/287 2330/5102/287
f 2349/5103/288 2376/5104/288 2374/5100/288 2348/5099/288
f 2330/5102/287 2375/5101/287 2377/5105/287 2329/5106/287
f 2350/5107/288 2378/5108/288 2376/5104/288 2349/5103/288
f 2329/5106/287 2377/5105/287 2379/5109/287 2328/5110/287
f 2351/5111/288 2380/5112/288 2378/5108/288 2350/5107/288
f 2328/5110/287 2379/5109/287 2381/5113/287 2327/5114/287
f 2352/5115/288 2382/5116/288 2380/5112/288 2351/5111/288
f 2327/5114/287 2381/5113/287 2383/5117/287 2326/5118/287
f 2353/5119/288 2384/5120/288 2382/5116/288 2352/5115/288
f 2326/5118/287 2383/5117/287 2385/5121/287 2325/5122/287
f 2354/5123/288 2386/5124/288 2384/5120/288 2353/5119/288
f 2325/5122/287 2385/5121/287 2387/5125/287 2324/5126/287
f 2355/5127/288 2388/5128/288 2386/5124/288 2354/5123/288
f 2324/5126/287 2387/5125/287 2389/5129/287 2323/5130/287
f 2356/5131/288 2390/5132/288 2388/5128/288 2355/5127/288
f 2323/5130/287 2389/5129/287 2391/5133/287 2322/5134/287
f 2357/5135/288 2392/5136/288 2390/5132/288 2356/5131/288
f 2322/5134/287 2391/5133/287 2393/5137/287 2321/5138/287
f 2358/5139/288 2394/5140/288 2392/5136/288 2357/5135/288
f 2321/5138/287 2393/5137/287 2395/5141/287 2340/5142/287
f 2359/5143/288 2396/5144/288 2394/5140/288 2358/5139/288
f 2340/5142/287 2395/5141/287 2397/5145/287 2339/5146/287
f 2360/5147/288 2398/5148/288 2396/5144/288 2359/5143/288
f 2339/5146/287 2397/5145/287 2399/5149/287 2338/5150/287
f 2361/5151/288 2400/5152/288 2398/5148/288 2360/5147/288
f 2338/5150/287 2399/5149/287 2401/5153/287 2337/5154/287
f 2342/5078/288 2362/5077/288 2400/5152/288 2361/5151/288
f 2337/5154/287 2401/5153/287 2364/5080/287 2336/5079/287
f 2321/5155/269 2402/5156/269 2403/5157/270 2322/5158/270
f 2322/5158/270 2403/5157/270 2405/5159/271 2323/5160/271
f 2323/5161/271 2405/5162/271 2406/5163/272 2324/5164/272
f 2324/5164/272 2406/5163/272 2407/5165/5 2325/5166/5
f 2325/5166/5 2407/5165/5 2408/5167/273 2326/5168/273
f 2326/5168/273 2408/5167/273 2409/5169/274 2327/5170/274
f 2327/5171/274 2409/5172/274 2410/5173/275 2328/5174/275
f 2328/5174/275 2410/5173/275 2411/5175/276 2329/5176/276
f 2329/5176/276 2411/5175/276 2412/5177/277 2330/5178/277
f 2330/5178/277 2412/5177/277 2413/5179/278 2331/5180/278
f 2331/5180/278 2413/5179/278 2414/5181/279 2332/5182/279
f 2332/5182/279 2414/5181/279 2415/5183/280 2333/5184/280
f 2333/5185/280 2415/5186/280 2416/5187/281 2334/5188/281
f 2334/5188/281 2416/5187/281 2417/5189/15 2335/5190/15
f 2335/5190/15 2417/5189/15 2418/5191/282 2336/5192/282
f 2336/5192/282 2418/5191/282 2419/5193/283 2337/5194/283
f 2337/5195/283 2419/5196/283 2420/5197/284 2338/5198/284
f 2338/5198/284 2420/5197/284 2421/5199/285 2339/5200/285
f 2339/5200/285 2421/5199/285 2422/5201/286 2340/5202/286
f 2340/5202/286 2422/5201/286 2402/5156/269 2321/5155/269
o polySurface1271.001
v -0.668841 0.181372 0.191082
v -0.668876 0.181942 0.189962
v -0.668931 0.182828 0.189074
v -0.669000 0.183945 0.188504
v -0.669077 0.185183 0.188308
v -0.669154 0.186421 0.188504
v -0.669223 0.187539 0.189074
v -0.669278 0.188425 0.189962
v -0.669313 0.188994 0.191082
v -0.669325 0.189190 0.192322
v -0.669313 0.188994 0.193563
v -0.669278 0.188425 0.194682
v -0.669223 0.187539 0.195570
v -0.669154 0.186421 0.196140
v -0.669077 0.185183 0.196337
v -0.669000 0.183945 0.196140
v -0.668931 0.182828 0.195570
v -0.668876 0.181942 0.194682
v -0.668841 0.181372 0.193563
v -0.668828 0.181176 0.192322
v -0.700875 0.179386 0.191082
v -0.700911 0.179955 0.189962
v -0.700965 0.180841 0.189074
v -0.701035 0.181958 0.188504
v -0.701111 0.183196 0.188308
v -0.701188 0.184435 0.188504
v -0.701258 0.185552 0.189074
v -0.701313 0.186438 0.189962
v -0.701348 0.187007 0.191082
v -0.701360 0.187203 0.192322
v -0.701348 0.187007 0.193563
v -0.701313 0.186438 0.194682
v -0.701258 0.185552 0.195570
v -0.701188 0.184435 0.196140
v -0.701111 0.183196 0.196337
v -0.701035 0.181958 0.196140
v -0.700965 0.180841 0.195570
v -0.700911 0.179955 0.194682
v -0.700875 0.179386 0.193563
v -0.700863 0.179189 0.192322
v -0.669077 0.185183 0.192322
v -0.684911 0.182958 0.196140
v -0.684988 0.184196 0.196337
v -0.685065 0.185435 0.196140
v -0.685134 0.186552 0.195570
v -0.685189 0.187438 0.194682
v -0.685224 0.188007 0.193563
v -0.685236 0.188203 0.192322
v -0.685224 0.188007 0.191082
v -0.685189 0.187438 0.189962
v -0.685134 0.186552 0.189074
v -0.685065 0.185435 0.188504
v -0.684988 0.184196 0.188308
v -0.684911 0.182958 0.188504
v -0.684842 0.181841 0.189074
v -0.684787 0.180955 0.189962
v -0.684752 0.180386 0.191082
v -0.684739 0.180189 0.192322
v -0.684752 0.180386 0.193563
v -0.684787 0.180955 0.194682
v -0.684842 0.181841 0.195570
v -0.684880 0.182458 0.197682
v -0.684988 0.184196 0.197958
v -0.701004 0.181458 0.197682
v -0.701111 0.183196 0.197958
v -0.685096 0.185935 0.197682
v -0.701219 0.184935 0.197682
v -0.685193 0.187503 0.196881
v -0.701317 0.186503 0.196881
v -0.685270 0.188747 0.195635
v -0.701394 0.187747 0.195635
v -0.685320 0.189546 0.194064
v -0.701443 0.188546 0.194064
v -0.685337 0.189821 0.192322
v -0.701460 0.188821 0.192322
v -0.685320 0.189546 0.190581
v -0.701443 0.188546 0.190581
v -0.685270 0.188747 0.189010
v -0.701394 0.187747 0.189010
v -0.685193 0.187503 0.187763
v -0.701317 0.186503 0.187763
v -0.685096 0.185935 0.186963
v -0.701219 0.184935 0.186963
v -0.684988 0.184196 0.186687
v -0.701111 0.183196 0.186687
v -0.684880 0.182458 0.186963
v -0.701004 0.181458 0.186963
v -0.684783 0.180890 0.187763
v -0.700907 0.179890 0.187763
v -0.684706 0.179646 0.189010
v -0.700829 0.178646 0.189010
v -0.684656 0.178847 0.190581
v -0.700780 0.177847 0.190581
v -0.684639 0.178572 0.192322
v -0.700763 0.177572 0.192322
v -0.684656 0.178847 0.194064
v -0.700780 0.177847 0.194064
v -0.684706 0.179646 0.195635
v -0.700829 0.178646 0.195635
v -0.684783 0.180890 0.196881
v -0.700907 0.179890 0.196881
v -0.686503 0.180277 0.191082
v -0.686539 0.180846 0.189962
v -0.686740 0.184088 0.192322
v -0.686594 0.181733 0.189074
v -0.686663 0.182850 0.188504
v -0.686740 0.184088 0.188308
v -0.686817 0.185326 0.188504
v -0.686886 0.186443 0.189074
v -0.686941 0.187330 0.189962
v -0.686976 0.187899 0.191082
v -0.686988 0.188095 0.192322
v -0.686976 0.187899 0.193563
v -0.686941 0.187330 0.194682
v -0.686886 0.186443 0.195570
v -0.686817 0.185326 0.196140
v -0.686740 0.184088 0.196337
v -0.686663 0.182850 0.196140
v -0.686594 0.181733 0.195570
v -0.686539 0.180846 0.194682
v -0.686503 0.180277 0.193563
v -0.686491 0.180081 0.192322
v -0.674028 0.186710 0.191082
v -0.673685 0.187166 0.189962
v -0.673150 0.187875 0.189074
v -0.672476 0.188768 0.188504
v -0.671730 0.189759 0.188308
v -0.670982 0.190749 0.188504
v -0.670309 0.191643 0.189074
v -0.669774 0.192352 0.189962
v -0.669431 0.192807 0.191082
v -0.669312 0.192964 0.192322
v -0.669431 0.192807 0.193563
v -0.669774 0.192352 0.194682
v -0.670309 0.191643 0.195570
v -0.670982 0.190749 0.196140
v -0.671730 0.189759 0.196337
v -0.672476 0.188768 0.196140
v -0.673150 0.187875 0.195570
v -0.673685 0.187166 0.194682
v -0.674028 0.186710 0.193563
v -0.674147 0.186553 0.192322
v -0.699655 0.206035 0.191082
v -0.699311 0.206491 0.189962
v -0.698777 0.207200 0.189074
v -0.698103 0.208093 0.188504
v -0.697356 0.209084 0.188308
v -0.696609 0.210074 0.188504
v -0.695935 0.210968 0.189074
v -0.695400 0.211677 0.189962
v -0.695057 0.212132 0.191082
v -0.694939 0.212289 0.192322
v -0.695057 0.212132 0.193563
v -0.695400 0.211677 0.194682
v -0.695935 0.210968 0.195570
v -0.696609 0.210074 0.196140
v -0.697356 0.209084 0.196337
v -0.698103 0.208093 0.196140
v -0.698777 0.207200 0.195570
v -0.699311 0.206491 0.194682
v -0.699655 0.206035 0.193563
v -0.699773 0.205878 0.192322
v -0.671730 0.189759 0.192322
v -0.685205 0.198367 0.196140
v -0.684458 0.199357 0.196337
v -0.683711 0.200348 0.196140
v -0.683037 0.201241 0.195570
v -0.682502 0.201951 0.194682
v -0.682159 0.202406 0.193563
v -0.682040 0.202563 0.192322
v -0.682159 0.202406 0.191082
v -0.682502 0.201951 0.189962
v -0.683037 0.201241 0.189074
v -0.683711 0.200348 0.188504
v -0.684458 0.199357 0.188308
v -0.685205 0.198367 0.188504
v -0.685878 0.197473 0.189074
v -0.686413 0.196764 0.189962
v -0.686757 0.196309 0.191082
v -0.686875 0.196152 0.192322
v -0.686757 0.196309 0.193563
v -0.686413 0.196764 0.194682
v -0.685878 0.197473 0.195570
v -0.685506 0.197967 0.197682
v -0.684458 0.199357 0.197958
v -0.698404 0.207693 0.197682
v -0.697356 0.209084 0.197958
v -0.683409 0.200748 0.197682
v -0.696307 0.210474 0.197682
v -0.682463 0.202002 0.196881
v -0.695361 0.211729 0.196881
v -0.681713 0.202997 0.195635
v -0.694611 0.212724 0.195635
v -0.681231 0.203637 0.194064
v -0.694129 0.213363 0.194064
v -0.681064 0.203857 0.192322
v -0.693963 0.213583 0.192322
v -0.681231 0.203637 0.190581
v -0.694129 0.213363 0.190581
v -0.681713 0.202997 0.189010
v -0.694611 0.212724 0.189010
v -0.682463 0.202002 0.187763
v -0.695361 0.211729 0.187763
v -0.683409 0.200748 0.186963
v -0.696307 0.210474 0.186963
v -0.684458 0.199357 0.186687
v -0.697356 0.209084 0.186687
v -0.685506 0.197967 0.186963
v -0.698404 0.207693 0.186963
v -0.686452 0.196712 0.187763
v -0.699350 0.206439 0.187763
v -0.687203 0.195717 0.189010
v -0.700101 0.205444 0.189010
v -0.687685 0.195078 0.190581
v -0.700583 0.204805 0.190581
v -0.687851 0.194858 0.192322
v -0.700749 0.204584 0.192322
v -0.687685 0.195078 0.194064
v -0.700583 0.204805 0.194064
v -0.687203 0.195717 0.195635
v -0.700101 0.205444 0.195635
v -0.686452 0.196712 0.196881
v -0.699350 0.206439 0.196881
v -0.688158 0.197366 0.191082
v -0.687815 0.197821 0.189962
v -0.685859 0.200414 0.192322
v -0.687280 0.198530 0.189074
v -0.686606 0.199424 0.188504
v -0.685859 0.200414 0.188308
v -0.685112 0.201405 0.188504
v -0.684438 0.202298 0.189074
v -0.683903 0.203007 0.189962
v -0.683560 0.203463 0.191082
v -0.683442 0.203619 0.192322
v -0.683560 0.203463 0.193563
v -0.683903 0.203007 0.194682
v -0.684438 0.202298 0.195570
v -0.685112 0.201405 0.196140
v -0.685859 0.200414 0.196337
v -0.686606 0.199424 0.196140
v -0.687280 0.198530 0.195570
v -0.687815 0.197821 0.194682
v -0.688158 0.197366 0.193563
v -0.688276 0.197209 0.192322
v -0.674924 0.189446 0.191082
v -0.674353 0.189453 0.189962
v -0.673465 0.189464 0.189074
v -0.672346 0.189478 0.188504
v -0.671106 0.189494 0.188308
v -0.669865 0.189510 0.188504
v -0.668746 0.189524 0.189074
v -0.667858 0.189535 0.189962
v -0.667288 0.189542 0.191082
v -0.667091 0.189545 0.192322
v -0.667288 0.189542 0.193563
v -0.667858 0.189535 0.194682
v -0.668746 0.189524 0.195570
v -0.669865 0.189510 0.196140
v -0.671106 0.189494 0.196337
v -0.672346 0.189478 0.196140
v -0.673465 0.189464 0.195570
v -0.674353 0.189453 0.194682
v -0.674924 0.189446 0.193563
v -0.675120 0.189443 0.192322
v -0.675330 0.221539 0.191082
v -0.674760 0.221546 0.189962
v -0.673872 0.221558 0.189074
v -0.672753 0.221572 0.188504
v -0.671512 0.221588 0.188308
v -0.670272 0.221603 0.188504
v -0.669153 0.221618 0.189074
v -0.668265 0.221629 0.189962
v -0.667695 0.221636 0.191082
v -0.667498 0.221638 0.192322
v -0.667695 0.221636 0.193563
v -0.668265 0.221629 0.194682
v -0.669153 0.221618 0.195570
v -0.670272 0.221603 0.196140
v -0.671512 0.221588 0.196337
v -0.672753 0.221572 0.196140
v -0.673872 0.221558 0.195570
v -0.674760 0.221546 0.194682
v -0.675330 0.221539 0.193563
v -0.675527 0.221537 0.192322
v -0.671106 0.189494 0.192322
v -0.672548 0.205419 0.196140
v -0.671308 0.205434 0.196337
v -0.670067 0.205450 0.196140
v -0.668948 0.205464 0.195570
v -0.668060 0.205476 0.194682
v -0.667490 0.205483 0.193563
v -0.667293 0.205485 0.192322
v -0.667490 0.205483 0.191082
v -0.668060 0.205476 0.189962
v -0.668948 0.205464 0.189074
v -0.670067 0.205450 0.188504
v -0.671308 0.205434 0.188308
v -0.672548 0.205419 0.188504
v -0.673667 0.205404 0.189074
v -0.674555 0.205393 0.189962
v -0.675126 0.205386 0.191082
v -0.675322 0.205383 0.192322
v -0.675126 0.205386 0.193563
v -0.674555 0.205393 0.194682
v -0.673667 0.205404 0.195570
v -0.673049 0.205412 0.197682
v -0.671308 0.205434 0.197958
v -0.673254 0.221566 0.197682
v -0.671512 0.221588 0.197958
v -0.669566 0.205456 0.197682
v -0.669771 0.221610 0.197682
v -0.667996 0.205476 0.196881
v -0.668200 0.221630 0.196881
v -0.666749 0.205492 0.195635
v -0.666954 0.221645 0.195635
v -0.665949 0.205502 0.194064
v -0.666153 0.221656 0.194064
v -0.665673 0.205506 0.192322
v -0.665878 0.221659 0.192322
v -0.665949 0.205502 0.190581
v -0.666153 0.221656 0.190581
v -0.666749 0.205492 0.189010
v -0.666954 0.221645 0.189010
v -0.667996 0.205476 0.187763
v -0.668200 0.221630 0.187763
v -0.669566 0.205456 0.186963
v -0.669771 0.221610 0.186963
v -0.671308 0.205434 0.186687
v -0.671512 0.221588 0.186687
v -0.673049 0.205412 0.186963
v -0.673254 0.221566 0.186963
v -0.674620 0.205392 0.187763
v -0.674825 0.221546 0.187763
v -0.675867 0.205377 0.189010
v -0.676071 0.221530 0.189010
v -0.676667 0.205366 0.190581
v -0.676872 0.221520 0.190581
v -0.676943 0.205363 0.192322
v -0.677148 0.221516 0.192322
v -0.676667 0.205366 0.194064
v -0.676872 0.221520 0.194064
v -0.675867 0.205377 0.195635
v -0.676071 0.221530 0.195635
v -0.674620 0.205392 0.196881
v -0.674825 0.221546 0.196881
v -0.675148 0.207141 0.191082
v -0.674578 0.207148 0.189962
v -0.671330 0.207189 0.192322
v -0.673690 0.207159 0.189074
v -0.672571 0.207174 0.188504
v -0.671330 0.207189 0.188308
v -0.670090 0.207205 0.188504
v -0.668970 0.207219 0.189074
v -0.668082 0.207231 0.189962
v -0.667512 0.207238 0.191082
v -0.667316 0.207240 0.192322
v -0.667512 0.207238 0.193563
v -0.668082 0.207231 0.194682
v -0.668970 0.207219 0.195570
v -0.670090 0.207205 0.196140
v -0.671330 0.207189 0.196337
v -0.672571 0.207174 0.196140
v -0.673690 0.207159 0.195570
v -0.674578 0.207148 0.194682
v -0.675148 0.207141 0.193563
v -0.675344 0.207139 0.192322
v -0.668841 0.181372 0.191082
v -0.668876 0.181942 0.189962
v -0.684787 0.180955 0.189962
v -0.684752 0.180386 0.191082
v -0.668931 0.182828 0.189074
v -0.684842 0.181841 0.189074
v -0.669000 0.183945 0.188504
v -0.684911 0.182958 0.188504
v -0.669077 0.185183 0.188308
v -0.684988 0.184196 0.188308
v -0.669154 0.186421 0.188504
v -0.685065 0.185435 0.188504
v -0.669223 0.187539 0.189074
v -0.685134 0.186552 0.189074
v -0.669278 0.188425 0.189962
v -0.685189 0.187438 0.189962
v -0.669313 0.188994 0.191082
v -0.685224 0.188007 0.191082
v -0.669325 0.189190 0.192322
v -0.685236 0.188203 0.192322
v -0.669313 0.188994 0.193563
v -0.685224 0.188007 0.193563
v -0.669278 0.188425 0.194682
v -0.685189 0.187438 0.194682
v -0.669223 0.187539 0.195570
v -0.685134 0.186552 0.195570
v -0.669154 0.186421 0.196140
v -0.685065 0.185435 0.196140
v -0.669077 0.185183 0.196337
v -0.684988 0.184196 0.196337
v -0.669000 0.183945 0.196140
v -0.684911 0.182958 0.196140
v -0.668931 0.182828 0.195570
v -0.684842 0.181841 0.195570
v -0.668876 0.181942 0.194682
v -0.684787 0.180955 0.194682
v -0.668841 0.181372 0.193563
v -0.684752 0.180386 0.193563
v -0.668828 0.181176 0.192322
v -0.684739 0.180189 0.192322
v -0.669077 0.185183 0.192322
v -0.686503 0.180277 0.191082
v -0.686539 0.180846 0.189962
v -0.686740 0.184088 0.192322
v -0.686594 0.181733 0.189074
v -0.686663 0.182850 0.188504
v -0.686740 0.184088 0.188308
v -0.686817 0.185326 0.188504
v -0.686886 0.186443 0.189074
v -0.686941 0.187330 0.189962
v -0.686976 0.187899 0.191082
v -0.686988 0.188095 0.192322
v -0.686976 0.187899 0.193563
v -0.686941 0.187330 0.194682
v -0.686886 0.186443 0.195570
v -0.686817 0.185326 0.196140
v -0.686740 0.184088 0.196337
v -0.686663 0.182850 0.196140
v -0.686594 0.181733 0.195570
v -0.686539 0.180846 0.194682
v -0.686503 0.180277 0.193563
v -0.686491 0.180081 0.192322
v -0.684880 0.182458 0.197682
v -0.684988 0.184196 0.197958
v -0.701004 0.181458 0.197682
v -0.701111 0.183196 0.197958
v -0.685096 0.185935 0.197682
v -0.701219 0.184935 0.197682
v -0.685193 0.187503 0.196881
v -0.701317 0.186503 0.196881
v -0.685270 0.188747 0.195635
v -0.701394 0.187747 0.195635
v -0.685320 0.189546 0.194064
v -0.701443 0.188546 0.194064
v -0.685337 0.189821 0.192322
v -0.701460 0.188821 0.192322
v -0.685320 0.189546 0.190581
v -0.701443 0.188546 0.190581
v -0.685270 0.188747 0.189010
v -0.701394 0.187747 0.189010
v -0.685193 0.187503 0.187763
v -0.701317 0.186503 0.187763
v -0.685096 0.185935 0.186963
v -0.701219 0.184935 0.186963
v -0.684988 0.184196 0.186687
v -0.701111 0.183196 0.186687
v -0.684880 0.182458 0.186963
v -0.701004 0.181458 0.186963
v -0.684783 0.180890 0.187763
v -0.700907 0.179890 0.187763
v -0.684706 0.179646 0.189010
v -0.700829 0.178646 0.189010
v -0.684656 0.178847 0.190581
v -0.700780 0.177847 0.190581
v -0.684639 0.178572 0.192322
v -0.700763 0.177572 0.192322
v -0.684656 0.178847 0.194064
v -0.700780 0.177847 0.194064
v -0.684706 0.179646 0.195635
v -0.700829 0.178646 0.195635
v -0.684783 0.180890 0.196881
v -0.700907 0.179890 0.196881
v -0.701111 0.183196 0.196337
v -0.701035 0.181958 0.196140
v -0.701188 0.184435 0.196140
v -0.701258 0.185552 0.195570
v -0.701313 0.186438 0.194682
v -0.701348 0.187007 0.193563
v -0.701360 0.187203 0.192322
v -0.701348 0.187007 0.191082
v -0.701313 0.186438 0.189962
v -0.701258 0.185552 0.189074
v -0.701188 0.184435 0.188504
v -0.701111 0.183196 0.188308
v -0.701035 0.181958 0.188504
v -0.700965 0.180841 0.189074
v -0.700911 0.179955 0.189962
v -0.700875 0.179386 0.191082
v -0.700863 0.179189 0.192322
v -0.700875 0.179386 0.193563
v -0.700911 0.179955 0.194682
v -0.700965 0.180841 0.195570
v -0.674028 0.186710 0.191082
v -0.673685 0.187166 0.189962
v -0.686413 0.196764 0.189962
v -0.686757 0.196309 0.191082
v -0.673150 0.187875 0.189074
v -0.685878 0.197473 0.189074
v -0.672476 0.188768 0.188504
v -0.685205 0.198367 0.188504
v -0.671730 0.189759 0.188308
v -0.684458 0.199357 0.188308
v -0.670982 0.190749 0.188504
v -0.683711 0.200348 0.188504
v -0.670309 0.191643 0.189074
v -0.683037 0.201241 0.189074
v -0.669774 0.192352 0.189962
v -0.682502 0.201951 0.189962
v -0.669431 0.192807 0.191082
v -0.682159 0.202406 0.191082
v -0.669312 0.192964 0.192322
v -0.682040 0.202563 0.192322
v -0.669431 0.192807 0.193563
v -0.682159 0.202406 0.193563
v -0.669774 0.192352 0.194682
v -0.682502 0.201951 0.194682
v -0.670309 0.191643 0.195570
v -0.683037 0.201241 0.195570
v -0.670982 0.190749 0.196140
v -0.683711 0.200348 0.196140
v -0.671730 0.189759 0.196337
v -0.684458 0.199357 0.196337
v -0.672476 0.188768 0.196140
v -0.685205 0.198367 0.196140
v -0.673150 0.187875 0.195570
v -0.685878 0.197473 0.195570
v -0.673685 0.187166 0.194682
v -0.686413 0.196764 0.194682
v -0.674028 0.186710 0.193563
v -0.686757 0.196309 0.193563
v -0.674147 0.186553 0.192322
v -0.686875 0.196152 0.192322
v -0.671730 0.189759 0.192322
v -0.688158 0.197366 0.191082
v -0.687815 0.197821 0.189962
v -0.685859 0.200414 0.192322
v -0.687280 0.198530 0.189074
v -0.686606 0.199424 0.188504
v -0.685859 0.200414 0.188308
v -0.685112 0.201405 0.188504
v -0.684438 0.202298 0.189074
v -0.683903 0.203007 0.189962
v -0.683560 0.203463 0.191082
v -0.683442 0.203619 0.192322
v -0.683560 0.203463 0.193563
v -0.683903 0.203007 0.194682
v -0.684438 0.202298 0.195570
v -0.685112 0.201405 0.196140
v -0.685859 0.200414 0.196337
v -0.686606 0.199424 0.196140
v -0.687280 0.198530 0.195570
v -0.687815 0.197821 0.194682
v -0.688158 0.197366 0.193563
v -0.688276 0.197209 0.192322
v -0.685506 0.197967 0.197682
v -0.684458 0.199357 0.197958
v -0.698404 0.207693 0.197682
v -0.697356 0.209084 0.197958
v -0.683409 0.200748 0.197682
v -0.696307 0.210474 0.197682
v -0.682463 0.202002 0.196881
v -0.695361 0.211729 0.196881
v -0.681713 0.202997 0.195635
v -0.694611 0.212724 0.195635
v -0.681231 0.203637 0.194064
v -0.694129 0.213363 0.194064
v -0.681064 0.203857 0.192322
v -0.693963 0.213583 0.192322
v -0.681231 0.203637 0.190581
v -0.694129 0.213363 0.190581
v -0.681713 0.202997 0.189010
v -0.694611 0.212724 0.189010
v -0.682463 0.202002 0.187763
v -0.695361 0.211729 0.187763
v -0.683409 0.200748 0.186963
v -0.696307 0.210474 0.186963
v -0.684458 0.199357 0.186687
v -0.697356 0.209084 0.186687
v -0.685506 0.197967 0.186963
v -0.698404 0.207693 0.186963
v -0.686452 0.196712 0.187763
v -0.699350 0.206439 0.187763
v -0.687203 0.195717 0.189010
v -0.700101 0.205444 0.189010
v -0.687685 0.195078 0.190581
v -0.700583 0.204805 0.190581
v -0.687851 0.194858 0.192322
v -0.700749 0.204584 0.192322
v -0.687685 0.195078 0.194064
v -0.700583 0.204805 0.194064
v -0.687203 0.195717 0.195635
v -0.700101 0.205444 0.195635
v -0.686452 0.196712 0.196881
v -0.699350 0.206439 0.196881
v -0.697356 0.209084 0.196337
v -0.698103 0.208093 0.196140
v -0.696609 0.210074 0.196140
v -0.695935 0.210968 0.195570
v -0.695400 0.211677 0.194682
v -0.695057 0.212132 0.193563
v -0.694939 0.212289 0.192322
v -0.695057 0.212132 0.191082
v -0.695400 0.211677 0.189962
v -0.695935 0.210968 0.189074
v -0.696609 0.210074 0.188504
v -0.697356 0.209084 0.188308
v -0.698103 0.208093 0.188504
v -0.698777 0.207200 0.189074
v -0.699311 0.206491 0.189962
v -0.699655 0.206035 0.191082
v -0.699773 0.205878 0.192322
v -0.699655 0.206035 0.193563
v -0.699311 0.206491 0.194682
v -0.698777 0.207200 0.195570
v -0.674924 0.189446 0.191082
v -0.674353 0.189453 0.189962
v -0.674555 0.205393 0.189962
v -0.675126 0.205386 0.191082
v -0.673465 0.189464 0.189074
v -0.673667 0.205404 0.189074
v -0.672346 0.189478 0.188504
v -0.672548 0.205419 0.188504
v -0.671106 0.189494 0.188308
v -0.671308 0.205434 0.188308
v -0.669865 0.189510 0.188504
v -0.670067 0.205450 0.188504
v -0.668746 0.189524 0.189074
v -0.668948 0.205464 0.189074
v -0.667858 0.189535 0.189962
v -0.668060 0.205476 0.189962
v -0.667288 0.189542 0.191082
v -0.667490 0.205483 0.191082
v -0.667091 0.189545 0.192322
v -0.667293 0.205485 0.192322
v -0.667288 0.189542 0.193563
v -0.667490 0.205483 0.193563
v -0.667858 0.189535 0.194682
v -0.668060 0.205476 0.194682
v -0.668746 0.189524 0.195570
v -0.668948 0.205464 0.195570
v -0.669865 0.189510 0.196140
v -0.670067 0.205450 0.196140
v -0.671106 0.189494 0.196337
v -0.671308 0.205434 0.196337
v -0.672346 0.189478 0.196140
v -0.672548 0.205419 0.196140
v -0.673465 0.189464 0.195570
v -0.673667 0.205404 0.195570
v -0.674353 0.189453 0.194682
v -0.674555 0.205393 0.194682
v -0.674924 0.189446 0.193563
v -0.675126 0.205386 0.193563
v -0.675120 0.189443 0.192322
v -0.675322 0.205383 0.192322
v -0.671106 0.189494 0.192322
v -0.675148 0.207141 0.191082
v -0.674578 0.207148 0.189962
v -0.671330 0.207189 0.192322
v -0.673690 0.207159 0.189074
v -0.672571 0.207174 0.188504
v -0.671330 0.207189 0.188308
v -0.670090 0.207205 0.188504
v -0.668970 0.207219 0.189074
v -0.668082 0.207231 0.189962
v -0.667512 0.207238 0.191082
v -0.667316 0.207240 0.192322
v -0.667512 0.207238 0.193563
v -0.668082 0.207231 0.194682
v -0.668970 0.207219 0.195570
v -0.670090 0.207205 0.196140
v -0.671330 0.207189 0.196337
v -0.672571 0.207174 0.196140
v -0.673690 0.207159 0.195570
v -0.674578 0.207148 0.194682
v -0.675148 0.207141 0.193563
v -0.675344 0.207139 0.192322
v -0.673049 0.205412 0.197682
v -0.671308 0.205434 0.197958
v -0.673254 0.221566 0.197682
v -0.671512 0.221588 0.197958
v -0.669566 0.205456 0.197682
v -0.669771 0.221610 0.197682
v -0.667996 0.205476 0.196881
v -0.668200 0.221630 0.196881
v -0.666749 0.205492 0.195635
v -0.666954 0.221645 0.195635
v -0.665949 0.205502 0.194064
v -0.666153 0.221656 0.194064
v -0.665673 0.205506 0.192322
v -0.665878 0.221659 0.192322
v -0.665949 0.205502 0.190581
v -0.666153 0.221656 0.190581
v -0.666749 0.205492 0.189010
v -0.666954 0.221645 0.189010
v -0.667996 0.205476 0.187763
v -0.668200 0.221630 0.187763
v -0.669566 0.205456 0.186963
v -0.669771 0.221610 0.186963
v -0.671308 0.205434 0.186687
v -0.671512 0.221588 0.186687
v -0.673049 0.205412 0.186963
v -0.673254 0.221566 0.186963
v -0.674620 0.205392 0.187763
v -0.674825 0.221546 0.187763
v -0.675867 0.205377 0.189010
v -0.676071 0.221530 0.189010
v -0.676667 0.205366 0.190581
v -0.676872 0.221520 0.190581
v -0.676943 0.205363 0.192322
v -0.677148 0.221516 0.192322
v -0.676667 0.205366 0.194064
v -0.676872 0.221520 0.194064
v -0.675867 0.205377 0.195635
v -0.676071 0.221530 0.195635
v -0.674620 0.205392 0.196881
v -0.674825 0.221546 0.196881
v -0.671512 0.221588 0.196337
v -0.672753 0.221572 0.196140
v -0.670272 0.221603 0.196140
v -0.669153 0.221618 0.195570
v -0.668265 0.221629 0.194682
v -0.667695 0.221636 0.193563
v -0.667498 0.221638 0.192322
v -0.667695 0.221636 0.191082
v -0.668265 0.221629 0.189962
v -0.669153 0.221618 0.189074
v -0.670272 0.221603 0.188504
v -0.671512 0.221588 0.188308
v -0.672753 0.221572 0.188504
v -0.673872 0.221558 0.189074
v -0.674760 0.221546 0.189962
v -0.675330 0.221539 0.191082
v -0.675527 0.221537 0.192322
v -0.675330 0.221539 0.193563
v -0.674760 0.221546 0.194682
v -0.673872 0.221558 0.195570
v -0.378737 0.186710 0.191082
v -0.379080 0.187166 0.189962
v -0.379615 0.187875 0.189074
v -0.380289 0.188768 0.188504
v -0.381036 0.189759 0.188308
v -0.381783 0.190749 0.188504
v -0.382457 0.191643 0.189074
v -0.382992 0.192352 0.189962
v -0.383335 0.192807 0.191082
v -0.383453 0.192964 0.192322
v -0.383335 0.192807 0.193563
v -0.382992 0.192352 0.194682
v -0.382457 0.191643 0.195570
v -0.381783 0.190749 0.196140
v -0.381036 0.189759 0.196337
v -0.380289 0.188768 0.196140
v -0.379615 0.187875 0.195570
v -0.379080 0.187166 0.194682
v -0.378737 0.186710 0.193563
v -0.378619 0.186553 0.192322
v -0.353111 0.206035 0.191082
v -0.353454 0.206491 0.189962
v -0.353989 0.207200 0.189074
v -0.354663 0.208093 0.188504
v -0.355410 0.209084 0.188308
v -0.356157 0.210074 0.188504
v -0.356831 0.210968 0.189074
v -0.357365 0.211677 0.189962
v -0.357709 0.212132 0.191082
v -0.357827 0.212289 0.192322
v -0.357709 0.212132 0.193563
v -0.357365 0.211677 0.194682
v -0.356831 0.210968 0.195570
v -0.356157 0.210074 0.196140
v -0.355410 0.209084 0.196337
v -0.354663 0.208093 0.196140
v -0.353989 0.207200 0.195570
v -0.353454 0.206491 0.194682
v -0.353111 0.206035 0.193563
v -0.352993 0.205878 0.192322
v -0.381036 0.189759 0.192322
v -0.367561 0.198367 0.196140
v -0.368308 0.199357 0.196337
v -0.369055 0.200348 0.196140
v -0.369729 0.201241 0.195570
v -0.370263 0.201951 0.194682
v -0.370607 0.202406 0.193563
v -0.370725 0.202563 0.192322
v -0.370607 0.202406 0.191082
v -0.370263 0.201951 0.189962
v -0.369729 0.201241 0.189074
v -0.369055 0.200348 0.188504
v -0.368308 0.199357 0.188308
v -0.367561 0.198367 0.188504
v -0.366887 0.197473 0.189074
v -0.366352 0.196764 0.189962
v -0.366009 0.196309 0.191082
v -0.365891 0.196152 0.192322
v -0.366009 0.196309 0.193563
v -0.366352 0.196764 0.194682
v -0.366887 0.197473 0.195570
v -0.367259 0.197967 0.197682
v -0.368308 0.199357 0.197958
v -0.354361 0.207693 0.197682
v -0.355410 0.209084 0.197958
v -0.369356 0.200748 0.197682
v -0.356458 0.210474 0.197682
v -0.370302 0.202002 0.196881
v -0.357404 0.211729 0.196881
v -0.371053 0.202997 0.195635
v -0.358155 0.212724 0.195635
v -0.371535 0.203637 0.194064
v -0.358637 0.213363 0.194064
v -0.371701 0.203857 0.192322
v -0.358803 0.213583 0.192322
v -0.371535 0.203637 0.190581
v -0.358637 0.213363 0.190581
v -0.371053 0.202997 0.189010
v -0.358155 0.212724 0.189010
v -0.370302 0.202002 0.187763
v -0.357404 0.211729 0.187763
v -0.369356 0.200748 0.186963
v -0.356458 0.210474 0.186963
v -0.368308 0.199357 0.186687
v -0.355410 0.209084 0.186687
v -0.367259 0.197967 0.186963
v -0.354361 0.207693 0.186963
v -0.366313 0.196712 0.187763
v -0.353415 0.206439 0.187763
v -0.365563 0.195717 0.189010
v -0.352665 0.205444 0.189010
v -0.365081 0.195078 0.190581
v -0.352183 0.204805 0.190581
v -0.364915 0.194858 0.192322
v -0.352017 0.204584 0.192322
v -0.365081 0.195078 0.194064
v -0.352183 0.204805 0.194064
v -0.365563 0.195717 0.195635
v -0.352665 0.205444 0.195635
v -0.366313 0.196712 0.196881
v -0.353415 0.206439 0.196881
v -0.364608 0.197366 0.191082
v -0.364951 0.197821 0.189962
v -0.366906 0.200414 0.192322
v -0.365486 0.198530 0.189074
v -0.366160 0.199423 0.188504
v -0.366906 0.200414 0.188308
v -0.367653 0.201405 0.188504
v -0.368327 0.202298 0.189074
v -0.368862 0.203007 0.189962
v -0.369205 0.203463 0.191082
v -0.369324 0.203619 0.192322
v -0.369205 0.203463 0.193563
v -0.368862 0.203007 0.194682
v -0.368327 0.202298 0.195570
v -0.367653 0.201405 0.196140
v -0.366906 0.200414 0.196337
v -0.366160 0.199423 0.196140
v -0.365486 0.198530 0.195570
v -0.364951 0.197821 0.194682
v -0.364608 0.197366 0.193563
v -0.364489 0.197209 0.192322
v -0.378737 0.186710 0.191082
v -0.379080 0.187166 0.189962
v -0.366352 0.196764 0.189962
v -0.366009 0.196309 0.191082
v -0.379615 0.187875 0.189074
v -0.366887 0.197473 0.189074
v -0.380289 0.188768 0.188504
v -0.367561 0.198367 0.188504
v -0.381036 0.189759 0.188308
v -0.368308 0.199357 0.188308
v -0.381783 0.190749 0.188504
v -0.369055 0.200348 0.188504
v -0.382457 0.191643 0.189074
v -0.369729 0.201241 0.189074
v -0.382992 0.192352 0.189962
v -0.370263 0.201951 0.189962
v -0.383335 0.192807 0.191082
v -0.370607 0.202406 0.191082
v -0.383453 0.192964 0.192322
v -0.370725 0.202563 0.192322
v -0.383335 0.192807 0.193563
v -0.370607 0.202406 0.193563
v -0.382992 0.192352 0.194682
v -0.370263 0.201951 0.194682
v -0.382457 0.191643 0.195570
v -0.369729 0.201241 0.195570
v -0.381783 0.190749 0.196140
v -0.369055 0.200348 0.196140
v -0.381036 0.189759 0.196337
v -0.368308 0.199357 0.196337
v -0.380289 0.188768 0.196140
v -0.367561 0.198367 0.196140
v -0.379615 0.187875 0.195570
v -0.366887 0.197473 0.195570
v -0.379080 0.187166 0.194682
v -0.366352 0.196764 0.194682
v -0.378737 0.186710 0.193563
v -0.366009 0.196309 0.193563
v -0.378619 0.186553 0.192322
v -0.365891 0.196152 0.192322
v -0.381036 0.189759 0.192322
v -0.364608 0.197366 0.191082
v -0.364951 0.197821 0.189962
v -0.366906 0.200414 0.192322
v -0.365486 0.198530 0.189074
v -0.366160 0.199423 0.188504
v -0.366906 0.200414 0.188308
v -0.367653 0.201405 0.188504
v -0.368327 0.202298 0.189074
v -0.368862 0.203007 0.189962
v -0.369205 0.203463 0.191082
v -0.369324 0.203619 0.192322
v -0.369205 0.203463 0.193563
v -0.368862 0.203007 0.194682
v -0.368327 0.202298 0.195570
v -0.367653 0.201405 0.196140
v -0.366906 0.200414 0.196337
v -0.366160 0.199423 0.196140
v -0.365486 0.198530 0.195570
v -0.364951 0.197821 0.194682
v -0.364608 0.197366 0.193563
v -0.364489 0.197209 0.192322
v -0.367259 0.197967 0.197682
v -0.368308 0.199357 0.197958
v -0.354361 0.207693 0.197682
v -0.355410 0.209084 0.197958
v -0.369356 0.200748 0.197682
v -0.356458 0.210474 0.197682
v -0.370302 0.202002 0.196881
v -0.357404 0.211729 0.196881
v -0.371053 0.202997 0.195635
v -0.358155 0.212724 0.195635
v -0.371535 0.203637 0.194064
v -0.358637 0.213363 0.194064
v -0.371701 0.203857 0.192322
v -0.358803 0.213583 0.192322
v -0.371535 0.203637 0.190581
v -0.358637 0.213363 0.190581
v -0.371053 0.202997 0.189010
v -0.358155 0.212724 0.189010
v -0.370302 0.202002 0.187763
v -0.357404 0.211729 0.187763
v -0.369356 0.200748 0.186963
v -0.356458 0.210474 0.186963
v -0.368308 0.199357 0.186687
v -0.355410 0.209084 0.186687
v -0.367259 0.197967 0.186963
v -0.354361 0.207693 0.186963
v -0.366313 0.196712 0.187763
v -0.353415 0.206439 0.187763
v -0.365563 0.195717 0.189010
v -0.352665 0.205444 0.189010
v -0.365081 0.195078 0.190581
v -0.352183 0.204805 0.190581
v -0.364915 0.194858 0.192322
v -0.352017 0.204584 0.192322
v -0.365081 0.195078 0.194064
v -0.352183 0.204805 0.194064
v -0.365563 0.195717 0.195635
v -0.352665 0.205444 0.195635
v -0.366313 0.196712 0.196881
v -0.353415 0.206439 0.196881
v -0.355410 0.209084 0.196337
v -0.354663 0.208093 0.196140
v -0.356157 0.210074 0.196140
v -0.356831 0.210968 0.195570
v -0.357365 0.211677 0.194682
v -0.357709 0.212132 0.193563
v -0.357827 0.212289 0.192322
v -0.357709 0.212132 0.191082
v -0.357365 0.211677 0.189962
v -0.356831 0.210968 0.189074
v -0.356157 0.210074 0.188504
v -0.355410 0.209084 0.188308
v -0.354663 0.208093 0.188504
v -0.353989 0.207200 0.189074
v -0.353454 0.206491 0.189962
v -0.353111 0.206035 0.191082
v -0.352993 0.205878 0.192322
v -0.353111 0.206035 0.193563
v -0.353454 0.206491 0.194682
v -0.353989 0.207200 0.195570
v -0.379843 -0.004719 0.191799
v -0.380307 -0.004719 0.190887
v -0.381031 -0.004719 0.190164
v -0.381943 -0.004719 0.189699
v -0.382953 -0.004719 0.189539
v -0.383964 -0.004719 0.189699
v -0.384876 -0.004719 0.190164
v -0.385600 -0.004719 0.190887
v -0.386064 -0.004719 0.191799
v -0.386224 -0.004719 0.192810
v -0.386064 -0.004719 0.193821
v -0.385600 -0.004719 0.194732
v -0.384876 -0.004719 0.195456
v -0.383964 -0.004719 0.195921
v -0.382953 -0.004719 0.196081
v -0.381943 -0.004719 0.195921
v -0.381031 -0.004719 0.195456
v -0.380307 -0.004719 0.194732
v -0.379843 -0.004719 0.193821
v -0.379683 -0.004719 0.192810
v -0.379843 0.194391 0.191799
v -0.380307 0.194391 0.190887
v -0.381031 0.194391 0.190164
v -0.381943 0.194391 0.189699
v -0.382953 0.194391 0.189539
v -0.383964 0.194391 0.189699
v -0.384876 0.194391 0.190164
v -0.385600 0.194391 0.190887
v -0.386064 0.194391 0.191799
v -0.386224 0.194391 0.192810
v -0.386064 0.194391 0.193821
v -0.385600 0.194391 0.194732
v -0.384876 0.194391 0.195456
v -0.383964 0.194391 0.195921
v -0.382953 0.194391 0.196081
v -0.381943 0.194391 0.195921
v -0.381031 0.194391 0.195456
v -0.380307 0.194391 0.194732
v -0.379843 0.194391 0.193821
v -0.379683 0.194391 0.192810
v -0.382953 -0.004719 0.192810
v -0.382953 0.194391 0.192810
v -0.382953 0.177995 0.196081
v -0.383964 0.177995 0.195921
v -0.384876 0.177995 0.195456
v -0.385600 0.177995 0.194732
v -0.386064 0.177995 0.193821
v -0.386224 0.177995 0.192810
v -0.386064 0.177995 0.191799
v -0.385600 0.177995 0.190887
v -0.384876 0.177995 0.190164
v -0.383964 0.177995 0.189699
v -0.382953 0.177995 0.189539
v -0.381943 0.177995 0.189699
v -0.381031 0.177995 0.190164
v -0.380307 0.177995 0.190887
v -0.379843 0.177995 0.191799
v -0.379683 0.177995 0.192810
v -0.379843 0.177995 0.193821
v -0.380307 0.177995 0.194732
v -0.381031 0.177995 0.195456
v -0.381943 0.177995 0.195921
v -0.381943 0.015102 0.195921
v -0.382953 0.015102 0.196081
v -0.383964 0.015102 0.195921
v -0.384876 0.015102 0.195456
v -0.385600 0.015102 0.194732
v -0.386064 0.015102 0.193821
v -0.386224 0.015102 0.192810
v -0.386064 0.015102 0.191799
v -0.385600 0.015102 0.190887
v -0.384876 0.015102 0.190164
v -0.383964 0.015102 0.189699
v -0.382953 0.015102 0.189539
v -0.381943 0.015102 0.189699
v -0.381031 0.015102 0.190164
v -0.380307 0.015102 0.190887
v -0.379843 0.015102 0.191799
v -0.379683 0.015102 0.192810
v -0.379843 0.015102 0.193821
v -0.380307 0.015102 0.194732
v -0.381031 0.015102 0.195456
v -0.381943 0.095607 0.195921
v -0.382953 0.095607 0.196081
v -0.383964 0.095607 0.195921
v -0.384876 0.095607 0.195456
v -0.385600 0.095607 0.194732
v -0.386064 0.095607 0.193821
v -0.386224 0.095607 0.192810
v -0.386064 0.095607 0.191799
v -0.385600 0.095607 0.190887
v -0.384876 0.095607 0.190164
v -0.383964 0.095607 0.189699
v -0.382953 0.095607 0.189539
v -0.381943 0.095607 0.189699
v -0.381031 0.095607 0.190164
v -0.380307 0.095607 0.190887
v -0.379843 0.095607 0.191799
v -0.379683 0.095607 0.192810
v -0.379843 0.095607 0.193821
v -0.380307 0.095607 0.194732
v -0.381031 0.095607 0.195456
v -0.382953 0.111019 0.196081
v -0.383964 0.111019 0.195921
v -0.384876 0.111019 0.195456
v -0.385600 0.111019 0.194732
v -0.386064 0.111019 0.193821
v -0.386224 0.111019 0.192810
v -0.386064 0.111019 0.191799
v -0.385600 0.111019 0.190887
v -0.384876 0.111019 0.190164
v -0.383964 0.111019 0.189699
v -0.382953 0.111019 0.189539
v -0.381943 0.111019 0.189699
v -0.381031 0.111019 0.190164
v -0.380307 0.111019 0.190887
v -0.379843 0.111019 0.191799
v -0.379683 0.111019 0.192810
v -0.379843 0.111019 0.193821
v -0.380307 0.111019 0.194732
v -0.381031 0.111019 0.195456
v -0.381943 0.111019 0.195921
v -0.377968 -0.004719 0.191190
v -0.378713 -0.004719 0.189729
v -0.378713 0.015102 0.189729
v -0.377968 0.015102 0.191190
v -0.379872 -0.004719 0.188569
v -0.379872 0.015102 0.188569
v -0.381334 -0.004719 0.187825
v -0.381334 0.015102 0.187825
v -0.382953 -0.004719 0.187568
v -0.382953 0.015102 0.187568
v -0.384573 -0.004719 0.187825
v -0.384573 0.015102 0.187825
v -0.386034 -0.004719 0.188569
v -0.386034 0.015102 0.188569
v -0.387194 -0.004719 0.189729
v -0.387194 0.015102 0.189729
v -0.387939 -0.004719 0.191190
v -0.387939 0.015102 0.191190
v -0.388195 -0.004719 0.192810
v -0.388195 0.015102 0.192810
v -0.387939 -0.004719 0.194430
v -0.387939 0.015102 0.194430
v -0.387194 -0.004719 0.195891
v -0.387194 0.015102 0.195891
v -0.386034 -0.004719 0.197050
v -0.386034 0.015102 0.197050
v -0.384573 -0.004719 0.197795
v -0.384573 0.015102 0.197795
v -0.382953 -0.004719 0.198052
v -0.382953 0.015102 0.198052
v -0.381334 -0.004719 0.197795
v -0.381334 0.015102 0.197795
v -0.379872 -0.004719 0.197050
v -0.379872 0.015102 0.197050
v -0.378713 -0.004719 0.195891
v -0.378713 0.015102 0.195891
v -0.377968 -0.004719 0.194430
v -0.377968 0.015102 0.194430
v -0.377712 -0.004719 0.192810
v -0.377712 0.015102 0.192810
v -0.382953 0.177995 0.198052
v -0.384573 0.177995 0.197795
v -0.382953 0.194391 0.198052
v -0.384573 0.194391 0.197795
v -0.386034 0.177995 0.197050
v -0.386034 0.194391 0.197050
v -0.387194 0.177995 0.195891
v -0.387194 0.194391 0.195891
v -0.387939 0.177995 0.194430
v -0.387939 0.194391 0.194430
v -0.388195 0.177995 0.192810
v -0.388195 0.194391 0.192810
v -0.387939 0.177995 0.191190
v -0.387939 0.194391 0.191190
v -0.387194 0.177995 0.189729
v -0.387194 0.194391 0.189729
v -0.386034 0.177995 0.188569
v -0.386034 0.194391 0.188569
v -0.384573 0.177995 0.187825
v -0.384573 0.194391 0.187825
v -0.382953 0.177995 0.187568
v -0.382953 0.194391 0.187568
v -0.381334 0.177995 0.187825
v -0.381334 0.194391 0.187825
v -0.379872 0.177995 0.188569
v -0.379872 0.194391 0.188569
v -0.378713 0.177995 0.189729
v -0.378713 0.194391 0.189729
v -0.377968 0.177995 0.191190
v -0.377968 0.194391 0.191190
v -0.377712 0.177995 0.192810
v -0.377712 0.194391 0.192810
v -0.377968 0.177995 0.194430
v -0.377968 0.194391 0.194430
v -0.378713 0.177995 0.195891
v -0.378713 0.194391 0.195891
v -0.379872 0.177995 0.197050
v -0.379872 0.194391 0.197050
v -0.381334 0.177995 0.197795
v -0.381334 0.194391 0.197795
v -0.381334 0.095607 0.197795
v -0.382953 0.095607 0.198052
v -0.381334 0.111019 0.197795
v -0.382953 0.111019 0.198052
v -0.384573 0.095607 0.197795
v -0.384573 0.111019 0.197795
v -0.386034 0.095607 0.197050
v -0.386034 0.111019 0.197050
v -0.387194 0.095607 0.195891
v -0.387194 0.111019 0.195891
v -0.387939 0.095607 0.194430
v -0.387939 0.111019 0.194430
v -0.388195 0.095607 0.192810
v -0.388195 0.111019 0.192810
v -0.387939 0.095607 0.191190
v -0.387939 0.111019 0.191190
v -0.387194 0.095607 0.189729
v -0.387194 0.111019 0.189729
v -0.386034 0.095607 0.188569
v -0.386034 0.111019 0.188569
v -0.384573 0.095607 0.187825
v -0.384573 0.111019 0.187825
v -0.382953 0.095607 0.187568
v -0.382953 0.111019 0.187568
v -0.381334 0.095607 0.187825
v -0.381334 0.111019 0.187825
v -0.379872 0.095607 0.188569
v -0.379872 0.111019 0.188569
v -0.378713 0.095607 0.189729
v -0.378713 0.111019 0.189729
v -0.377968 0.095607 0.191190
v -0.377968 0.111019 0.191190
v -0.377712 0.095607 0.192810
v -0.377712 0.111019 0.192810
v -0.377968 0.095607 0.194430
v -0.377968 0.111019 0.194430
v -0.378713 0.095607 0.195891
v -0.378713 0.111019 0.195891
v -0.379872 0.095607 0.197050
v -0.379872 0.111019 0.197050
v -0.377968 -0.004719 0.191190
v -0.378713 -0.004719 0.189729
v -0.378713 0.015102 0.189729
v -0.377968 0.015102 0.191190
v -0.379872 -0.004719 0.188569
v -0.379872 0.015102 0.188569
v -0.381334 -0.004719 0.187825
v -0.381334 0.015102 0.187825
v -0.382953 -0.004719 0.187568
v -0.382953 0.015102 0.187568
v -0.384573 -0.004719 0.187825
v -0.384573 0.015102 0.187825
v -0.386034 -0.004719 0.188569
v -0.386034 0.015102 0.188569
v -0.387194 -0.004719 0.189729
v -0.387194 0.015102 0.189729
v -0.387939 -0.004719 0.191190
v -0.387939 0.015102 0.191190
v -0.388195 -0.004719 0.192810
v -0.388195 0.015102 0.192810
v -0.387939 -0.004719 0.194430
v -0.387939 0.015102 0.194430
v -0.387194 -0.004719 0.195891
v -0.387194 0.015102 0.195891
v -0.386034 -0.004719 0.197050
v -0.386034 0.015102 0.197050
v -0.384573 -0.004719 0.197795
v -0.384573 0.015102 0.197795
v -0.382953 -0.004719 0.198052
v -0.382953 0.015102 0.198052
v -0.381334 -0.004719 0.197795
v -0.381334 0.015102 0.197795
v -0.379872 -0.004719 0.197050
v -0.379872 0.015102 0.197050
v -0.378713 -0.004719 0.195891
v -0.378713 0.015102 0.195891
v -0.377968 -0.004719 0.194430
v -0.377968 0.015102 0.194430
v -0.377712 -0.004719 0.192810
v -0.377712 0.015102 0.192810
v -0.379843 -0.004719 0.191799
v -0.380307 -0.004719 0.190887
v -0.382953 -0.004719 0.192810
v -0.381031 -0.004719 0.190164
v -0.381943 -0.004719 0.189699
v -0.382953 -0.004719 0.189539
v -0.383964 -0.004719 0.189699
v -0.384876 -0.004719 0.190164
v -0.385600 -0.004719 0.190887
v -0.386064 -0.004719 0.191799
v -0.386224 -0.004719 0.192810
v -0.386064 -0.004719 0.193821
v -0.385600 -0.004719 0.194732
v -0.384876 -0.004719 0.195456
v -0.383964 -0.004719 0.195921
v -0.382953 -0.004719 0.196081
v -0.381943 -0.004719 0.195921
v -0.381031 -0.004719 0.195456
v -0.380307 -0.004719 0.194732
v -0.379843 -0.004719 0.193821
v -0.379683 -0.004719 0.192810
v -0.379843 0.194391 0.191799
v -0.380307 0.194391 0.190887
v -0.382953 0.194391 0.192810
v -0.381031 0.194391 0.190164
v -0.381943 0.194391 0.189699
v -0.382953 0.194391 0.189539
v -0.383964 0.194391 0.189699
v -0.384876 0.194391 0.190164
v -0.385600 0.194391 0.190887
v -0.386064 0.194391 0.191799
v -0.386224 0.194391 0.192810
v -0.386064 0.194391 0.193821
v -0.385600 0.194391 0.194732
v -0.384876 0.194391 0.195456
v -0.383964 0.194391 0.195921
v -0.382953 0.194391 0.196081
v -0.381943 0.194391 0.195921
v -0.381031 0.194391 0.195456
v -0.380307 0.194391 0.194732
v -0.379843 0.194391 0.193821
v -0.379683 0.194391 0.192810
v -0.382953 0.177995 0.198052
v -0.384573 0.177995 0.197795
v -0.382953 0.194391 0.198052
v -0.384573 0.194391 0.197795
v -0.386034 0.177995 0.197050
v -0.386034 0.194391 0.197050
v -0.387194 0.177995 0.195891
v -0.387194 0.194391 0.195891
v -0.387939 0.177995 0.194430
v -0.387939 0.194391 0.194430
v -0.388195 0.177995 0.192810
v -0.388195 0.194391 0.192810
v -0.387939 0.177995 0.191190
v -0.387939 0.194391 0.191190
v -0.387194 0.177995 0.189729
v -0.387194 0.194391 0.189729
v -0.386034 0.177995 0.188569
v -0.386034 0.194391 0.188569
v -0.384573 0.177995 0.187825
v -0.384573 0.194391 0.187825
v -0.382953 0.177995 0.187568
v -0.382953 0.194391 0.187568
v -0.381334 0.177995 0.187825
v -0.381334 0.194391 0.187825
v -0.379872 0.177995 0.188569
v -0.379872 0.194391 0.188569
v -0.378713 0.177995 0.189729
v -0.378713 0.194391 0.189729
v -0.377968 0.177995 0.191190
v -0.377968 0.194391 0.191190
v -0.377712 0.177995 0.192810
v -0.377712 0.194391 0.192810
v -0.377968 0.177995 0.194430
v -0.377968 0.194391 0.194430
v -0.378713 0.177995 0.195891
v -0.378713 0.194391 0.195891
v -0.379872 0.177995 0.197050
v -0.379872 0.194391 0.197050
v -0.381334 0.177995 0.197795
v -0.381334 0.194391 0.197795
v -0.381943 0.015102 0.195921
v -0.382953 0.015102 0.196081
v -0.381943 0.095607 0.195921
v -0.382953 0.095607 0.196081
v -0.383964 0.015102 0.195921
v -0.383964 0.095607 0.195921
v -0.384876 0.015102 0.195456
v -0.384876 0.095607 0.195456
v -0.385600 0.015102 0.194732
v -0.385600 0.095607 0.194732
v -0.386064 0.015102 0.193821
v -0.386064 0.095607 0.193821
v -0.386224 0.015102 0.192810
v -0.386224 0.095607 0.192810
v -0.386064 0.015102 0.191799
v -0.386064 0.095607 0.191799
v -0.385600 0.015102 0.190887
v -0.385600 0.095607 0.190887
v -0.384876 0.015102 0.190164
v -0.384876 0.095607 0.190164
v -0.383964 0.015102 0.189699
v -0.383964 0.095607 0.189699
v -0.382953 0.015102 0.189539
v -0.382953 0.095607 0.189539
v -0.381943 0.015102 0.189699
v -0.381943 0.095607 0.189699
v -0.381031 0.015102 0.190164
v -0.381031 0.095607 0.190164
v -0.380307 0.015102 0.190887
v -0.380307 0.095607 0.190887
v -0.379843 0.015102 0.191799
v -0.379843 0.095607 0.191799
v -0.379683 0.015102 0.192810
v -0.379683 0.095607 0.192810
v -0.379843 0.015102 0.193821
v -0.379843 0.095607 0.193821
v -0.380307 0.015102 0.194732
v -0.380307 0.095607 0.194732
v -0.381031 0.015102 0.195456
v -0.381031 0.095607 0.195456
v -0.381334 0.095607 0.197795
v -0.382953 0.095607 0.198052
v -0.381334 0.111019 0.197795
v -0.382953 0.111019 0.198052
v -0.384573 0.095607 0.197795
v -0.384573 0.111019 0.197795
v -0.386034 0.095607 0.197050
v -0.386034 0.111019 0.197050
v -0.387194 0.095607 0.195891
v -0.387194 0.111019 0.195891
v -0.387939 0.095607 0.194430
v -0.387939 0.111019 0.194430
v -0.388195 0.095607 0.192810
v -0.388195 0.111019 0.192810
v -0.387939 0.095607 0.191190
v -0.387939 0.111019 0.191190
v -0.387194 0.095607 0.189729
v -0.387194 0.111019 0.189729
v -0.386034 0.095607 0.188569
v -0.386034 0.111019 0.188569
v -0.384573 0.095607 0.187825
v -0.384573 0.111019 0.187825
v -0.382953 0.095607 0.187568
v -0.382953 0.111019 0.187568
v -0.381334 0.095607 0.187825
v -0.381334 0.111019 0.187825
v -0.379872 0.095607 0.188569
v -0.379872 0.111019 0.188569
v -0.378713 0.095607 0.189729
v -0.378713 0.111019 0.189729
v -0.377968 0.095607 0.191190
v -0.377968 0.111019 0.191190
v -0.377712 0.095607 0.192810
v -0.377712 0.111019 0.192810
v -0.377968 0.095607 0.194430
v -0.377968 0.111019 0.194430
v -0.378713 0.095607 0.195891
v -0.378713 0.111019 0.195891
v -0.379872 0.095607 0.197050
v -0.379872 0.111019 0.197050
v -0.382953 0.111019 0.196081
v -0.383964 0.111019 0.195921
v -0.382953 0.177995 0.196081
v -0.383964 0.177995 0.195921
v -0.384876 0.111019 0.195456
v -0.384876 0.177995 0.195456
v -0.385600 0.111019 0.194732
v -0.385600 0.177995 0.194732
v -0.386064 0.111019 0.193821
v -0.386064 0.177995 0.193821
v -0.386224 0.111019 0.192810
v -0.386224 0.177995 0.192810
v -0.386064 0.111019 0.191799
v -0.386064 0.177995 0.191799
v -0.385600 0.111019 0.190887
v -0.385600 0.177995 0.190887
v -0.384876 0.111019 0.190164
v -0.384876 0.177995 0.190164
v -0.383964 0.111019 0.189699
v -0.383964 0.177995 0.189699
v -0.382953 0.111019 0.189539
v -0.382953 0.177995 0.189539
v -0.381943 0.111019 0.189699
v -0.381943 0.177995 0.189699
v -0.381031 0.111019 0.190164
v -0.381031 0.177995 0.190164
v -0.380307 0.111019 0.190887
v -0.380307 0.177995 0.190887
v -0.379843 0.111019 0.191799
v -0.379843 0.177995 0.191799
v -0.379683 0.111019 0.192810
v -0.379683 0.177995 0.192810
v -0.379843 0.111019 0.193821
v -0.379843 0.177995 0.193821
v -0.380307 0.111019 0.194732
v -0.380307 0.177995 0.194732
v -0.381031 0.111019 0.195456
v -0.381031 0.177995 0.195456
v -0.381943 0.111019 0.195921
v -0.381943 0.177995 0.195921
v -0.377842 0.189446 0.191082
v -0.378412 0.189453 0.189962
v -0.379300 0.189464 0.189074
v -0.380419 0.189478 0.188504
v -0.381660 0.189494 0.188308
v -0.382900 0.189510 0.188504
v -0.384019 0.189524 0.189074
v -0.384907 0.189535 0.189962
v -0.385478 0.189542 0.191082
v -0.385674 0.189545 0.192322
v -0.385478 0.189542 0.193563
v -0.384907 0.189535 0.194682
v -0.384019 0.189524 0.195570
v -0.382900 0.189510 0.196140
v -0.381660 0.189494 0.196337
v -0.380419 0.189478 0.196140
v -0.379300 0.189464 0.195570
v -0.378412 0.189453 0.194682
v -0.377842 0.189446 0.193563
v -0.377645 0.189443 0.192322
v -0.377435 0.221539 0.191082
v -0.378005 0.221546 0.189962
v -0.378893 0.221558 0.189074
v -0.380012 0.221572 0.188504
v -0.381253 0.221588 0.188308
v -0.382493 0.221603 0.188504
v -0.383613 0.221618 0.189074
v -0.384501 0.221629 0.189962
v -0.385071 0.221636 0.191082
v -0.385267 0.221638 0.192322
v -0.385071 0.221636 0.193563
v -0.384501 0.221629 0.194682
v -0.383613 0.221618 0.195570
v -0.382493 0.221603 0.196140
v -0.381253 0.221588 0.196337
v -0.380012 0.221572 0.196140
v -0.378893 0.221558 0.195570
v -0.378005 0.221546 0.194682
v -0.377435 0.221539 0.193563
v -0.377239 0.221537 0.192322
v -0.381660 0.189494 0.192322
v -0.380217 0.205419 0.196140
v -0.381458 0.205434 0.196337
v -0.382698 0.205450 0.196140
v -0.383817 0.205464 0.195570
v -0.384705 0.205476 0.194682
v -0.385276 0.205483 0.193563
v -0.385472 0.205485 0.192322
v -0.385276 0.205483 0.191082
v -0.384705 0.205476 0.189962
v -0.383817 0.205464 0.189074
v -0.382698 0.205450 0.188504
v -0.381458 0.205434 0.188308
v -0.380217 0.205419 0.188504
v -0.379098 0.205404 0.189074
v -0.378210 0.205393 0.189962
v -0.377640 0.205386 0.191082
v -0.377443 0.205383 0.192322
v -0.377640 0.205386 0.193563
v -0.378210 0.205393 0.194682
v -0.379098 0.205404 0.195570
v -0.379716 0.205412 0.197682
v -0.381458 0.205434 0.197958
v -0.379512 0.221566 0.197682
v -0.381253 0.221588 0.197958
v -0.383199 0.205456 0.197682
v -0.382994 0.221610 0.197682
v -0.384770 0.205476 0.196881
v -0.384565 0.221630 0.196881
v -0.386017 0.205492 0.195635
v -0.385812 0.221645 0.195635
v -0.386817 0.205502 0.194064
v -0.386612 0.221656 0.194064
v -0.387093 0.205506 0.192322
v -0.386888 0.221659 0.192322
v -0.386817 0.205502 0.190581
v -0.386612 0.221656 0.190581
v -0.386017 0.205492 0.189010
v -0.385812 0.221645 0.189010
v -0.384770 0.205476 0.187763
v -0.384565 0.221630 0.187763
v -0.383199 0.205456 0.186963
v -0.382994 0.221610 0.186963
v -0.381458 0.205434 0.186687
v -0.381253 0.221588 0.186687
v -0.379716 0.205412 0.186963
v -0.379512 0.221566 0.186963
v -0.378146 0.205392 0.187763
v -0.377941 0.221546 0.187763
v -0.376899 0.205377 0.189010
v -0.376694 0.221530 0.189010
v -0.376098 0.205366 0.190581
v -0.375894 0.221520 0.190581
v -0.375823 0.205363 0.192322
v -0.375618 0.221516 0.192322
v -0.376098 0.205366 0.194064
v -0.375894 0.221520 0.194064
v -0.376899 0.205377 0.195635
v -0.376694 0.221530 0.195635
v -0.378146 0.205392 0.196881
v -0.377941 0.221546 0.196881
v -0.377618 0.207141 0.191082
v -0.378188 0.207148 0.189962
v -0.381435 0.207189 0.192322
v -0.379076 0.207159 0.189074
v -0.380195 0.207174 0.188504
v -0.381435 0.207189 0.188308
v -0.382676 0.207205 0.188504
v -0.383795 0.207219 0.189074
v -0.384683 0.207231 0.189962
v -0.385253 0.207238 0.191082
v -0.385450 0.207240 0.192322
v -0.385253 0.207238 0.193563
v -0.384683 0.207231 0.194682
v -0.383795 0.207219 0.195570
v -0.382676 0.207205 0.196140
v -0.381435 0.207189 0.196337
v -0.380195 0.207174 0.196140
v -0.379076 0.207159 0.195570
v -0.378188 0.207148 0.194682
v -0.377618 0.207141 0.193563
v -0.377421 0.207139 0.192322
v -0.377842 0.189446 0.191082
v -0.378412 0.189453 0.189962
v -0.378210 0.205393 0.189962
v -0.377640 0.205386 0.191082
v -0.379300 0.189464 0.189074
v -0.379098 0.205404 0.189074
v -0.380419 0.189478 0.188504
v -0.380217 0.205419 0.188504
v -0.381660 0.189494 0.188308
v -0.381458 0.205434 0.188308
v -0.382900 0.189510 0.188504
v -0.382698 0.205450 0.188504
v -0.384019 0.189524 0.189074
v -0.383817 0.205464 0.189074
v -0.384907 0.189535 0.189962
v -0.384705 0.205476 0.189962
v -0.385478 0.189542 0.191082
v -0.385276 0.205483 0.191082
v -0.385674 0.189545 0.192322
v -0.385472 0.205485 0.192322
v -0.385478 0.189542 0.193563
v -0.385276 0.205483 0.193563
v -0.384907 0.189535 0.194682
v -0.384705 0.205476 0.194682
v -0.384019 0.189524 0.195570
v -0.383817 0.205464 0.195570
v -0.382900 0.189510 0.196140
v -0.382698 0.205450 0.196140
v -0.381660 0.189494 0.196337
v -0.381458 0.205434 0.196337
v -0.380419 0.189478 0.196140
v -0.380217 0.205419 0.196140
v -0.379300 0.189464 0.195570
v -0.379098 0.205404 0.195570
v -0.378412 0.189453 0.194682
v -0.378210 0.205393 0.194682
v -0.377842 0.189446 0.193563
v -0.377640 0.205386 0.193563
v -0.377645 0.189443 0.192322
v -0.377443 0.205383 0.192322
v -0.381660 0.189494 0.192322
v -0.377618 0.207141 0.191082
v -0.378188 0.207148 0.189962
v -0.381435 0.207189 0.192322
v -0.379076 0.207159 0.189074
v -0.380195 0.207174 0.188504
v -0.381435 0.207189 0.188308
v -0.382676 0.207205 0.188504
v -0.383795 0.207219 0.189074
v -0.384683 0.207231 0.189962
v -0.385253 0.207238 0.191082
v -0.385450 0.207240 0.192322
v -0.385253 0.207238 0.193563
v -0.384683 0.207231 0.194682
v -0.383795 0.207219 0.195570
v -0.382676 0.207205 0.196140
v -0.381435 0.207189 0.196337
v -0.380195 0.207174 0.196140
v -0.379076 0.207159 0.195570
v -0.378188 0.207148 0.194682
v -0.377618 0.207141 0.193563
v -0.377421 0.207139 0.192322
v -0.379716 0.205412 0.197682
v -0.381458 0.205434 0.197958
v -0.379512 0.221566 0.197682
v -0.381253 0.221588 0.197958
v -0.383199 0.205456 0.197682
v -0.382994 0.221610 0.197682
v -0.384770 0.205476 0.196881
v -0.384565 0.221630 0.196881
v -0.386017 0.205492 0.195635
v -0.385812 0.221645 0.195635
v -0.386817 0.205502 0.194064
v -0.386612 0.221656 0.194064
v -0.387093 0.205506 0.192322
v -0.386888 0.221659 0.192322
v -0.386817 0.205502 0.190581
v -0.386612 0.221656 0.190581
v -0.386017 0.205492 0.189010
v -0.385812 0.221645 0.189010
v -0.384770 0.205476 0.187763
v -0.384565 0.221630 0.187763
v -0.383199 0.205456 0.186963
v -0.382994 0.221610 0.186963
v -0.381458 0.205434 0.186687
v -0.381253 0.221588 0.186687
v -0.379716 0.205412 0.186963
v -0.379512 0.221566 0.186963
v -0.378146 0.205392 0.187763
v -0.377941 0.221546 0.187763
v -0.376899 0.205377 0.189010
v -0.376694 0.221530 0.189010
v -0.376098 0.205366 0.190581
v -0.375894 0.221520 0.190581
v -0.375823 0.205363 0.192322
v -0.375618 0.221516 0.192322
v -0.376098 0.205366 0.194064
v -0.375894 0.221520 0.194064
v -0.376899 0.205377 0.195635
v -0.376694 0.221530 0.195635
v -0.378146 0.205392 0.196881
v -0.377941 0.221546 0.196881
v -0.381253 0.221588 0.196337
v -0.380012 0.221572 0.196140
v -0.382493 0.221603 0.196140
v -0.383613 0.221618 0.195570
v -0.384501 0.221629 0.194682
v -0.385071 0.221636 0.193563
v -0.385267 0.221638 0.192322
v -0.385071 0.221636 0.191082
v -0.384501 0.221629 0.189962
v -0.383613 0.221618 0.189074
v -0.382493 0.221603 0.188504
v -0.381253 0.221588 0.188308
v -0.380012 0.221572 0.188504
v -0.378893 0.221558 0.189074
v -0.378005 0.221546 0.189962
v -0.377435 0.221539 0.191082
v -0.377239 0.221537 0.192322
v -0.377435 0.221539 0.193563
v -0.378005 0.221546 0.194682
v -0.378893 0.221558 0.195570
v -0.667916 -0.004719 0.191799
v -0.668380 -0.004719 0.190887
v -0.669104 -0.004719 0.190164
v -0.670016 -0.004719 0.189699
v -0.671027 -0.004719 0.189539
v -0.672037 -0.004719 0.189699
v -0.672949 -0.004719 0.190164
v -0.673673 -0.004719 0.190887
v -0.674137 -0.004719 0.191799
v -0.674297 -0.004719 0.192810
v -0.674137 -0.004719 0.193821
v -0.673673 -0.004719 0.194732
v -0.672949 -0.004719 0.195456
v -0.672037 -0.004719 0.195921
v -0.671027 -0.004719 0.196081
v -0.670016 -0.004719 0.195921
v -0.669104 -0.004719 0.195456
v -0.668380 -0.004719 0.194732
v -0.667916 -0.004719 0.193821
v -0.667756 -0.004719 0.192810
v -0.667916 0.194391 0.191799
v -0.668380 0.194391 0.190887
v -0.669104 0.194391 0.190164
v -0.670016 0.194391 0.189699
v -0.671027 0.194391 0.189539
v -0.672037 0.194391 0.189699
v -0.672949 0.194391 0.190164
v -0.673673 0.194391 0.190887
v -0.674137 0.194391 0.191799
v -0.674297 0.194391 0.192810
v -0.674137 0.194391 0.193821
v -0.673673 0.194391 0.194732
v -0.672949 0.194391 0.195456
v -0.672037 0.194391 0.195921
v -0.671027 0.194391 0.196081
v -0.670016 0.194391 0.195921
v -0.669104 0.194391 0.195456
v -0.668380 0.194391 0.194732
v -0.667916 0.194391 0.193821
v -0.667756 0.194391 0.192810
v -0.671027 -0.004719 0.192810
v -0.671027 0.194391 0.192810
v -0.671027 0.177995 0.196081
v -0.672037 0.177995 0.195921
v -0.672949 0.177995 0.195456
v -0.673673 0.177995 0.194732
v -0.674137 0.177995 0.193821
v -0.674297 0.177995 0.192810
v -0.674137 0.177995 0.191799
v -0.673673 0.177995 0.190887
v -0.672949 0.177995 0.190164
v -0.672037 0.177995 0.189699
v -0.671027 0.177995 0.189539
v -0.670016 0.177995 0.189699
v -0.669104 0.177995 0.190164
v -0.668380 0.177995 0.190887
v -0.667916 0.177995 0.191799
v -0.667756 0.177995 0.192810
v -0.667916 0.177995 0.193821
v -0.668380 0.177995 0.194732
v -0.669104 0.177995 0.195456
v -0.670016 0.177995 0.195921
v -0.670016 0.015102 0.195921
v -0.671027 0.015102 0.196081
v -0.672037 0.015102 0.195921
v -0.672949 0.015102 0.195456
v -0.673673 0.015102 0.194732
v -0.674137 0.015102 0.193821
v -0.674297 0.015102 0.192810
v -0.674137 0.015102 0.191799
v -0.673673 0.015102 0.190887
v -0.672949 0.015102 0.190164
v -0.672037 0.015102 0.189699
v -0.671027 0.015102 0.189539
v -0.670016 0.015102 0.189699
v -0.669104 0.015102 0.190164
v -0.668380 0.015102 0.190887
v -0.667916 0.015102 0.191799
v -0.667756 0.015102 0.192810
v -0.667916 0.015102 0.193821
v -0.668380 0.015102 0.194732
v -0.669104 0.015102 0.195456
v -0.670016 0.095607 0.195921
v -0.671027 0.095607 0.196081
v -0.672037 0.095607 0.195921
v -0.672949 0.095607 0.195456
v -0.673673 0.095607 0.194732
v -0.674137 0.095607 0.193821
v -0.674297 0.095607 0.192810
v -0.674137 0.095607 0.191799
v -0.673673 0.095607 0.190887
v -0.672949 0.095607 0.190164
v -0.672037 0.095607 0.189699
v -0.671027 0.095607 0.189539
v -0.670016 0.095607 0.189699
v -0.669104 0.095607 0.190164
v -0.668380 0.095607 0.190887
v -0.667916 0.095607 0.191799
v -0.667756 0.095607 0.192810
v -0.667916 0.095607 0.193821
v -0.668380 0.095607 0.194732
v -0.669104 0.095607 0.195456
v -0.671027 0.111019 0.196081
v -0.672037 0.111019 0.195921
v -0.672949 0.111019 0.195456
v -0.673673 0.111019 0.194732
v -0.674137 0.111019 0.193821
v -0.674297 0.111019 0.192810
v -0.674137 0.111019 0.191799
v -0.673673 0.111019 0.190887
v -0.672949 0.111019 0.190164
v -0.672037 0.111019 0.189699
v -0.671027 0.111019 0.189539
v -0.670016 0.111019 0.189699
v -0.669104 0.111019 0.190164
v -0.668380 0.111019 0.190887
v -0.667916 0.111019 0.191799
v -0.667756 0.111019 0.192810
v -0.667916 0.111019 0.193821
v -0.668380 0.111019 0.194732
v -0.669104 0.111019 0.195456
v -0.670016 0.111019 0.195921
v -0.666041 -0.004719 0.191190
v -0.666786 -0.004719 0.189729
v -0.666786 0.015102 0.189729
v -0.666041 0.015102 0.191190
v -0.667946 -0.004719 0.188569
v -0.667946 0.015102 0.188569
v -0.669407 -0.004719 0.187825
v -0.669407 0.015102 0.187825
v -0.671027 -0.004719 0.187568
v -0.671027 0.015102 0.187568
v -0.672646 -0.004719 0.187825
v -0.672646 0.015102 0.187825
v -0.674108 -0.004719 0.188569
v -0.674108 0.015102 0.188569
v -0.675267 -0.004719 0.189729
v -0.675267 0.015102 0.189729
v -0.676012 -0.004719 0.191190
v -0.676012 0.015102 0.191190
v -0.676268 -0.004719 0.192810
v -0.676268 0.015102 0.192810
v -0.676012 -0.004719 0.194430
v -0.676012 0.015102 0.194430
v -0.675267 -0.004719 0.195891
v -0.675267 0.015102 0.195891
v -0.674108 -0.004719 0.197050
v -0.674108 0.015102 0.197050
v -0.672646 -0.004719 0.197795
v -0.672646 0.015102 0.197795
v -0.671027 -0.004719 0.198052
v -0.671027 0.015102 0.198052
v -0.669407 -0.004719 0.197795
v -0.669407 0.015102 0.197795
v -0.667946 -0.004719 0.197050
v -0.667946 0.015102 0.197050
v -0.666786 -0.004719 0.195891
v -0.666786 0.015102 0.195891
v -0.666041 -0.004719 0.194430
v -0.666041 0.015102 0.194430
v -0.665785 -0.004719 0.192810
v -0.665785 0.015102 0.192810
v -0.671027 0.177995 0.198052
v -0.672646 0.177995 0.197795
v -0.671027 0.194391 0.198052
v -0.672646 0.194391 0.197795
v -0.674108 0.177995 0.197050
v -0.674108 0.194391 0.197050
v -0.675267 0.177995 0.195891
v -0.675267 0.194391 0.195891
v -0.676012 0.177995 0.194430
v -0.676012 0.194391 0.194430
v -0.676268 0.177995 0.192810
v -0.676268 0.194391 0.192810
v -0.676012 0.177995 0.191190
v -0.676012 0.194391 0.191190
v -0.675267 0.177995 0.189729
v -0.675267 0.194391 0.189729
v -0.674108 0.177995 0.188569
v -0.674108 0.194391 0.188569
v -0.672646 0.177995 0.187825
v -0.672646 0.194391 0.187825
v -0.671027 0.177995 0.187568
v -0.671027 0.194391 0.187568
v -0.669407 0.177995 0.187825
v -0.669407 0.194391 0.187825
v -0.667946 0.177995 0.188569
v -0.667946 0.194391 0.188569
v -0.666786 0.177995 0.189729
v -0.666786 0.194391 0.189729
v -0.666041 0.177995 0.191190
v -0.666041 0.194391 0.191190
v -0.665785 0.177995 0.192810
v -0.665785 0.194391 0.192810
v -0.666041 0.177995 0.194430
v -0.666041 0.194391 0.194430
v -0.666786 0.177995 0.195891
v -0.666786 0.194391 0.195891
v -0.667946 0.177995 0.197050
v -0.667946 0.194391 0.197050
v -0.669407 0.177995 0.197795
v -0.669407 0.194391 0.197795
v -0.669407 0.095607 0.197795
v -0.671027 0.095607 0.198052
v -0.669407 0.111019 0.197795
v -0.671027 0.111019 0.198052
v -0.672646 0.095607 0.197795
v -0.672646 0.111019 0.197795
v -0.674108 0.095607 0.197050
v -0.674108 0.111019 0.197050
v -0.675267 0.095607 0.195891
v -0.675267 0.111019 0.195891
v -0.676012 0.095607 0.194430
v -0.676012 0.111019 0.194430
v -0.676268 0.095607 0.192810
v -0.676268 0.111019 0.192810
v -0.676012 0.095607 0.191190
v -0.676012 0.111019 0.191190
v -0.675267 0.095607 0.189729
v -0.675267 0.111019 0.189729
v -0.674108 0.095607 0.188569
v -0.674108 0.111019 0.188569
v -0.672646 0.095607 0.187825
v -0.672646 0.111019 0.187825
v -0.671027 0.095607 0.187568
v -0.671027 0.111019 0.187568
v -0.669407 0.095607 0.187825
v -0.669407 0.111019 0.187825
v -0.667946 0.095607 0.188569
v -0.667946 0.111019 0.188569
v -0.666786 0.095607 0.189729
v -0.666786 0.111019 0.189729
v -0.666041 0.095607 0.191190
v -0.666041 0.111019 0.191190
v -0.665785 0.095607 0.192810
v -0.665785 0.111019 0.192810
v -0.666041 0.095607 0.194430
v -0.666041 0.111019 0.194430
v -0.666786 0.095607 0.195891
v -0.666786 0.111019 0.195891
v -0.667946 0.095607 0.197050
v -0.667946 0.111019 0.197050
v -0.666041 -0.004719 0.191190
v -0.666786 -0.004719 0.189729
v -0.666786 0.015102 0.189729
v -0.666041 0.015102 0.191190
v -0.667946 -0.004719 0.188569
v -0.667946 0.015102 0.188569
v -0.669407 -0.004719 0.187825
v -0.669407 0.015102 0.187825
v -0.671027 -0.004719 0.187568
v -0.671027 0.015102 0.187568
v -0.672646 -0.004719 0.187825
v -0.672646 0.015102 0.187825
v -0.674108 -0.004719 0.188569
v -0.674108 0.015102 0.188569
v -0.675267 -0.004719 0.189729
v -0.675267 0.015102 0.189729
v -0.676012 -0.004719 0.191190
v -0.676012 0.015102 0.191190
v -0.676268 -0.004719 0.192810
v -0.676268 0.015102 0.192810
v -0.676012 -0.004719 0.194430
v -0.676012 0.015102 0.194430
v -0.675267 -0.004719 0.195891
v -0.675267 0.015102 0.195891
v -0.674108 -0.004719 0.197050
v -0.674108 0.015102 0.197050
v -0.672646 -0.004719 0.197795
v -0.672646 0.015102 0.197795
v -0.671027 -0.004719 0.198052
v -0.671027 0.015102 0.198052
v -0.669407 -0.004719 0.197795
v -0.669407 0.015102 0.197795
v -0.667946 -0.004719 0.197050
v -0.667946 0.015102 0.197050
v -0.666786 -0.004719 0.195891
v -0.666786 0.015102 0.195891
v -0.666041 -0.004719 0.194430
v -0.666041 0.015102 0.194430
v -0.665785 -0.004719 0.192810
v -0.665785 0.015102 0.192810
v -0.667916 -0.004719 0.191799
v -0.668380 -0.004719 0.190887
v -0.671027 -0.004719 0.192810
v -0.669104 -0.004719 0.190164
v -0.670016 -0.004719 0.189699
v -0.671027 -0.004719 0.189539
v -0.672037 -0.004719 0.189699
v -0.672949 -0.004719 0.190164
v -0.673673 -0.004719 0.190887
v -0.674137 -0.004719 0.191799
v -0.674297 -0.004719 0.192810
v -0.674137 -0.004719 0.193821
v -0.673673 -0.004719 0.194732
v -0.672949 -0.004719 0.195456
v -0.672037 -0.004719 0.195921
v -0.671027 -0.004719 0.196081
v -0.670016 -0.004719 0.195921
v -0.669104 -0.004719 0.195456
v -0.668380 -0.004719 0.194732
v -0.667916 -0.004719 0.193821
v -0.667756 -0.004719 0.192810
v -0.667916 0.194391 0.191799
v -0.668380 0.194391 0.190887
v -0.671027 0.194391 0.192810
v -0.669104 0.194391 0.190164
v -0.670016 0.194391 0.189699
v -0.671027 0.194391 0.189539
v -0.672037 0.194391 0.189699
v -0.672949 0.194391 0.190164
v -0.673673 0.194391 0.190887
v -0.674137 0.194391 0.191799
v -0.674297 0.194391 0.192810
v -0.674137 0.194391 0.193821
v -0.673673 0.194391 0.194732
v -0.672949 0.194391 0.195456
v -0.672037 0.194391 0.195921
v -0.671027 0.194391 0.196081
v -0.670016 0.194391 0.195921
v -0.669104 0.194391 0.195456
v -0.668380 0.194391 0.194732
v -0.667916 0.194391 0.193821
v -0.667756 0.194391 0.192810
v -0.671027 0.177995 0.198052
v -0.672646 0.177995 0.197795
v -0.671027 0.194391 0.198052
v -0.672646 0.194391 0.197795
v -0.674108 0.177995 0.197050
v -0.674108 0.194391 0.197050
v -0.675267 0.177995 0.195891
v -0.675267 0.194391 0.195891
v -0.676012 0.177995 0.194430
v -0.676012 0.194391 0.194430
v -0.676268 0.177995 0.192810
v -0.676268 0.194391 0.192810
v -0.676012 0.177995 0.191190
v -0.676012 0.194391 0.191190
v -0.675267 0.177995 0.189729
v -0.675267 0.194391 0.189729
v -0.674108 0.177995 0.188569
v -0.674108 0.194391 0.188569
v -0.672646 0.177995 0.187825
v -0.672646 0.194391 0.187825
v -0.671027 0.177995 0.187568
v -0.671027 0.194391 0.187568
v -0.669407 0.177995 0.187825
v -0.669407 0.194391 0.187825
v -0.667946 0.177995 0.188569
v -0.667946 0.194391 0.188569
v -0.666786 0.177995 0.189729
v -0.666786 0.194391 0.189729
v -0.666041 0.177995 0.191190
v -0.666041 0.194391 0.191190
v -0.665785 0.177995 0.192810
v -0.665785 0.194391 0.192810
v -0.666041 0.177995 0.194430
v -0.666041 0.194391 0.194430
v -0.666786 0.177995 0.195891
v -0.666786 0.194391 0.195891
v -0.667946 0.177995 0.197050
v -0.667946 0.194391 0.197050
v -0.669407 0.177995 0.197795
v -0.669407 0.194391 0.197795
v -0.670016 0.015102 0.195921
v -0.671027 0.015102 0.196081
v -0.670016 0.095607 0.195921
v -0.671027 0.095607 0.196081
v -0.672037 0.015102 0.195921
v -0.672037 0.095607 0.195921
v -0.672949 0.015102 0.195456
v -0.672949 0.095607 0.195456
v -0.673673 0.015102 0.194732
v -0.673673 0.095607 0.194732
v -0.674137 0.015102 0.193821
v -0.674137 0.095607 0.193821
v -0.674297 0.015102 0.192810
v -0.674297 0.095607 0.192810
v -0.674137 0.015102 0.191799
v -0.674137 0.095607 0.191799
v -0.673673 0.015102 0.190887
v -0.673673 0.095607 0.190887
v -0.672949 0.015102 0.190164
v -0.672949 0.095607 0.190164
v -0.672037 0.015102 0.189699
v -0.672037 0.095607 0.189699
v -0.671027 0.015102 0.189539
v -0.671027 0.095607 0.189539
v -0.670016 0.015102 0.189699
v -0.670016 0.095607 0.189699
v -0.669104 0.015102 0.190164
v -0.669104 0.095607 0.190164
v -0.668380 0.015102 0.190887
v -0.668380 0.095607 0.190887
v -0.667916 0.015102 0.191799
v -0.667916 0.095607 0.191799
v -0.667756 0.015102 0.192810
v -0.667756 0.095607 0.192810
v -0.667916 0.015102 0.193821
v -0.667916 0.095607 0.193821
v -0.668380 0.015102 0.194732
v -0.668380 0.095607 0.194732
v -0.669104 0.015102 0.195456
v -0.669104 0.095607 0.195456
v -0.669407 0.095607 0.197795
v -0.671027 0.095607 0.198052
v -0.669407 0.111019 0.197795
v -0.671027 0.111019 0.198052
v -0.672646 0.095607 0.197795
v -0.672646 0.111019 0.197795
v -0.674108 0.095607 0.197050
v -0.674108 0.111019 0.197050
v -0.675267 0.095607 0.195891
v -0.675267 0.111019 0.195891
v -0.676012 0.095607 0.194430
v -0.676012 0.111019 0.194430
v -0.676268 0.095607 0.192810
v -0.676268 0.111019 0.192810
v -0.676012 0.095607 0.191190
v -0.676012 0.111019 0.191190
v -0.675267 0.095607 0.189729
v -0.675267 0.111019 0.189729
v -0.674108 0.095607 0.188569
v -0.674108 0.111019 0.188569
v -0.672646 0.095607 0.187825
v -0.672646 0.111019 0.187825
v -0.671027 0.095607 0.187568
v -0.671027 0.111019 0.187568
v -0.669407 0.095607 0.187825
v -0.669407 0.111019 0.187825
v -0.667946 0.095607 0.188569
v -0.667946 0.111019 0.188569
v -0.666786 0.095607 0.189729
v -0.666786 0.111019 0.189729
v -0.666041 0.095607 0.191190
v -0.666041 0.111019 0.191190
v -0.665785 0.095607 0.192810
v -0.665785 0.111019 0.192810
v -0.666041 0.095607 0.194430
v -0.666041 0.111019 0.194430
v -0.666786 0.095607 0.195891
v -0.666786 0.111019 0.195891
v -0.667946 0.095607 0.197050
v -0.667946 0.111019 0.197050
v -0.671027 0.111019 0.196081
v -0.672037 0.111019 0.195921
v -0.671027 0.177995 0.196081
v -0.672037 0.177995 0.195921
v -0.672949 0.111019 0.195456
v -0.672949 0.177995 0.195456
v -0.673673 0.111019 0.194732
v -0.673673 0.177995 0.194732
v -0.674137 0.111019 0.193821
v -0.674137 0.177995 0.193821
v -0.674297 0.111019 0.192810
v -0.674297 0.177995 0.192810
v -0.674137 0.111019 0.191799
v -0.674137 0.177995 0.191799
v -0.673673 0.111019 0.190887
v -0.673673 0.177995 0.190887
v -0.672949 0.111019 0.190164
v -0.672949 0.177995 0.190164
v -0.672037 0.111019 0.189699
v -0.672037 0.177995 0.189699
v -0.671027 0.111019 0.189539
v -0.671027 0.177995 0.189539
v -0.670016 0.111019 0.189699
v -0.670016 0.177995 0.189699
v -0.669104 0.111019 0.190164
v -0.669104 0.177995 0.190164
v -0.668380 0.111019 0.190887
v -0.668380 0.177995 0.190887
v -0.667916 0.111019 0.191799
v -0.667916 0.177995 0.191799
v -0.667756 0.111019 0.192810
v -0.667756 0.177995 0.192810
v -0.667916 0.111019 0.193821
v -0.667916 0.177995 0.193821
v -0.668380 0.111019 0.194732
v -0.668380 0.177995 0.194732
v -0.669104 0.111019 0.195456
v -0.669104 0.177995 0.195456
v -0.670016 0.111019 0.195921
v -0.670016 0.177995 0.195921
v -0.669369 0.134514 0.193943
v -0.643382 0.134514 0.186584
v -0.643382 0.153979 0.186584
v -0.669369 0.153979 0.193943
v -0.669369 0.192911 0.193943
v -0.643382 0.192911 0.186584
v -0.643382 0.192911 0.185632
v -0.669369 0.192911 0.192990
v -0.669369 0.153979 0.192990
v -0.643382 0.153979 0.185632
v -0.643382 0.134514 0.185632
v -0.669369 0.134514 0.192990
v -0.383510 0.134514 0.192990
v -0.383510 0.134514 0.193943
v -0.383510 0.153979 0.192990
v -0.383510 0.153979 0.193943
v -0.409497 0.185357 0.195263
v -0.383510 0.192911 0.193943
v -0.383510 0.192911 0.192990
v -0.409497 0.185357 0.194311
v -0.409497 0.153979 0.194311
v -0.409497 0.134514 0.194311
v -0.409497 0.134514 0.195263
v -0.409497 0.153979 0.195263
v -0.435484 0.179926 0.187864
v -0.435484 0.179926 0.186912
v -0.435484 0.153979 0.186912
v -0.435484 0.134718 0.186912
v -0.435484 0.134718 0.187864
v -0.435484 0.153979 0.187864
v -0.461471 0.182568 0.193943
v -0.461471 0.182568 0.192990
v -0.461471 0.153979 0.192990
v -0.461471 0.150816 0.192990
v -0.461471 0.150816 0.193943
v -0.461471 0.153979 0.193943
v -0.487458 0.182568 0.193943
v -0.487458 0.182568 0.192990
v -0.487458 0.153979 0.192990
v -0.487458 0.134514 0.192990
v -0.487458 0.134514 0.193943
v -0.487458 0.153979 0.193943
v -0.513446 0.184442 0.197961
v -0.504045 0.173445 0.196507
v -0.504045 0.173445 0.195555
v -0.513446 0.184442 0.197009
v -0.513446 0.153979 0.197009
v -0.513446 0.134514 0.197009
v -0.504045 0.153979 0.195555
v -0.504045 0.134514 0.195555
v -0.513446 0.134514 0.197961
v -0.504045 0.134514 0.196507
v -0.513446 0.153979 0.197961
v -0.504045 0.153979 0.196507
v -0.539433 0.188219 0.203070
v -0.539433 0.188219 0.202118
v -0.539433 0.153979 0.202118
v -0.539433 0.144406 0.202118
v -0.539433 0.144406 0.203070
v -0.539433 0.153979 0.203070
v -0.565420 0.192911 0.193943
v -0.565420 0.192911 0.192990
v -0.565420 0.153979 0.192990
v -0.572540 0.147646 0.192990
v -0.572540 0.147646 0.193943
v -0.565420 0.153979 0.193943
v -0.591407 0.192911 0.193943
v -0.591407 0.192911 0.192990
v -0.591407 0.153979 0.192990
v -0.591407 0.138779 0.192990
v -0.591407 0.138779 0.193943
v -0.591407 0.153979 0.193943
v -0.617394 0.183771 0.187599
v -0.617394 0.183771 0.186647
v -0.617394 0.153979 0.186647
v -0.617394 0.134514 0.186647
v -0.617394 0.134514 0.187599
v -0.617394 0.153979 0.187599
v -0.669369 0.173445 0.193943
v -0.669369 0.173445 0.192990
v -0.643382 0.173445 0.185632
v -0.617394 0.173445 0.186647
v -0.591407 0.173445 0.192990
v -0.565420 0.173445 0.192990
v -0.539433 0.173445 0.202118
v -0.513446 0.173445 0.197009
v -0.504045 0.173445 0.195555
v -0.487458 0.173445 0.192990
v -0.461471 0.173445 0.192990
v -0.435484 0.173445 0.186912
v -0.409497 0.173445 0.194311
v -0.383510 0.173445 0.192990
v -0.383510 0.173445 0.193943
v -0.409497 0.173445 0.195263
v -0.435484 0.173445 0.187864
v -0.461471 0.173445 0.193943
v -0.487458 0.173445 0.193943
v -0.513446 0.173445 0.197961
v -0.504045 0.173445 0.196507
v -0.539433 0.173445 0.203070
v -0.565420 0.173445 0.193943
v -0.591407 0.173445 0.193943
v -0.617394 0.173445 0.187599
v -0.643382 0.173445 0.186584
v -0.492939 0.182963 0.194790
v -0.492939 0.182963 0.193838
v -0.492939 0.173445 0.193838
v -0.492939 0.153979 0.193838
v -0.492939 0.134514 0.193838
v -0.492939 0.134514 0.194790
v -0.492939 0.153979 0.194790
v -0.492939 0.173445 0.194790
v -0.383925 0.181372 0.191082
v -0.383890 0.181941 0.189962
v -0.383835 0.182828 0.189074
v -0.383765 0.183945 0.188504
v -0.383689 0.185183 0.188308
v -0.383612 0.186421 0.188504
v -0.383543 0.187538 0.189074
v -0.383488 0.188425 0.189962
v -0.383452 0.188994 0.191082
v -0.383440 0.189190 0.192322
v -0.383452 0.188994 0.193563
v -0.383488 0.188425 0.194682
v -0.383543 0.187538 0.195570
v -0.383612 0.186421 0.196140
v -0.383689 0.185183 0.196337
v -0.383765 0.183945 0.196140
v -0.383835 0.182828 0.195570
v -0.383890 0.181941 0.194682
v -0.383925 0.181372 0.193563
v -0.383937 0.181176 0.192322
v -0.351890 0.179386 0.191082
v -0.351855 0.179955 0.189962
v -0.351800 0.180841 0.189074
v -0.351731 0.181958 0.188504
v -0.351654 0.183196 0.188308
v -0.351577 0.184435 0.188504
v -0.351508 0.185552 0.189074
v -0.351453 0.186438 0.189962
v -0.351418 0.187007 0.191082
v -0.351405 0.187203 0.192322
v -0.351418 0.187007 0.193563
v -0.351453 0.186438 0.194682
v -0.351508 0.185552 0.195570
v -0.351577 0.184435 0.196140
v -0.351654 0.183196 0.196337
v -0.351731 0.181958 0.196140
v -0.351800 0.180841 0.195570
v -0.351855 0.179955 0.194682
v -0.351890 0.179386 0.193563
v -0.351903 0.179189 0.192322
v -0.383689 0.185183 0.192322
v -0.367854 0.182958 0.196140
v -0.367778 0.184196 0.196337
v -0.367701 0.185435 0.196140
v -0.367631 0.186552 0.195570
v -0.367577 0.187438 0.194682
v -0.367541 0.188007 0.193563
v -0.367529 0.188203 0.192322
v -0.367541 0.188007 0.191082
v -0.367577 0.187438 0.189962
v -0.367631 0.186552 0.189074
v -0.367701 0.185435 0.188504
v -0.367778 0.184196 0.188308
v -0.367854 0.182958 0.188504
v -0.367924 0.181841 0.189074
v -0.367979 0.180955 0.189962
v -0.368014 0.180386 0.191082
v -0.368026 0.180189 0.192322
v -0.368014 0.180386 0.193563
v -0.367979 0.180955 0.194682
v -0.367924 0.181841 0.195570
v -0.367885 0.182458 0.197682
v -0.367778 0.184196 0.197958
v -0.351762 0.181458 0.197682
v -0.351654 0.183196 0.197958
v -0.367670 0.185935 0.197682
v -0.351546 0.184935 0.197682
v -0.367572 0.187503 0.196881
v -0.351449 0.186503 0.196881
v -0.367495 0.188747 0.195635
v -0.351372 0.187747 0.195635
v -0.367446 0.189546 0.194064
v -0.351322 0.188546 0.194064
v -0.367429 0.189821 0.192322
v -0.351305 0.188821 0.192322
v -0.367446 0.189546 0.190581
v -0.351322 0.188546 0.190581
v -0.367495 0.188747 0.189010
v -0.351372 0.187747 0.189010
v -0.367572 0.187503 0.187763
v -0.351449 0.186503 0.187763
v -0.367670 0.185935 0.186963
v -0.351546 0.184935 0.186963
v -0.367778 0.184196 0.186687
v -0.351654 0.183196 0.186687
v -0.367885 0.182458 0.186963
v -0.351762 0.181458 0.186963
v -0.367983 0.180890 0.187763
v -0.351859 0.179890 0.187763
v -0.368060 0.179646 0.189010
v -0.351936 0.178646 0.189010
v -0.368109 0.178847 0.190581
v -0.351986 0.177847 0.190581
v -0.368126 0.178572 0.192322
v -0.352003 0.177572 0.192322
v -0.368109 0.178847 0.194064
v -0.351986 0.177847 0.194064
v -0.368060 0.179646 0.195635
v -0.351936 0.178646 0.195635
v -0.367983 0.180890 0.196881
v -0.351859 0.179890 0.196881
v -0.366262 0.180277 0.191082
v -0.366227 0.180846 0.189962
v -0.366026 0.184088 0.192322
v -0.366172 0.181733 0.189074
v -0.366103 0.182850 0.188504
v -0.366026 0.184088 0.188308
v -0.365949 0.185326 0.188504
v -0.365880 0.186443 0.189074
v -0.365825 0.187329 0.189962
v -0.365789 0.187899 0.191082
v -0.365777 0.188095 0.192322
v -0.365789 0.187899 0.193563
v -0.365825 0.187329 0.194682
v -0.365880 0.186443 0.195570
v -0.365949 0.185326 0.196140
v -0.366026 0.184088 0.196337
v -0.366103 0.182850 0.196140
v -0.366172 0.181733 0.195570
v -0.366227 0.180846 0.194682
v -0.366262 0.180277 0.193563
v -0.366274 0.180081 0.192322
v -0.383925 0.181372 0.191082
v -0.383890 0.181941 0.189962
v -0.367979 0.180955 0.189962
v -0.368014 0.180386 0.191082
v -0.383835 0.182828 0.189074
v -0.367924 0.181841 0.189074
v -0.383765 0.183945 0.188504
v -0.367854 0.182958 0.188504
v -0.383689 0.185183 0.188308
v -0.367778 0.184196 0.188308
v -0.383612 0.186421 0.188504
v -0.367701 0.185435 0.188504
v -0.383543 0.187538 0.189074
v -0.367631 0.186552 0.189074
v -0.383488 0.188425 0.189962
v -0.367577 0.187438 0.189962
v -0.383452 0.188994 0.191082
v -0.367541 0.188007 0.191082
v -0.383440 0.189190 0.192322
v -0.367529 0.188203 0.192322
v -0.383452 0.188994 0.193563
v -0.367541 0.188007 0.193563
v -0.383488 0.188425 0.194682
v -0.367577 0.187438 0.194682
v -0.383543 0.187538 0.195570
v -0.367631 0.186552 0.195570
v -0.383612 0.186421 0.196140
v -0.367701 0.185435 0.196140
v -0.383689 0.185183 0.196337
v -0.367778 0.184196 0.196337
v -0.383765 0.183945 0.196140
v -0.367854 0.182958 0.196140
v -0.383835 0.182828 0.195570
v -0.367924 0.181841 0.195570
v -0.383890 0.181941 0.194682
v -0.367979 0.180955 0.194682
v -0.383925 0.181372 0.193563
v -0.368014 0.180386 0.193563
v -0.383937 0.181176 0.192322
v -0.368026 0.180189 0.192322
v -0.383689 0.185183 0.192322
v -0.366262 0.180277 0.191082
v -0.366227 0.180846 0.189962
v -0.366026 0.184088 0.192322
v -0.366172 0.181733 0.189074
v -0.366103 0.182850 0.188504
v -0.366026 0.184088 0.188308
v -0.365949 0.185326 0.188504
v -0.365880 0.186443 0.189074
v -0.365825 0.187329 0.189962
v -0.365789 0.187899 0.191082
v -0.365777 0.188095 0.192322
v -0.365789 0.187899 0.193563
v -0.365825 0.187329 0.194682
v -0.365880 0.186443 0.195570
v -0.365949 0.185326 0.196140
v -0.366026 0.184088 0.196337
v -0.366103 0.182850 0.196140
v -0.366172 0.181733 0.195570
v -0.366227 0.180846 0.194682
v -0.366262 0.180277 0.193563
v -0.366274 0.180081 0.192322
v -0.367885 0.182458 0.197682
v -0.367778 0.184196 0.197958
v -0.351762 0.181458 0.197682
v -0.351654 0.183196 0.197958
v -0.367670 0.185935 0.197682
v -0.351546 0.184935 0.197682
v -0.367572 0.187503 0.196881
v -0.351449 0.186503 0.196881
v -0.367495 0.188747 0.195635
v -0.351372 0.187747 0.195635
v -0.367446 0.189546 0.194064
v -0.351322 0.188546 0.194064
v -0.367429 0.189821 0.192322
v -0.351305 0.188821 0.192322
v -0.367446 0.189546 0.190581
v -0.351322 0.188546 0.190581
v -0.367495 0.188747 0.189010
v -0.351372 0.187747 0.189010
v -0.367572 0.187503 0.187763
v -0.351449 0.186503 0.187763
v -0.367670 0.185935 0.186963
v -0.351546 0.184935 0.186963
v -0.367778 0.184196 0.186687
v -0.351654 0.183196 0.186687
v -0.367885 0.182458 0.186963
v -0.351762 0.181458 0.186963
v -0.367983 0.180890 0.187763
v -0.351859 0.179890 0.187763
v -0.368060 0.179646 0.189010
v -0.351936 0.178646 0.189010
v -0.368109 0.178847 0.190581
v -0.351986 0.177847 0.190581
v -0.368126 0.178572 0.192322
v -0.352003 0.177572 0.192322
v -0.368109 0.178847 0.194064
v -0.351986 0.177847 0.194064
v -0.368060 0.179646 0.195635
v -0.351936 0.178646 0.195635
v -0.367983 0.180890 0.196881
v -0.351859 0.179890 0.196881
v -0.351654 0.183196 0.196337
v -0.351731 0.181958 0.196140
v -0.351577 0.184435 0.196140
v -0.351508 0.185552 0.195570
v -0.351453 0.186438 0.194682
v -0.351418 0.187007 0.193563
v -0.351405 0.187203 0.192322
v -0.351418 0.187007 0.191082
v -0.351453 0.186438 0.189962
v -0.351508 0.185552 0.189074
v -0.351577 0.184435 0.188504
v -0.351654 0.183196 0.188308
v -0.351731 0.181958 0.188504
v -0.351800 0.180841 0.189074
v -0.351855 0.179955 0.189962
v -0.351890 0.179386 0.191082
v -0.351903 0.179189 0.192322
v -0.351890 0.179386 0.193563
v -0.351855 0.179955 0.194682
v -0.351800 0.180841 0.195570
vn 0.0589 -0.9492 -0.3090
vn 0.0501 -0.8075 -0.5878
vn 0.0364 -0.5867 -0.8090
vn 0.0191 -0.3084 -0.9511
vn -0.0000 -0.0000 -1.0000
vn -0.0191 0.3084 -0.9511
vn -0.0364 0.5867 -0.8090
vn -0.0501 0.8075 -0.5878
vn -0.0589 0.9492 -0.3090
vn -0.0619 0.9981 -0.0000
vn -0.0589 0.9492 0.3090
vn -0.0501 0.8075 0.5878
vn -0.0364 0.5867 0.8090
vn -0.0191 0.3084 0.9511
vn -0.0000 -0.0000 1.0000
vn 0.0191 -0.3084 0.9511
vn 0.0364 -0.5867 0.8090
vn 0.0501 -0.8075 0.5878
vn 0.0589 -0.9492 0.3090
vn 0.0619 -0.9981 -0.0000
vn 0.9981 0.0619 -0.0000
vn 0.9981 0.0618 -0.0000
vn -0.9981 -0.0619 -0.0000
vn -0.9981 -0.0620 -0.0000
vn -0.9981 -0.0618 -0.0000
vn -0.5726 -0.7593 -0.3090
vn -0.4871 -0.6459 -0.5878
vn -0.3539 -0.4693 -0.8090
vn -0.1861 -0.2467 -0.9511
vn 0.1861 0.2467 -0.9511
vn 0.3539 0.4693 -0.8090
vn 0.4871 0.6459 -0.5878
vn 0.5726 0.7593 -0.3090
vn 0.6021 0.7984 -0.0000
vn 0.5726 0.7593 0.3090
vn 0.4871 0.6459 0.5878
vn 0.3539 0.4693 0.8090
vn 0.1861 0.2467 0.9511
vn -0.1861 -0.2467 0.9511
vn -0.3539 -0.4693 0.8090
vn -0.4871 -0.6459 0.5878
vn -0.5726 -0.7593 0.3090
vn -0.6021 -0.7984 -0.0000
vn 0.7984 -0.6021 -0.0000
vn -0.7984 0.6021 -0.0000
vn -0.7984 0.6022 -0.0000
vn -0.9510 -0.0121 -0.3090
vn -0.8089 -0.0103 -0.5878
vn -0.5877 -0.0074 -0.8090
vn -0.3090 -0.0039 -0.9511
vn 0.3090 0.0039 -0.9511
vn 0.5877 0.0074 -0.8090
vn 0.8089 0.0103 -0.5878
vn 0.9510 0.0121 -0.3090
vn 0.9999 0.0127 -0.0000
vn 0.9510 0.0121 0.3090
vn 0.8090 0.0103 0.5878
vn 0.5877 0.0074 0.8090
vn 0.3090 0.0039 0.9511
vn -0.3090 -0.0039 0.9511
vn -0.5877 -0.0074 0.8090
vn -0.8090 -0.0103 0.5878
vn -0.9510 -0.0121 0.3090
vn -0.9999 -0.0127 -0.0000
vn 0.0127 -0.9999 -0.0000
vn -0.0127 0.9999 -0.0000
vn 0.8090 0.0103 -0.5878
vn -0.8089 -0.0103 0.5878
vn 0.9981 0.0620 -0.0000
vn 0.7984 -0.6022 -0.0000
vn 0.8089 0.0103 0.5878
vn -0.8090 -0.0103 -0.5878
vn 0.5726 -0.7593 -0.3090
vn 0.4871 -0.6459 -0.5878
vn 0.3539 -0.4693 -0.8090
vn 0.1861 -0.2467 -0.9511
vn -0.1861 0.2467 -0.9511
vn -0.3539 0.4693 -0.8090
vn -0.4871 0.6459 -0.5878
vn -0.5726 0.7593 -0.3090
vn -0.6021 0.7984 -0.0000
vn -0.5726 0.7593 0.3090
vn -0.4871 0.6459 0.5878
vn -0.3539 0.4693 0.8090
vn -0.1861 0.2467 0.9511
vn 0.1861 -0.2467 0.9511
vn 0.3539 -0.4693 0.8090
vn 0.4871 -0.6459 0.5878
vn 0.5726 -0.7593 0.3090
vn 0.6021 -0.7984 -0.0000
vn -0.7984 -0.6021 -0.0000
vn 0.7984 0.6021 -0.0000
vn 0.7985 0.6021 -0.0000
vn -0.7985 -0.6021 -0.0000
vn 0.9511 -0.0000 -0.3090
vn 0.8090 -0.0000 -0.5878
vn 0.5878 -0.0000 -0.8090
vn 0.3090 -0.0000 -0.9511
vn -0.3090 -0.0000 -0.9511
vn -0.5878 -0.0000 -0.8090
vn -0.8090 -0.0000 -0.5878
vn -0.9511 -0.0000 -0.3090
vn -1.0000 -0.0000 -0.0000
vn -0.9511 -0.0000 0.3090
vn -0.8090 -0.0000 0.5878
vn -0.5878 -0.0000 0.8090
vn -0.3090 -0.0000 0.9511
vn 0.3090 -0.0000 0.9511
vn 0.5878 -0.0000 0.8090
vn 0.8090 -0.0000 0.5878
vn 0.9511 -0.0000 0.3090
vn 1.0000 -0.0000 -0.0000
vn -0.0000 -1.0000 -0.0000
vn -0.0000 1.0000 -0.0000
vn 0.9510 -0.0121 -0.3090
vn 0.8089 -0.0103 -0.5878
vn 0.5877 -0.0075 -0.8090
vn 0.3090 -0.0039 -0.9511
vn -0.3090 0.0039 -0.9511
vn -0.5877 0.0074 -0.8090
vn -0.8090 0.0103 -0.5878
vn -0.9510 0.0121 -0.3090
vn -0.9999 0.0127 -0.0000
vn -0.9510 0.0121 0.3090
vn -0.8090 0.0103 0.5878
vn -0.5877 0.0074 0.8090
vn -0.3090 0.0039 0.9511
vn 0.3090 -0.0039 0.9511
vn 0.5877 -0.0074 0.8090
vn 0.8089 -0.0103 0.5878
vn 0.8090 -0.0103 0.5878
vn 0.9510 -0.0121 0.3090
vn 0.9999 -0.0127 -0.0000
vn -0.0127 -0.9999 -0.0000
vn 0.0127 0.9999 -0.0000
vn 0.5877 -0.0074 -0.8090
vn 0.8090 -0.0103 -0.5878
vn -0.8089 0.0103 0.5878
vn -0.5877 0.0075 0.8090
vn -0.8089 0.0103 -0.5878
vn 0.2724 -0.0000 0.9622
vn 0.1211 -0.0000 0.9926
vn 0.1616 0.9869 -0.0000
vn 0.1874 0.9823 -0.0000
vn -0.2724 -0.0000 -0.9622
vn -0.1211 -0.0000 -0.9926
vn -0.2454 0.9694 -0.0000
vn -0.2791 0.9603 -0.0000
vn -0.2399 0.9708 -0.0000
vn 0.1153 -0.0000 -0.9933
vn 0.1159 -0.0000 -0.9933
vn -0.0507 -0.0000 -0.9987
vn -0.0036 -1.0000 -0.0000
vn -0.0042 -1.0000 -0.0000
vn -0.1159 -0.0000 0.9933
vn -0.1153 -0.0000 0.9933
vn 0.0508 -0.0000 0.9987
vn -0.0555 0.9985 -0.0000
vn -0.0511 0.9987 -0.0000
vn 0.1413 -0.0000 -0.9900
vn 0.0557 -0.0000 -0.9984
vn -0.2933 -0.9560 -0.0000
vn -0.3073 -0.9516 -0.0000
vn -0.0557 -0.0000 0.9984
vn -0.1413 -0.0000 0.9900
vn 0.0467 0.9989 -0.0000
vn 0.0541 0.9985 -0.0000
vn -0.1151 -0.0000 -0.9934
vn -0.1160 -0.0000 -0.9933
vn 0.0454 -0.9990 -0.0000
vn -0.0327 -0.9995 -0.0000
vn 0.1160 -0.0000 0.9933
vn 0.1152 -0.0000 0.9933
vn 0.0135 0.9999 -0.0000
vn 0.0115 0.9999 -0.0000
vn -0.0557 -0.0000 -0.9984
vn -0.0326 -0.0000 -0.9995
vn 0.4539 -0.8911 -0.0000
vn 0.4662 -0.8847 -0.0000
vn 0.0326 -0.0000 0.9995
vn 0.0557 -0.0000 0.9984
vn 0.3575 0.9339 -0.0000
vn 0.1410 0.9900 -0.0000
vn 0.0034 1.0000 -0.0000
vn 0.4161 0.9093 -0.0000
vn -0.1776 -0.0000 -0.9841
vn -0.1813 -0.0000 -0.9834
vn -0.1528 -0.0000 -0.9883
vn -0.2825 -0.9593 -0.0000
vn -0.2541 -0.9672 -0.0000
vn 0.1812 -0.0000 0.9834
vn 0.1775 -0.0000 0.9841
vn 0.1528 -0.0000 0.9883
vn 0.1599 0.9871 -0.0000
vn 0.1614 0.9869 -0.0000
vn -0.0330 -0.0442 -0.9985
vn 0.0470 -0.0199 -0.9987
vn -0.2211 -0.9753 -0.0000
vn -0.2139 -0.9769 -0.0000
vn -0.0470 0.0199 0.9987
vn 0.0330 0.0442 0.9985
vn 0.0984 0.9951 -0.0000
vn 0.0792 0.9969 -0.0000
vn 0.0729 -0.0326 -0.9968
vn 0.1903 -0.0323 -0.9812
vn 0.0877 -0.9961 -0.0000
vn 0.1322 -0.9912 -0.0000
vn -0.1903 0.0323 0.9812
vn -0.0729 0.0326 0.9968
vn -0.1601 0.9871 -0.0000
vn -0.1844 0.9828 -0.0000
vn 0.1808 -0.0000 -0.9835
vn 0.1370 -0.0000 -0.9906
vn 0.2918 -0.9565 -0.0000
vn 0.2718 -0.9623 -0.0000
vn -0.1370 -0.0000 0.9906
vn -0.1808 -0.0000 0.9835
vn -0.0278 0.9996 -0.0000
vn 0.0313 0.9995 -0.0000
vn 0.1291 -0.0000 -0.9916
vn 0.1374 -0.0000 -0.9905
vn 0.0885 -0.9961 -0.0000
vn 0.0737 -0.9973 -0.0000
vn -0.1374 -0.0000 0.9905
vn -0.1292 -0.0000 0.9916
vn -0.1602 -0.0000 -0.9871
vn -0.1310 -0.0000 -0.9914
vn 0.1402 -0.0000 -0.9901
vn 0.1399 -0.0000 -0.9902
vn 0.1137 -0.0000 -0.9935
vn 0.0916 -0.0000 -0.9958
vn 0.1677 -0.0000 -0.9858
vn 0.1527 -0.0000 -0.9883
vn 0.0937 -0.0000 -0.9956
vn 0.1405 -0.0000 -0.9901
vn -0.1842 -0.0000 -0.9829
vn -0.1905 -0.0000 -0.9817
vn -0.1135 -0.0000 -0.9935
vn -0.0271 -0.0000 -0.9996
vn -0.0284 -0.0000 -0.9996
vn -0.1035 -0.0000 -0.9946
vn 0.0319 -0.0000 -0.9995
vn 0.0540 -0.0000 -0.9985
vn 0.0994 -0.0000 -0.9950
vn 0.0507 -0.0000 -0.9987
vn -0.0508 -0.0000 -0.9987
vn -0.0507 -0.0000 0.9987
vn -0.0994 -0.0000 0.9950
vn -0.0540 -0.0000 0.9985
vn -0.0319 -0.0000 0.9995
vn 0.1035 -0.0000 0.9946
vn 0.1134 -0.0000 0.9935
vn 0.0284 -0.0000 0.9996
vn 0.0271 -0.0000 0.9996
vn 0.1905 -0.0000 0.9817
vn 0.1842 -0.0000 0.9829
vn -0.1405 -0.0000 0.9901
vn -0.0937 -0.0000 0.9956
vn -0.1526 -0.0000 0.9883
vn -0.1681 -0.0000 0.9858
vn -0.0916 -0.0000 0.9958
vn -0.1137 -0.0000 0.9935
vn -0.1399 -0.0000 0.9902
vn -0.1401 -0.0000 0.9901
vn 0.1602 -0.0000 0.9871
vn 0.1310 -0.0000 0.9914
vn -0.5047 0.8633 -0.0000
vn -0.4572 0.8894 -0.0000
vn -0.0589 -0.9492 -0.3090
vn -0.0501 -0.8075 -0.5878
vn -0.0364 -0.5867 -0.8090
vn -0.0191 -0.3084 -0.9511
vn 0.0191 0.3084 -0.9511
vn 0.0364 0.5867 -0.8090
vn 0.0501 0.8075 -0.5878
vn 0.0589 0.9492 -0.3090
vn 0.0619 0.9981 -0.0000
vn 0.0589 0.9492 0.3090
vn 0.0501 0.8075 0.5878
vn 0.0364 0.5867 0.8090
vn 0.0191 0.3084 0.9511
vn -0.0191 -0.3084 0.9511
vn -0.0364 -0.5867 0.8090
vn -0.0501 -0.8075 0.5878
vn -0.0589 -0.9492 0.3090
vn -0.0619 -0.9981 -0.0000
vn -0.9981 0.0619 -0.0000
vn 0.9981 -0.0619 -0.0000
vt 0.351095 0.660163
vt 0.351095 0.708611
vt 0.347687 0.708719
vt 0.347687 0.660271
vt 0.344983 0.708887
vt 0.344983 0.660438
vt 0.510050 0.606764
vt 0.513055 0.655213
vt 0.509654 0.655424
vt 0.506649 0.606975
vt 0.505883 0.655658
vt 0.502878 0.607209
vt 0.502113 0.655891
vt 0.499108 0.607443
vt 0.498711 0.656102
vt 0.495707 0.607654
vt 0.544083 0.681096
vt 0.544083 0.729545
vt 0.541378 0.729712
vt 0.541378 0.681264
vt 0.537971 0.729820
vt 0.537971 0.681371
vt 0.534193 0.729857
vt 0.534193 0.681408
vt 0.530415 0.729820
vt 0.530415 0.681371
vt 0.527008 0.729712
vt 0.527008 0.681264
vt 0.524303 0.729545
vt 0.524303 0.681096
vt 0.473020 0.607654
vt 0.470015 0.656103
vt 0.466614 0.655892
vt 0.469619 0.607443
vt 0.462844 0.655658
vt 0.465848 0.607210
vt 0.459073 0.655424
vt 0.462078 0.606976
vt 0.455672 0.655213
vt 0.458677 0.606765
vt 0.364762 0.660438
vt 0.364762 0.708887
vt 0.362058 0.708719
vt 0.362058 0.660271
vt 0.358650 0.708611
vt 0.358650 0.660163
vt 0.354873 0.708575
vt 0.354873 0.660126
vt 0.126285 0.955255
vt 0.136156 0.962440
vt 0.124552 0.958663
vt 0.128984 0.952550
vt 0.132386 0.950814
vt 0.136156 0.950216
vt 0.139926 0.950814
vt 0.143328 0.952550
vt 0.146027 0.955255
vt 0.147760 0.958663
vt 0.148357 0.962440
vt 0.147760 0.966218
vt 0.146027 0.969626
vt 0.143328 0.972330
vt 0.139926 0.974067
vt 0.136156 0.974665
vt 0.132386 0.974067
vt 0.128984 0.972330
vt 0.126285 0.969626
vt 0.124552 0.966218
vt 0.123955 0.962440
vt 0.749856 0.970073
vt 0.761460 0.966295
vt 0.751589 0.973481
vt 0.754288 0.976185
vt 0.757689 0.977921
vt 0.761460 0.978520
vt 0.765230 0.977921
vt 0.768631 0.976185
vt 0.771331 0.973481
vt 0.773063 0.970073
vt 0.773661 0.966295
vt 0.773063 0.962518
vt 0.771331 0.959110
vt 0.768631 0.956405
vt 0.765230 0.954669
vt 0.761460 0.954071
vt 0.757689 0.954669
vt 0.754288 0.956405
vt 0.751589 0.959110
vt 0.749856 0.962518
vt 0.749258 0.966295
vt 0.829094 0.479577
vt 0.826049 0.528673
vt 0.820756 0.528345
vt 0.823801 0.479249
vt 0.834386 0.479906
vt 0.831341 0.529001
vt 0.839161 0.480202
vt 0.836116 0.529297
vt 0.505222 0.548935
vt 0.505222 0.598031
vt 0.501426 0.597796
vt 0.501426 0.548700
vt 0.510006 0.549086
vt 0.510006 0.598182
vt 0.515309 0.549138
vt 0.515309 0.598234
vt 0.520611 0.549086
vt 0.520611 0.598182
vt 0.525395 0.548935
vt 0.525395 0.598031
vt 0.529191 0.548700
vt 0.529191 0.597796
vt 0.860790 0.479906
vt 0.863835 0.529002
vt 0.859061 0.529298
vt 0.856016 0.480202
vt 0.866083 0.479578
vt 0.869128 0.528673
vt 0.871376 0.479250
vt 0.874421 0.528345
vt 0.876150 0.478953
vt 0.879195 0.528049
vt 0.469000 0.552716
vt 0.469000 0.601811
vt 0.465204 0.602046
vt 0.465204 0.552951
vt 0.473784 0.552565
vt 0.473784 0.601661
vt 0.479087 0.552513
vt 0.479087 0.601609
vt 0.484389 0.552565
vt 0.484389 0.601661
vt 0.489173 0.552716
vt 0.489173 0.601811
vt 0.492969 0.552951
vt 0.492969 0.602046
vt 0.815982 0.528049
vt 0.819027 0.478953
vt 0.122018 0.909918
vt 0.122018 0.914853
vt 0.116725 0.914013
vt 0.118247 0.909319
vt 0.158282 0.886067
vt 0.156760 0.881373
vt 0.162052 0.880533
vt 0.162052 0.885468
vt 0.125788 0.909319
vt 0.127310 0.914013
vt 0.167345 0.881373
vt 0.165823 0.886067
vt 0.129189 0.907583
vt 0.132085 0.911576
vt 0.172119 0.883810
vt 0.169224 0.887803
vt 0.131889 0.904879
vt 0.135874 0.907780
vt 0.175909 0.887607
vt 0.171923 0.890508
vt 0.133622 0.901471
vt 0.138306 0.902996
vt 0.178341 0.892390
vt 0.173656 0.893915
vt 0.134219 0.897693
vt 0.139145 0.897693
vt 0.179179 0.897693
vt 0.174254 0.897693
vt 0.133622 0.893916
vt 0.138306 0.892390
vt 0.178341 0.902996
vt 0.173656 0.901471
vt 0.131889 0.890508
vt 0.135874 0.887607
vt 0.175909 0.907779
vt 0.171923 0.904878
vt 0.129189 0.887803
vt 0.132085 0.883810
vt 0.172119 0.911576
vt 0.169224 0.907583
vt 0.125788 0.886067
vt 0.127310 0.881373
vt 0.167345 0.914013
vt 0.165823 0.909319
vt 0.122018 0.885469
vt 0.122018 0.880533
vt 0.162052 0.914853
vt 0.162052 0.909918
vt 0.118247 0.886067
vt 0.116725 0.881373
vt 0.156760 0.914013
vt 0.158282 0.909319
vt 0.114846 0.887803
vt 0.111951 0.883810
vt 0.151985 0.911576
vt 0.154881 0.907583
vt 0.112147 0.890508
vt 0.108162 0.887607
vt 0.148196 0.907779
vt 0.152181 0.904878
vt 0.110414 0.893916
vt 0.105729 0.892390
vt 0.145764 0.902996
vt 0.150448 0.901471
vt 0.109817 0.897693
vt 0.104891 0.897693
vt 0.144925 0.897693
vt 0.149851 0.897693
vt 0.110414 0.901471
vt 0.105729 0.902996
vt 0.145764 0.892390
vt 0.150448 0.893915
vt 0.112147 0.904879
vt 0.108162 0.907780
vt 0.148196 0.887607
vt 0.152181 0.890508
vt 0.114846 0.907583
vt 0.111951 0.911576
vt 0.151985 0.883810
vt 0.154881 0.887803
vt 0.536064 0.887785
vt 0.536064 0.844023
vt 0.539472 0.844131
vt 0.539472 0.887892
vt 0.542176 0.844298
vt 0.542176 0.888060
vt 0.381205 0.046911
vt 0.383919 0.003149
vt 0.387320 0.003360
vt 0.384606 0.047122
vt 0.391090 0.003594
vt 0.388376 0.047356
vt 0.394861 0.003828
vt 0.392146 0.047589
vt 0.398262 0.004039
vt 0.395548 0.047800
vt 0.495707 0.889550
vt 0.495707 0.845789
vt 0.498411 0.845956
vt 0.498411 0.889718
vt 0.501819 0.846064
vt 0.501819 0.889825
vt 0.505597 0.846101
vt 0.505597 0.889862
vt 0.509374 0.846064
vt 0.509374 0.889825
vt 0.512782 0.845956
vt 0.512782 0.889718
vt 0.515487 0.845789
vt 0.515487 0.889550
vt 0.458386 0.869464
vt 0.455672 0.825703
vt 0.459073 0.825492
vt 0.461787 0.869254
vt 0.462843 0.825258
vt 0.465558 0.869020
vt 0.466614 0.825024
vt 0.469328 0.868786
vt 0.470015 0.824814
vt 0.472729 0.868575
vt 0.522397 0.888060
vt 0.522397 0.844298
vt 0.525101 0.844131
vt 0.525101 0.887892
vt 0.528509 0.844023
vt 0.528509 0.887785
vt 0.532287 0.843986
vt 0.532287 0.887748
vt 0.297034 0.946086
vt 0.297034 0.975313
vt 0.293626 0.976699
vt 0.293626 0.947473
vt 0.752337 0.452174
vt 0.723111 0.490930
vt 0.720951 0.489302
vt 0.750178 0.450545
vt 0.718230 0.487250
vt 0.747457 0.448493
vt 0.715214 0.484976
vt 0.744441 0.446219
vt 0.712198 0.482701
vt 0.741425 0.443944
vt 0.709477 0.480649
vt 0.738704 0.441893
vt 0.707318 0.479021
vt 0.736545 0.440264
vt 0.560087 0.272188
vt 0.560087 0.301415
vt 0.556679 0.302801
vt 0.556679 0.273575
vt 0.552901 0.303279
vt 0.552901 0.274052
vt 0.549124 0.302801
vt 0.549124 0.273575
vt 0.545716 0.301415
vt 0.545716 0.272188
vt 0.561066 0.436452
vt 0.590293 0.475208
vt 0.588134 0.476837
vt 0.558907 0.438080
vt 0.585413 0.478889
vt 0.556186 0.440132
vt 0.582397 0.481163
vt 0.553170 0.442406
vt 0.579380 0.483438
vt 0.550154 0.444681
vt 0.576660 0.485489
vt 0.547433 0.446733
vt 0.574500 0.487118
vt 0.545274 0.448361
vt 0.307997 0.947473
vt 0.307997 0.976699
vt 0.304589 0.975313
vt 0.304589 0.946086
vt 0.300812 0.974835
vt 0.300812 0.945609
vt 0.300812 0.955369
vt 0.562791 0.258555
vt 0.552901 0.264292
vt 0.560087 0.256396
vt 0.564528 0.261276
vt 0.565126 0.264292
vt 0.564528 0.267308
vt 0.562791 0.270029
vt 0.543012 0.270029
vt 0.541275 0.267308
vt 0.540677 0.264292
vt 0.541275 0.261276
vt 0.543012 0.258555
vt 0.545716 0.256396
vt 0.505276 0.666007
vt 0.509054 0.675290
vt 0.501868 0.667393
vt 0.499164 0.669552
vt 0.497427 0.672273
vt 0.496829 0.675290
vt 0.497427 0.678306
vt 0.499164 0.681026
vt 0.501868 0.683186
vt 0.505276 0.684572
vt 0.509054 0.685050
vt 0.512831 0.684572
vt 0.516239 0.683186
vt 0.518944 0.681026
vt 0.520680 0.678306
vt 0.521278 0.675290
vt 0.520680 0.672273
vt 0.518944 0.669552
vt 0.516239 0.667393
vt 0.512831 0.666007
vt 0.509054 0.665529
vt 0.624989 0.389826
vt 0.654606 0.429100
vt 0.650372 0.432293
vt 0.620755 0.393018
vt 0.629223 0.386633
vt 0.658840 0.425907
vt 0.633042 0.383753
vt 0.662659 0.423027
vt 0.636073 0.381467
vt 0.665691 0.420741
vt 0.547599 0.306549
vt 0.547599 0.336166
vt 0.542815 0.334220
vt 0.542815 0.304603
vt 0.552901 0.307219
vt 0.552901 0.336836
vt 0.558204 0.306549
vt 0.558204 0.336166
vt 0.562988 0.304603
vt 0.562988 0.334220
vt 0.732341 0.383753
vt 0.702724 0.423027
vt 0.699692 0.420741
vt 0.729310 0.381467
vt 0.736160 0.386633
vt 0.706543 0.425907
vt 0.740394 0.389826
vt 0.710777 0.429100
vt 0.744628 0.393018
vt 0.715011 0.432293
vt 0.748447 0.395898
vt 0.718830 0.435173
vt 0.751478 0.398184
vt 0.721861 0.437459
vt 0.935149 0.423777
vt 0.935149 0.453394
vt 0.930365 0.455340
vt 0.930365 0.425723
vt 0.940451 0.423107
vt 0.940451 0.452724
vt 0.945754 0.423777
vt 0.945754 0.453394
vt 0.950538 0.425723
vt 0.950538 0.455340
vt 0.616936 0.395898
vt 0.646553 0.435173
vt 0.643522 0.437459
vt 0.613905 0.398184
vt 0.540677 0.293518
vt 0.535742 0.293518
vt 0.536581 0.289285
vt 0.541275 0.290502
vt 0.952077 0.463408
vt 0.956771 0.462191
vt 0.957611 0.466424
vt 0.952676 0.466424
vt 0.541275 0.296535
vt 0.536581 0.297752
vt 0.956771 0.470658
vt 0.952077 0.469441
vt 0.543012 0.299255
vt 0.539019 0.301572
vt 0.954334 0.474478
vt 0.950341 0.472161
vt 0.950538 0.477509
vt 0.947637 0.474321
vt 0.545716 0.331032
vt 0.549124 0.332418
vt 0.552901 0.332896
vt 0.556679 0.332418
vt 0.505276 0.710971
vt 0.503751 0.714719
vt 0.498967 0.712773
vt 0.501868 0.709585
vt 0.562791 0.299255
vt 0.566784 0.301572
vt 0.495171 0.709742
vt 0.499164 0.707426
vt 0.564528 0.296535
vt 0.569221 0.297752
vt 0.492734 0.705922
vt 0.497427 0.704705
vt 0.565126 0.293518
vt 0.570061 0.293518
vt 0.491894 0.701689
vt 0.496829 0.701689
vt 0.564528 0.290502
vt 0.569221 0.289285
vt 0.492734 0.697455
vt 0.497427 0.698673
vt 0.562791 0.287781
vt 0.566784 0.285465
vt 0.495171 0.693636
vt 0.499164 0.695952
vt 0.560087 0.285622
vt 0.562988 0.282434
vt 0.498967 0.690604
vt 0.501868 0.693792
vt 0.936674 0.427525
vt 0.933266 0.428911
vt 0.933266 0.458528
vt 0.936674 0.457142
vt 0.300812 0.970895
vt 0.295509 0.971565
vt 0.940451 0.456664
vt 0.306114 0.971565
vt 0.944229 0.457142
vt 0.947637 0.428911
vt 0.944229 0.427525
vt 0.947637 0.458528
vt 0.543012 0.287781
vt 0.539019 0.285465
vt 0.542815 0.282434
vt 0.545716 0.285622
vt 0.954334 0.458371
vt 0.950341 0.460687
vt 0.630587 0.974510
vt 0.630587 0.948111
vt 0.633995 0.949497
vt 0.633995 0.975897
vt 0.653649 0.827298
vt 0.627250 0.792291
vt 0.629409 0.790663
vt 0.655808 0.825670
vt 0.632130 0.788611
vt 0.658529 0.823618
vt 0.635146 0.786336
vt 0.661545 0.821344
vt 0.638162 0.784062
vt 0.664561 0.819069
vt 0.640883 0.782010
vt 0.667282 0.817017
vt 0.643042 0.780382
vt 0.669442 0.815389
vt 0.509054 0.711449
vt 0.512831 0.710971
vt 0.516239 0.709585
vt 0.863641 0.829306
vt 0.890041 0.794299
vt 0.892200 0.795927
vt 0.865801 0.830934
vt 0.894921 0.797979
vt 0.868522 0.832986
vt 0.897937 0.800253
vt 0.871538 0.835261
vt 0.900953 0.802528
vt 0.874554 0.837535
vt 0.903674 0.804580
vt 0.877275 0.839587
vt 0.905833 0.806208
vt 0.879434 0.841215
vt 0.619624 0.975897
vt 0.619624 0.949497
vt 0.623032 0.948111
vt 0.623032 0.974510
vt 0.626809 0.947633
vt 0.626809 0.974032
vt 0.701992 0.712398
vt 0.701992 0.760936
vt 0.698584 0.760958
vt 0.698584 0.712420
vt 0.695880 0.760992
vt 0.695880 0.712455
vt 0.425784 0.108465
vt 0.425169 0.059927
vt 0.428577 0.059884
vt 0.429192 0.108421
vt 0.432354 0.059836
vt 0.432969 0.108374
vt 0.436131 0.059788
vt 0.436747 0.108326
vt 0.439539 0.059745
vt 0.440154 0.108283
vt 0.740443 0.712391
vt 0.740443 0.760928
vt 0.737738 0.760963
vt 0.737738 0.712425
vt 0.734330 0.760985
vt 0.734330 0.712447
vt 0.730553 0.760992
vt 0.730553 0.712455
vt 0.726775 0.760985
vt 0.726775 0.712447
vt 0.723367 0.760963
vt 0.723367 0.712425
vt 0.720663 0.760928
vt 0.720663 0.712391
vt 0.398096 0.052301
vt 0.397481 0.100839
vt 0.394073 0.100796
vt 0.394688 0.052258
vt 0.390296 0.100748
vt 0.390911 0.052210
vt 0.386519 0.100700
vt 0.387134 0.052162
vt 0.383111 0.100657
vt 0.383726 0.052119
vt 0.715659 0.712455
vt 0.715659 0.760992
vt 0.712955 0.760958
vt 0.712955 0.712420
vt 0.709547 0.760936
vt 0.709547 0.712398
vt 0.705770 0.760928
vt 0.705770 0.712391
vt 0.034781 0.962921
vt 0.044671 0.970106
vt 0.033045 0.966329
vt 0.037486 0.960216
vt 0.040893 0.958480
vt 0.044671 0.957882
vt 0.048448 0.958480
vt 0.051855 0.960216
vt 0.054560 0.962921
vt 0.056296 0.966329
vt 0.056894 0.970106
vt 0.056296 0.973884
vt 0.054560 0.977292
vt 0.051855 0.979996
vt 0.048448 0.981733
vt 0.044671 0.982331
vt 0.040893 0.981733
vt 0.037486 0.979996
vt 0.034781 0.977292
vt 0.033045 0.973884
vt 0.032447 0.970106
vt 0.155056 0.973884
vt 0.166681 0.970107
vt 0.156792 0.977292
vt 0.159496 0.979997
vt 0.162904 0.981733
vt 0.166681 0.982331
vt 0.170458 0.981733
vt 0.173866 0.979997
vt 0.176570 0.977292
vt 0.178306 0.973884
vt 0.178905 0.970107
vt 0.178306 0.966329
vt 0.176570 0.962921
vt 0.173866 0.960217
vt 0.170458 0.958481
vt 0.166681 0.957882
vt 0.162904 0.958481
vt 0.159496 0.960217
vt 0.156792 0.962921
vt 0.155056 0.966329
vt 0.154457 0.970107
vt 0.544544 0.562733
vt 0.543921 0.611919
vt 0.538618 0.611852
vt 0.539242 0.562666
vt 0.549846 0.562801
vt 0.549223 0.611987
vt 0.554630 0.562861
vt 0.554006 0.612047
vt 0.610075 0.638672
vt 0.610075 0.687858
vt 0.606279 0.687810
vt 0.606279 0.638624
vt 0.614859 0.638703
vt 0.614859 0.687889
vt 0.620162 0.638714
vt 0.620162 0.687900
vt 0.625465 0.638703
vt 0.625465 0.687889
vt 0.630248 0.638672
vt 0.630248 0.687858
vt 0.634045 0.638624
vt 0.634045 0.687810
vt 0.635635 0.631238
vt 0.635012 0.582052
vt 0.639795 0.581991
vt 0.640419 0.631177
vt 0.630333 0.631305
vt 0.629710 0.582119
vt 0.625031 0.631372
vt 0.624407 0.582186
vt 0.620247 0.631433
vt 0.619624 0.582247
vt 0.772119 0.646216
vt 0.772119 0.695402
vt 0.768322 0.695450
vt 0.768322 0.646264
vt 0.776902 0.646185
vt 0.776902 0.695371
vt 0.782205 0.646174
vt 0.782205 0.695360
vt 0.787508 0.646185
vt 0.787508 0.695371
vt 0.792291 0.646216
vt 0.792291 0.695402
vt 0.796088 0.646264
vt 0.796088 0.695450
vt 0.533835 0.611791
vt 0.534458 0.562606
vt 0.259311 0.909917
vt 0.259311 0.914853
vt 0.254009 0.914013
vt 0.255534 0.909319
vt 0.295569 0.886255
vt 0.294044 0.881561
vt 0.299346 0.880721
vt 0.299346 0.885657
vt 0.263089 0.909319
vt 0.264614 0.914013
vt 0.304648 0.881561
vt 0.303123 0.886255
vt 0.266496 0.907583
vt 0.269397 0.911575
vt 0.309432 0.883999
vt 0.306531 0.887991
vt 0.269200 0.904878
vt 0.273193 0.907779
vt 0.313228 0.887795
vt 0.309235 0.890696
vt 0.270937 0.901470
vt 0.275630 0.902995
vt 0.315665 0.892579
vt 0.310971 0.894104
vt 0.271535 0.897693
vt 0.276470 0.897693
vt 0.316505 0.897881
vt 0.311570 0.897881
vt 0.270937 0.893915
vt 0.275630 0.892390
vt 0.315665 0.903184
vt 0.310971 0.901659
vt 0.269200 0.890507
vt 0.273193 0.887606
vt 0.313228 0.907968
vt 0.309235 0.905067
vt 0.266496 0.887803
vt 0.269397 0.883810
vt 0.309432 0.911764
vt 0.306531 0.907771
vt 0.263089 0.886066
vt 0.264614 0.881373
vt 0.304648 0.914201
vt 0.303123 0.909508
vt 0.259311 0.885468
vt 0.259311 0.880533
vt 0.299346 0.915041
vt 0.299346 0.910106
vt 0.255534 0.886066
vt 0.254009 0.881373
vt 0.294044 0.914201
vt 0.295569 0.909508
vt 0.252126 0.887803
vt 0.249226 0.883810
vt 0.289261 0.911764
vt 0.292161 0.907771
vt 0.249422 0.890507
vt 0.245430 0.887606
vt 0.285465 0.907968
vt 0.289457 0.905067
vt 0.247686 0.893915
vt 0.242993 0.892390
vt 0.283027 0.903184
vt 0.287721 0.901659
vt 0.247088 0.897693
vt 0.242153 0.897693
vt 0.282188 0.897881
vt 0.287123 0.897881
vt 0.247686 0.901470
vt 0.242993 0.902995
vt 0.283027 0.892579
vt 0.287721 0.894104
vt 0.249422 0.904878
vt 0.245430 0.907779
vt 0.285465 0.887795
vt 0.289457 0.890696
vt 0.252126 0.907583
vt 0.249226 0.911575
vt 0.289261 0.883999
vt 0.292161 0.887991
vt 0.802960 0.919608
vt 0.802960 0.875766
vt 0.806368 0.875788
vt 0.806368 0.919630
vt 0.809072 0.875822
vt 0.809072 0.919664
vt 0.547180 0.888983
vt 0.547736 0.845141
vt 0.551143 0.845184
vt 0.550588 0.889026
vt 0.554921 0.845232
vt 0.554365 0.889074
vt 0.558698 0.845280
vt 0.558142 0.889122
vt 0.562106 0.845323
vt 0.561550 0.889165
vt 0.184960 0.921591
vt 0.184960 0.877749
vt 0.187665 0.877784
vt 0.187665 0.921625
vt 0.191072 0.877806
vt 0.191072 0.921648
vt 0.194850 0.877813
vt 0.194850 0.921655
vt 0.198628 0.877806
vt 0.198628 0.921648
vt 0.202036 0.877784
vt 0.202036 0.921625
vt 0.204740 0.877749
vt 0.204740 0.921591
vt 0.782692 0.860394
vt 0.783248 0.904236
vt 0.779840 0.904279
vt 0.779284 0.860437
vt 0.776063 0.904327
vt 0.775507 0.860485
vt 0.772286 0.904375
vt 0.771730 0.860533
vt 0.768878 0.904418
vt 0.768322 0.860576
vt 0.789293 0.919664
vt 0.789293 0.875822
vt 0.791997 0.875788
vt 0.791997 0.919630
vt 0.795405 0.875766
vt 0.795405 0.919608
vt 0.799182 0.875758
vt 0.799182 0.919600
vt 0.684764 0.684946
vt 0.688172 0.685054
vt 0.688172 0.733502
vt 0.684764 0.733395
vt 0.690877 0.685221
vt 0.690877 0.733670
vt 0.519682 0.615747
vt 0.523084 0.615958
vt 0.520079 0.664407
vt 0.516677 0.664196
vt 0.526854 0.616192
vt 0.523849 0.664641
vt 0.530624 0.616426
vt 0.527620 0.664874
vt 0.534025 0.616637
vt 0.531021 0.665086
vt 0.890331 0.684911
vt 0.893035 0.685078
vt 0.893035 0.733526
vt 0.890331 0.733359
vt 0.896443 0.685186
vt 0.896443 0.733634
vt 0.900221 0.685223
vt 0.900221 0.733671
vt 0.903998 0.685186
vt 0.903998 0.733634
vt 0.907406 0.685078
vt 0.907406 0.733526
vt 0.910111 0.684911
vt 0.910111 0.733359
vt 0.537648 0.622356
vt 0.541049 0.622145
vt 0.544054 0.670594
vt 0.540653 0.670805
vt 0.544820 0.621911
vt 0.547824 0.670360
vt 0.548590 0.621677
vt 0.551595 0.670126
vt 0.551991 0.621467
vt 0.554996 0.669915
vt 0.671097 0.685221
vt 0.673801 0.685054
vt 0.673801 0.733502
vt 0.671097 0.733670
vt 0.677209 0.684946
vt 0.677209 0.733395
vt 0.680987 0.684909
vt 0.680987 0.733358
vt 0.835469 0.979011
vt 0.833736 0.975603
vt 0.845340 0.971825
vt 0.838169 0.981715
vt 0.841570 0.983452
vt 0.845340 0.984050
vt 0.849111 0.983452
vt 0.852512 0.981715
vt 0.855211 0.979011
vt 0.856944 0.975603
vt 0.857542 0.971825
vt 0.856944 0.968048
vt 0.855211 0.964640
vt 0.852512 0.961936
vt 0.849111 0.960199
vt 0.845340 0.959601
vt 0.841570 0.960199
vt 0.838169 0.961936
vt 0.835469 0.964640
vt 0.833736 0.968048
vt 0.833139 0.971825
vt 0.902366 0.971859
vt 0.904099 0.968452
vt 0.913970 0.975637
vt 0.906799 0.965747
vt 0.910200 0.964011
vt 0.913970 0.963412
vt 0.917741 0.964011
vt 0.921142 0.965747
vt 0.923841 0.968452
vt 0.925574 0.971859
vt 0.926171 0.975637
vt 0.925574 0.979415
vt 0.923841 0.982823
vt 0.921142 0.985527
vt 0.917741 0.987263
vt 0.913970 0.987862
vt 0.910200 0.987263
vt 0.906799 0.985527
vt 0.904099 0.982823
vt 0.902366 0.979415
vt 0.901769 0.975637
vt 0.957589 0.481483
vt 0.962882 0.481155
vt 0.965927 0.530250
vt 0.960634 0.530578
vt 0.952297 0.481811
vt 0.955342 0.530907
vt 0.947522 0.482107
vt 0.950567 0.531203
vt 0.925738 0.568560
vt 0.929534 0.568326
vt 0.929534 0.617421
vt 0.925738 0.617656
vt 0.920954 0.568711
vt 0.920954 0.617807
vt 0.915652 0.568763
vt 0.915652 0.617859
vt 0.910349 0.568711
vt 0.910349 0.617807
vt 0.905565 0.568560
vt 0.905565 0.617656
vt 0.901769 0.568326
vt 0.901769 0.617421
vt 0.666625 0.487530
vt 0.671399 0.487826
vt 0.668354 0.536922
vt 0.663580 0.536626
vt 0.661332 0.487202
vt 0.658287 0.536298
vt 0.656040 0.486874
vt 0.652995 0.535969
vt 0.651265 0.486578
vt 0.648220 0.535673
vt 0.611184 0.576153
vt 0.614980 0.576388
vt 0.614980 0.625484
vt 0.611184 0.625249
vt 0.606400 0.576002
vt 0.606400 0.625098
vt 0.601098 0.575950
vt 0.601098 0.625046
vt 0.595795 0.576002
vt 0.595795 0.625098
vt 0.591011 0.576153
vt 0.591011 0.625249
vt 0.587215 0.576388
vt 0.587215 0.625484
vt 0.967656 0.480859
vt 0.970701 0.529954
vt 0.339350 0.885657
vt 0.335579 0.886255
vt 0.334057 0.881561
vt 0.339350 0.880721
vt 0.375614 0.909467
vt 0.379384 0.910065
vt 0.379384 0.915001
vt 0.374092 0.914161
vt 0.343120 0.886255
vt 0.344642 0.881561
vt 0.383155 0.909467
vt 0.384677 0.914161
vt 0.346521 0.887991
vt 0.349416 0.883998
vt 0.386556 0.907731
vt 0.389451 0.911723
vt 0.349220 0.890696
vt 0.353205 0.887795
vt 0.389255 0.905026
vt 0.393240 0.907927
vt 0.350953 0.894104
vt 0.355638 0.892578
vt 0.390988 0.901618
vt 0.395673 0.903143
vt 0.351551 0.897881
vt 0.356476 0.897881
vt 0.391585 0.897841
vt 0.396511 0.897841
vt 0.350953 0.901659
vt 0.355638 0.903184
vt 0.390988 0.894063
vt 0.395673 0.892538
vt 0.349220 0.905067
vt 0.353205 0.907967
vt 0.389255 0.890655
vt 0.393240 0.887754
vt 0.346521 0.907771
vt 0.349416 0.911764
vt 0.386556 0.887951
vt 0.389451 0.883958
vt 0.343120 0.909507
vt 0.344642 0.914201
vt 0.383155 0.886214
vt 0.384677 0.881521
vt 0.339350 0.910106
vt 0.339350 0.915041
vt 0.379384 0.885616
vt 0.379384 0.880681
vt 0.335579 0.909507
vt 0.334057 0.914201
vt 0.375614 0.886214
vt 0.374092 0.881521
vt 0.332178 0.907771
vt 0.329282 0.911764
vt 0.372213 0.887951
vt 0.369317 0.883958
vt 0.329479 0.905067
vt 0.325493 0.907967
vt 0.369513 0.890655
vt 0.365528 0.887754
vt 0.327745 0.901659
vt 0.323061 0.903184
vt 0.367780 0.894063
vt 0.363095 0.892538
vt 0.327148 0.897881
vt 0.322222 0.897881
vt 0.367183 0.897841
vt 0.362257 0.897841
vt 0.327745 0.894104
vt 0.323061 0.892578
vt 0.367780 0.901618
vt 0.363096 0.903143
vt 0.329479 0.890696
vt 0.325493 0.887795
vt 0.369513 0.905026
vt 0.365528 0.907927
vt 0.332178 0.887991
vt 0.329282 0.883998
vt 0.372213 0.907731
vt 0.369317 0.911723
vt 0.572357 0.889588
vt 0.568949 0.889695
vt 0.568949 0.845934
vt 0.572357 0.845826
vt 0.566244 0.889863
vt 0.566244 0.846101
vt 0.362040 0.868576
vt 0.358639 0.868787
vt 0.355925 0.825025
vt 0.359326 0.824814
vt 0.354868 0.869021
vt 0.352154 0.825259
vt 0.351098 0.869254
vt 0.348384 0.825493
vt 0.347697 0.869465
vt 0.344983 0.825704
vt 0.894860 0.890909
vt 0.892155 0.891077
vt 0.892155 0.847315
vt 0.894859 0.847148
vt 0.888747 0.891184
vt 0.888747 0.847423
vt 0.884970 0.891221
vt 0.884970 0.847460
vt 0.881192 0.891184
vt 0.881192 0.847423
vt 0.877784 0.891077
vt 0.877784 0.847315
vt 0.875080 0.890909
vt 0.875080 0.847148
vt 0.820793 0.873279
vt 0.817392 0.873068
vt 0.820106 0.829307
vt 0.823507 0.829518
vt 0.813622 0.872835
vt 0.816336 0.829073
vt 0.809851 0.872601
vt 0.812565 0.828839
vt 0.806450 0.872390
vt 0.809164 0.828629
vt 0.586024 0.889863
vt 0.583320 0.889695
vt 0.583320 0.845934
vt 0.586024 0.846101
vt 0.579912 0.889588
vt 0.579912 0.845826
vt 0.576134 0.889551
vt 0.576134 0.845789
vt 0.586739 0.946205
vt 0.590147 0.947591
vt 0.590147 0.976818
vt 0.586739 0.975431
vt 0.650126 0.454080
vt 0.652286 0.452452
vt 0.681512 0.491208
vt 0.679353 0.492837
vt 0.655007 0.450400
vt 0.684233 0.489157
vt 0.658023 0.448125
vt 0.687249 0.486882
vt 0.661039 0.445851
vt 0.690266 0.484608
vt 0.663760 0.443799
vt 0.692986 0.482556
vt 0.665919 0.442171
vt 0.695146 0.480927
vt 0.888867 0.229727
vt 0.892275 0.231113
vt 0.892275 0.260340
vt 0.888867 0.258954
vt 0.896052 0.231591
vt 0.896052 0.260818
vt 0.899830 0.231113
vt 0.899830 0.260340
vt 0.903238 0.229727
vt 0.903238 0.258954
vt 0.810894 0.445983
vt 0.813053 0.447611
vt 0.783826 0.486368
vt 0.781667 0.484739
vt 0.815774 0.449663
vt 0.786547 0.488420
vt 0.818790 0.451937
vt 0.789563 0.490694
vt 0.821806 0.454212
vt 0.792579 0.492969
vt 0.824527 0.456264
vt 0.795300 0.495020
vt 0.826686 0.457892
vt 0.797460 0.496649
vt 0.575776 0.947591
vt 0.579184 0.946205
vt 0.579184 0.975431
vt 0.575776 0.976818
vt 0.582962 0.945727
vt 0.582962 0.974954
vt 0.888867 0.213934
vt 0.892275 0.212548
vt 0.896052 0.221831
vt 0.886162 0.216093
vt 0.884426 0.218814
vt 0.883828 0.221831
vt 0.884426 0.224847
vt 0.886162 0.227568
vt 0.905942 0.227568
vt 0.907679 0.224847
vt 0.908277 0.221831
vt 0.907679 0.218814
vt 0.905942 0.216093
vt 0.903238 0.213934
vt 0.582962 0.955488
vt 0.632494 0.817436
vt 0.635901 0.818823
vt 0.628716 0.826719
vt 0.638606 0.820982
vt 0.640342 0.823703
vt 0.640941 0.826719
vt 0.640342 0.829735
vt 0.638606 0.832456
vt 0.635901 0.834615
vt 0.632494 0.836002
vt 0.628716 0.836479
vt 0.624938 0.836002
vt 0.621530 0.834615
vt 0.111836 0.985024
vt 0.109132 0.982865
vt 0.119022 0.977128
vt 0.107395 0.980144
vt 0.106797 0.977128
vt 0.107395 0.974112
vt 0.109132 0.971391
vt 0.111836 0.969231
vt 0.115244 0.967845
vt 0.624938 0.817436
vt 0.628716 0.816958
vt 0.778521 0.399357
vt 0.782755 0.402550
vt 0.753138 0.441824
vt 0.748904 0.438631
vt 0.774288 0.396164
vt 0.744671 0.435439
vt 0.770468 0.393284
vt 0.740851 0.432559
vt 0.767437 0.390998
vt 0.737820 0.430273
vt 0.901355 0.264088
vt 0.906139 0.262141
vt 0.906139 0.291759
vt 0.901355 0.293705
vt 0.896052 0.264758
vt 0.896052 0.294375
vt 0.890750 0.264088
vt 0.890750 0.293705
vt 0.885966 0.262141
vt 0.885966 0.291759
vt 0.518657 0.399004
vt 0.521688 0.396718
vt 0.551305 0.435993
vt 0.548274 0.438278
vt 0.514838 0.401884
vt 0.544455 0.441158
vt 0.510604 0.405077
vt 0.540221 0.444351
vt 0.506370 0.408269
vt 0.535987 0.447544
vt 0.502551 0.411150
vt 0.532168 0.450424
vt 0.499520 0.413435
vt 0.529137 0.452710
vt 0.855602 0.421872
vt 0.860385 0.423818
vt 0.860385 0.453435
vt 0.855602 0.451489
vt 0.850299 0.421201
vt 0.850299 0.450818
vt 0.844996 0.421872
vt 0.844996 0.451489
vt 0.840213 0.423818
vt 0.840213 0.453435
vt 0.786575 0.405430
vt 0.789606 0.407716
vt 0.759989 0.446990
vt 0.756958 0.444705
vt 0.908277 0.251057
vt 0.907679 0.248041
vt 0.912372 0.246823
vt 0.913212 0.251057
vt 0.838673 0.461503
vt 0.838075 0.464519
vt 0.833139 0.464519
vt 0.833979 0.460285
vt 0.907679 0.254073
vt 0.912372 0.255291
vt 0.838673 0.467535
vt 0.833979 0.468753
vt 0.905942 0.256794
vt 0.909935 0.259110
vt 0.840409 0.470256
vt 0.836416 0.472572
vt 0.843114 0.472416
vt 0.840213 0.475604
vt 0.903238 0.288571
vt 0.899830 0.289957
vt 0.896052 0.290435
vt 0.892275 0.289957
vt 0.888867 0.288571
vt 0.886162 0.256794
vt 0.882170 0.259110
vt 0.857485 0.472416
vt 0.860189 0.470256
vt 0.864182 0.472572
vt 0.860385 0.475604
vt 0.884426 0.254073
vt 0.879732 0.255291
vt 0.861925 0.467535
vt 0.866619 0.468753
vt 0.883828 0.251057
vt 0.878892 0.251057
vt 0.862524 0.464519
vt 0.867459 0.464519
vt 0.884426 0.248041
vt 0.879732 0.246823
vt 0.861925 0.461503
vt 0.866619 0.460285
vt 0.886162 0.245320
vt 0.882170 0.243004
vt 0.860189 0.458782
vt 0.864182 0.456466
vt 0.888867 0.243161
vt 0.885966 0.239973
vt 0.857485 0.456623
vt 0.348730 0.111811
vt 0.350116 0.115219
vt 0.346929 0.118120
vt 0.344983 0.113336
vt 0.854077 0.455236
vt 0.588265 0.971684
vt 0.582962 0.971013
vt 0.850299 0.454759
vt 0.846521 0.425619
vt 0.850299 0.425142
vt 0.846521 0.455236
vt 0.843114 0.427006
vt 0.843114 0.456623
vt 0.905942 0.245320
vt 0.903238 0.243161
vt 0.906139 0.239973
vt 0.909935 0.243004
vt 0.840409 0.458782
vt 0.836416 0.456466
vt 0.348390 0.185255
vt 0.344983 0.186641
vt 0.344983 0.160242
vt 0.348390 0.158855
vt 0.909936 0.848169
vt 0.907777 0.846541
vt 0.934176 0.811534
vt 0.936335 0.813162
vt 0.905056 0.844489
vt 0.931455 0.809482
vt 0.902040 0.842215
vt 0.928439 0.807207
vt 0.899024 0.839940
vt 0.925423 0.804933
vt 0.896303 0.837888
vt 0.922702 0.802881
vt 0.894144 0.836260
vt 0.920543 0.801253
vt 0.635901 0.861014
vt 0.632494 0.862401
vt 0.628716 0.862878
vt 0.624938 0.862401
vt 0.621530 0.861014
vt 0.616062 0.836261
vt 0.613902 0.837889
vt 0.587503 0.802882
vt 0.589663 0.801253
vt 0.611181 0.839941
vt 0.584782 0.804934
vt 0.608165 0.842215
vt 0.581766 0.807208
vt 0.605149 0.844490
vt 0.578750 0.809482
vt 0.602428 0.846542
vt 0.576029 0.811534
vt 0.600269 0.848170
vt 0.573870 0.813163
vt 0.621530 0.845222
vt 0.624938 0.843835
vt 0.621530 0.818823
vt 0.628716 0.843358
vt 0.352168 0.184777
vt 0.352168 0.158378
vt 0.469339 0.716221
vt 0.472747 0.716244
vt 0.472747 0.764781
vt 0.469339 0.764759
vt 0.475452 0.716278
vt 0.475452 0.764815
vt 0.425784 0.004459
vt 0.429192 0.004502
vt 0.428577 0.053040
vt 0.425169 0.052997
vt 0.432969 0.004550
vt 0.432354 0.053088
vt 0.436747 0.004598
vt 0.436131 0.053136
vt 0.440154 0.004641
vt 0.439539 0.053179
vt 0.344983 0.716214
vt 0.347687 0.716249
vt 0.347687 0.764786
vt 0.344983 0.764752
vt 0.351095 0.716271
vt 0.351095 0.764808
vt 0.354873 0.716278
vt 0.354873 0.764816
vt 0.358650 0.716271
vt 0.358650 0.764808
vt 0.362058 0.716249
vt 0.362058 0.764786
vt 0.364763 0.716214
vt 0.364763 0.764752
vt 0.762337 0.707445
vt 0.758929 0.707488
vt 0.758314 0.658951
vt 0.761722 0.658908
vt 0.755152 0.707536
vt 0.754537 0.658999
vt 0.751375 0.707584
vt 0.750760 0.659047
vt 0.747967 0.707627
vt 0.747352 0.659090
vt 0.455672 0.716278
vt 0.458376 0.716244
vt 0.458376 0.764781
vt 0.455672 0.764815
vt 0.461784 0.716221
vt 0.461784 0.764759
vt 0.465562 0.716214
vt 0.465562 0.764752
vt 0.641023 0.980917
vt 0.639286 0.977509
vt 0.650912 0.973731
vt 0.643727 0.983621
vt 0.647135 0.985357
vt 0.650912 0.985956
vt 0.654689 0.985357
vt 0.658097 0.983621
vt 0.660801 0.980917
vt 0.662537 0.977509
vt 0.663135 0.973731
vt 0.662537 0.969953
vt 0.660801 0.966546
vt 0.658097 0.963841
vt 0.654689 0.962105
vt 0.650912 0.961506
vt 0.647135 0.962105
vt 0.643727 0.963841
vt 0.641023 0.966546
vt 0.639286 0.969953
vt 0.638688 0.973731
vt 0.076893 0.971860
vt 0.078629 0.968452
vt 0.088518 0.975637
vt 0.081333 0.965747
vt 0.084741 0.964011
vt 0.088518 0.963413
vt 0.092295 0.964011
vt 0.095703 0.965747
vt 0.098407 0.968452
vt 0.100143 0.971860
vt 0.100742 0.975637
vt 0.100143 0.979415
vt 0.098407 0.982823
vt 0.095703 0.985527
vt 0.092295 0.987264
vt 0.088518 0.987862
vt 0.084741 0.987264
vt 0.081333 0.985527
vt 0.078629 0.982823
vt 0.076893 0.979415
vt 0.076295 0.975637
vt 0.946793 0.644650
vt 0.941491 0.644717
vt 0.940867 0.595531
vt 0.946170 0.595464
vt 0.952095 0.644583
vt 0.951472 0.595397
vt 0.956879 0.644522
vt 0.956255 0.595336
vt 0.845670 0.646222
vt 0.849466 0.646174
vt 0.849466 0.695360
vt 0.845670 0.695408
vt 0.840886 0.646253
vt 0.840886 0.695439
vt 0.835584 0.646264
vt 0.835584 0.695450
vt 0.830281 0.646253
vt 0.830281 0.695439
vt 0.825497 0.646222
vt 0.825497 0.695408
vt 0.821701 0.646174
vt 0.821701 0.695360
vt 0.574630 0.599344
vt 0.579413 0.599405
vt 0.578790 0.648591
vt 0.574006 0.648530
vt 0.569328 0.599277
vt 0.568704 0.648463
vt 0.564025 0.599210
vt 0.563402 0.648396
vt 0.559242 0.599149
vt 0.558619 0.648335
vt 0.879985 0.648122
vt 0.883781 0.648170
vt 0.883781 0.697356
vt 0.879985 0.697308
vt 0.875201 0.648091
vt 0.875201 0.697277
vt 0.869899 0.648081
vt 0.869899 0.697267
vt 0.864596 0.648091
vt 0.864596 0.697277
vt 0.859812 0.648122
vt 0.859812 0.697308
vt 0.856016 0.648170
vt 0.856016 0.697356
vt 0.936707 0.644778
vt 0.936084 0.595592
vt 0.533836 0.899510
vt 0.530059 0.900109
vt 0.528534 0.895415
vt 0.533836 0.894575
vt 0.570093 0.925949
vt 0.573871 0.926547
vt 0.573871 0.931483
vt 0.568568 0.930643
vt 0.537613 0.900109
vt 0.539138 0.895415
vt 0.577648 0.925949
vt 0.579173 0.930643
vt 0.541021 0.901845
vt 0.543921 0.897852
vt 0.581056 0.924213
vt 0.583956 0.928205
vt 0.543725 0.904549
vt 0.547717 0.901649
vt 0.583760 0.921508
vt 0.587752 0.924409
vt 0.545461 0.907957
vt 0.550155 0.906432
vt 0.585496 0.918100
vt 0.590189 0.919625
vt 0.546059 0.911735
vt 0.550994 0.911735
vt 0.586094 0.914323
vt 0.591029 0.914323
vt 0.545461 0.915512
vt 0.550155 0.917037
vt 0.585496 0.910545
vt 0.590189 0.909020
vt 0.543725 0.918920
vt 0.547717 0.921821
vt 0.583760 0.907137
vt 0.587752 0.904236
vt 0.541021 0.921625
vt 0.543921 0.925617
vt 0.581056 0.904433
vt 0.583956 0.900440
vt 0.537613 0.923361
vt 0.539138 0.928055
vt 0.577648 0.902696
vt 0.579173 0.898003
vt 0.533836 0.923959
vt 0.533836 0.928895
vt 0.573871 0.902098
vt 0.573871 0.897163
vt 0.530059 0.923361
vt 0.528534 0.928055
vt 0.570093 0.902696
vt 0.568568 0.898003
vt 0.526651 0.921625
vt 0.523750 0.925617
vt 0.566686 0.904433
vt 0.563785 0.900440
vt 0.523947 0.918920
vt 0.519954 0.921821
vt 0.563982 0.907137
vt 0.559989 0.904236
vt 0.522211 0.915512
vt 0.517517 0.917037
vt 0.562245 0.910545
vt 0.557552 0.909020
vt 0.521612 0.911735
vt 0.516677 0.911735
vt 0.561647 0.914323
vt 0.556712 0.914323
vt 0.522211 0.907957
vt 0.517517 0.906432
vt 0.562245 0.918100
vt 0.557552 0.919625
vt 0.523947 0.904549
vt 0.519954 0.901649
vt 0.563982 0.921508
vt 0.559989 0.924409
vt 0.526651 0.901845
vt 0.523750 0.897852
vt 0.566686 0.924213
vt 0.563785 0.928205
vt 0.461784 0.921598
vt 0.458376 0.921620
vt 0.458376 0.877779
vt 0.461784 0.877756
vt 0.455672 0.921655
vt 0.455672 0.877813
vt 0.223089 0.860574
vt 0.226496 0.860531
vt 0.227052 0.904373
vt 0.223644 0.904416
vt 0.230273 0.860483
vt 0.230829 0.904325
vt 0.234051 0.860435
vt 0.234606 0.904277
vt 0.237458 0.860392
vt 0.238014 0.904234
vt 0.835762 0.920644
vt 0.833057 0.920678
vt 0.833057 0.876837
vt 0.835762 0.876802
vt 0.829649 0.920701
vt 0.829649 0.876859
vt 0.825872 0.920708
vt 0.825872 0.876866
vt 0.822094 0.920701
vt 0.822094 0.876859
vt 0.818686 0.920678
vt 0.818686 0.876837
vt 0.815982 0.920644
vt 0.815982 0.876802
vt 0.729313 0.904417
vt 0.725906 0.904374
vt 0.726461 0.860532
vt 0.729869 0.860575
vt 0.722128 0.904326
vt 0.722684 0.860484
vt 0.718351 0.904278
vt 0.718907 0.860436
vt 0.714944 0.904235
vt 0.715499 0.860393
vt 0.475452 0.921655
vt 0.472747 0.921620
vt 0.472747 0.877779
vt 0.475452 0.877813
vt 0.469339 0.921598
vt 0.469339 0.877756
vt 0.465562 0.921591
vt 0.465562 0.877749
vt 0.420881 0.948110
vt 0.424289 0.949497
vt 0.424289 0.978723
vt 0.420881 0.977337
vt 0.567416 0.491009
vt 0.565257 0.492638
vt 0.536030 0.453881
vt 0.538189 0.452252
vt 0.562536 0.494689
vt 0.533309 0.455933
vt 0.559520 0.496964
vt 0.530293 0.458207
vt 0.556503 0.499238
vt 0.527277 0.460482
vt 0.553783 0.501290
vt 0.524556 0.462534
vt 0.551623 0.502918
vt 0.522397 0.464162
vt 0.505681 0.271668
vt 0.509089 0.273055
vt 0.509089 0.302281
vt 0.505681 0.300895
vt 0.512867 0.273532
vt 0.512867 0.302759
vt 0.516644 0.273055
vt 0.516644 0.302281
vt 0.520052 0.271668
vt 0.520052 0.300895
vt 0.908030 0.508639
vt 0.905870 0.507010
vt 0.935097 0.468254
vt 0.937256 0.469882
vt 0.903150 0.504959
vt 0.932376 0.466202
vt 0.900133 0.502684
vt 0.929360 0.463927
vt 0.897117 0.500410
vt 0.926344 0.461653
vt 0.894396 0.498358
vt 0.923623 0.459601
vt 0.892237 0.496729
vt 0.921464 0.457973
vt 0.409918 0.949497
vt 0.413326 0.948110
vt 0.413326 0.977337
vt 0.409918 0.978723
vt 0.417103 0.947633
vt 0.417103 0.976859
vt 0.505681 0.255876
vt 0.509089 0.254489
vt 0.512867 0.263772
vt 0.502977 0.258035
vt 0.501240 0.260756
vt 0.500642 0.263772
vt 0.501240 0.266788
vt 0.502977 0.269509
vt 0.522756 0.269509
vt 0.524493 0.266788
vt 0.525091 0.263772
vt 0.524493 0.260756
vt 0.522756 0.258035
vt 0.520052 0.255876
vt 0.417103 0.957393
vt 0.680153 0.821478
vt 0.683561 0.822865
vt 0.676376 0.830761
vt 0.686266 0.825024
vt 0.688002 0.827745
vt 0.688600 0.830761
vt 0.688002 0.833777
vt 0.686266 0.836498
vt 0.683561 0.838657
vt 0.680153 0.840044
vt 0.676376 0.840522
vt 0.672598 0.840044
vt 0.669190 0.838657
vt 0.064176 0.986877
vt 0.061471 0.984717
vt 0.071361 0.978980
vt 0.059735 0.981996
vt 0.059137 0.978980
vt 0.059735 0.975964
vt 0.061471 0.973243
vt 0.064176 0.971084
vt 0.067584 0.969697
vt 0.672598 0.821478
vt 0.676376 0.821001
vt 0.583048 0.451977
vt 0.578814 0.448785
vt 0.608431 0.409510
vt 0.612665 0.412703
vt 0.587282 0.455170
vt 0.616899 0.415896
vt 0.591101 0.458050
vt 0.620718 0.418776
vt 0.594132 0.460336
vt 0.623749 0.421062
vt 0.518169 0.306029
vt 0.522953 0.304083
vt 0.522953 0.333700
vt 0.518169 0.335646
vt 0.512867 0.306699
vt 0.512867 0.336316
vt 0.507564 0.306029
vt 0.507564 0.335646
vt 0.502780 0.304083
vt 0.502780 0.333700
vt 0.902009 0.463770
vt 0.898978 0.466056
vt 0.869361 0.426781
vt 0.872392 0.424496
vt 0.905828 0.460890
vt 0.876211 0.421615
vt 0.910062 0.457697
vt 0.880445 0.418423
vt 0.914296 0.454504
vt 0.884679 0.415230
vt 0.918115 0.451624
vt 0.888498 0.412350
vt 0.921146 0.449338
vt 0.891529 0.410064
vt 0.504824 0.435216
vt 0.509608 0.437162
vt 0.509608 0.466779
vt 0.504824 0.464833
vt 0.499522 0.434546
vt 0.499522 0.464163
vt 0.494219 0.435216
vt 0.494219 0.464833
vt 0.489435 0.437162
vt 0.489435 0.466779
vt 0.574995 0.445905
vt 0.571964 0.443619
vt 0.601581 0.404344
vt 0.604612 0.406630
vt 0.525091 0.292998
vt 0.524493 0.289982
vt 0.529187 0.288765
vt 0.530026 0.292998
vt 0.487895 0.474848
vt 0.487297 0.477864
vt 0.482362 0.477864
vt 0.483202 0.473630
vt 0.524493 0.296015
vt 0.529187 0.297232
vt 0.487895 0.480880
vt 0.483202 0.482097
vt 0.522756 0.298735
vt 0.526749 0.301052
vt 0.489632 0.483601
vt 0.485639 0.485917
vt 0.492336 0.485760
vt 0.489435 0.488948
vt 0.520052 0.330512
vt 0.516644 0.331898
vt 0.512867 0.332376
vt 0.509089 0.331898
vt 0.505681 0.330512
vt 0.502977 0.298735
vt 0.498984 0.301052
vt 0.506707 0.485760
vt 0.509412 0.483601
vt 0.513404 0.485917
vt 0.509608 0.488948
vt 0.501240 0.296015
vt 0.496547 0.297232
vt 0.511148 0.480880
vt 0.515842 0.482097
vt 0.500642 0.292998
vt 0.495707 0.292998
vt 0.511746 0.477864
vt 0.516682 0.477864
vt 0.501240 0.289982
vt 0.496547 0.288765
vt 0.511148 0.474848
vt 0.515842 0.473630
vt 0.502977 0.287261
vt 0.498984 0.284945
vt 0.509412 0.472126
vt 0.513404 0.469810
vt 0.505681 0.285102
vt 0.502780 0.281914
vt 0.506707 0.469967
vt 0.348730 0.100373
vt 0.350117 0.103781
vt 0.346929 0.106682
vt 0.344983 0.101898
vt 0.503299 0.468581
vt 0.422406 0.973589
vt 0.417103 0.972919
vt 0.499522 0.468103
vt 0.495744 0.438964
vt 0.499522 0.438486
vt 0.495744 0.468581
vt 0.492336 0.440350
vt 0.492336 0.469967
vt 0.522756 0.287261
vt 0.520052 0.285102
vt 0.522953 0.281914
vt 0.526749 0.284945
vt 0.489632 0.472126
vt 0.485639 0.469810
vt 0.348390 0.150258
vt 0.344983 0.151644
vt 0.344983 0.125245
vt 0.348390 0.123859
vt 0.735623 0.807661
vt 0.737783 0.809289
vt 0.711384 0.844296
vt 0.709224 0.842668
vt 0.740504 0.811341
vt 0.714104 0.846348
vt 0.743520 0.813615
vt 0.717121 0.848623
vt 0.746536 0.815890
vt 0.720137 0.850897
vt 0.749257 0.817942
vt 0.722858 0.852949
vt 0.751416 0.819570
vt 0.725017 0.854577
vt 0.683561 0.865057
vt 0.680153 0.866443
vt 0.676376 0.866921
vt 0.672598 0.866443
vt 0.669190 0.865057
vt 0.760697 0.819572
vt 0.762856 0.817943
vt 0.789255 0.852951
vt 0.787096 0.854579
vt 0.765577 0.815892
vt 0.791976 0.850899
vt 0.768593 0.813617
vt 0.794992 0.848624
vt 0.771609 0.811343
vt 0.798008 0.846350
vt 0.774330 0.809291
vt 0.800729 0.844298
vt 0.776489 0.807662
vt 0.802888 0.842670
vt 0.669190 0.849264
vt 0.672598 0.847878
vt 0.669190 0.822865
vt 0.676376 0.847400
vt 0.352168 0.149780
vt 0.352168 0.123381
vt 0.937585 0.950016
vt 0.937585 0.979243
vt 0.934178 0.980629
vt 0.934178 0.951403
vt 0.720663 0.504363
vt 0.749889 0.465607
vt 0.752048 0.467235
vt 0.722822 0.505992
vt 0.754769 0.469287
vt 0.725543 0.508044
vt 0.757786 0.471562
vt 0.728559 0.510318
vt 0.760802 0.473836
vt 0.731575 0.512593
vt 0.763523 0.475888
vt 0.734296 0.514645
vt 0.765682 0.477516
vt 0.736455 0.516273
vt 0.600122 0.272188
vt 0.600122 0.301415
vt 0.596714 0.302801
vt 0.596714 0.273575
vt 0.592936 0.303279
vt 0.592936 0.274052
vt 0.589159 0.302801
vt 0.589159 0.273575
vt 0.585751 0.301415
vt 0.585751 0.272188
vt 0.622161 0.520086
vt 0.592934 0.481330
vt 0.595094 0.479701
vt 0.624320 0.518458
vt 0.597814 0.477649
vt 0.627041 0.516406
vt 0.600830 0.475375
vt 0.630057 0.514132
vt 0.603847 0.473100
vt 0.633073 0.511857
vt 0.606568 0.471049
vt 0.635794 0.509805
vt 0.608727 0.469420
vt 0.637953 0.508177
vt 0.948548 0.951403
vt 0.948548 0.980629
vt 0.945141 0.979243
vt 0.945141 0.950016
vt 0.941363 0.978765
vt 0.941363 0.949539
vt 0.941363 0.959299
vt 0.602826 0.258555
vt 0.592936 0.264292
vt 0.600122 0.256396
vt 0.604563 0.261276
vt 0.605161 0.264292
vt 0.604563 0.267308
vt 0.602826 0.270029
vt 0.583046 0.270029
vt 0.581310 0.267308
vt 0.580712 0.264292
vt 0.581310 0.261276
vt 0.583046 0.258555
vt 0.585751 0.256396
vt 0.562469 0.673949
vt 0.566246 0.683232
vt 0.559061 0.675336
vt 0.556356 0.677495
vt 0.554620 0.680216
vt 0.554022 0.683232
vt 0.554620 0.686248
vt 0.556357 0.688969
vt 0.559061 0.691128
vt 0.562469 0.692515
vt 0.566246 0.692992
vt 0.570024 0.692515
vt 0.573432 0.691128
vt 0.576136 0.688969
vt 0.577873 0.686248
vt 0.578471 0.683232
vt 0.577873 0.680216
vt 0.576136 0.677495
vt 0.573432 0.675336
vt 0.570024 0.673949
vt 0.566246 0.673471
vt 0.706079 0.461508
vt 0.676462 0.422234
vt 0.680696 0.419041
vt 0.710313 0.458316
vt 0.701845 0.464701
vt 0.672228 0.425427
vt 0.698026 0.467581
vt 0.668409 0.428307
vt 0.694994 0.469867
vt 0.665378 0.430593
vt 0.587634 0.306549
vt 0.587634 0.336166
vt 0.582850 0.334220
vt 0.582850 0.304603
vt 0.592936 0.307219
vt 0.592936 0.336836
vt 0.598239 0.306549
vt 0.598239 0.336166
vt 0.603023 0.304603
vt 0.603023 0.334220
vt 0.777928 0.473000
vt 0.807545 0.433726
vt 0.810576 0.436011
vt 0.780959 0.475286
vt 0.774109 0.470120
vt 0.803725 0.430845
vt 0.769875 0.466927
vt 0.799492 0.427653
vt 0.765641 0.463734
vt 0.795258 0.424460
vt 0.761821 0.460854
vt 0.791439 0.421580
vt 0.758790 0.458568
vt 0.788407 0.419294
vt 0.622501 0.439029
vt 0.622501 0.468646
vt 0.617718 0.470592
vt 0.617718 0.440975
vt 0.627804 0.438358
vt 0.627804 0.467975
vt 0.633107 0.439029
vt 0.633107 0.468646
vt 0.637890 0.440975
vt 0.637890 0.470592
vt 0.714132 0.455435
vt 0.684515 0.416161
vt 0.687546 0.413875
vt 0.717163 0.453150
vt 0.580712 0.293518
vt 0.575776 0.293518
vt 0.576616 0.289285
vt 0.581310 0.290502
vt 0.639430 0.478660
vt 0.644124 0.477442
vt 0.644964 0.481676
vt 0.640029 0.481676
vt 0.581310 0.296535
vt 0.576616 0.297752
vt 0.644124 0.485910
vt 0.639430 0.484692
vt 0.583046 0.299255
vt 0.579054 0.301572
vt 0.641687 0.489729
vt 0.637694 0.487413
vt 0.637890 0.492760
vt 0.634989 0.489573
vt 0.585751 0.331032
vt 0.589159 0.332418
vt 0.592936 0.332896
vt 0.596714 0.332418
vt 0.562469 0.718914
vt 0.560944 0.722661
vt 0.556160 0.720715
vt 0.559061 0.717527
vt 0.602826 0.299255
vt 0.606819 0.301572
vt 0.552364 0.717684
vt 0.556356 0.715368
vt 0.604563 0.296535
vt 0.609256 0.297752
vt 0.549926 0.713865
vt 0.554620 0.712647
vt 0.605161 0.293518
vt 0.610096 0.293518
vt 0.549087 0.709631
vt 0.554022 0.709631
vt 0.604563 0.290502
vt 0.609256 0.289285
vt 0.549926 0.705397
vt 0.554620 0.706615
vt 0.602826 0.287781
vt 0.606819 0.285465
vt 0.552364 0.701578
vt 0.556356 0.703894
vt 0.600122 0.285622
vt 0.603023 0.282434
vt 0.556160 0.698546
vt 0.559061 0.701734
vt 0.624026 0.442777
vt 0.620619 0.444163
vt 0.620619 0.473780
vt 0.624026 0.472394
vt 0.941363 0.974825
vt 0.936060 0.975495
vt 0.627804 0.471916
vt 0.946666 0.975495
vt 0.631582 0.472394
vt 0.634989 0.444163
vt 0.631582 0.442777
vt 0.634989 0.473780
vt 0.583046 0.287781
vt 0.579054 0.285465
vt 0.582850 0.282434
vt 0.585751 0.285622
vt 0.641687 0.473623
vt 0.637694 0.475939
vt 0.966111 0.977642
vt 0.966111 0.951243
vt 0.969519 0.952629
vt 0.969519 0.979028
vt 0.837494 0.807662
vt 0.863893 0.842670
vt 0.861733 0.844298
vt 0.835334 0.809291
vt 0.859013 0.846350
vt 0.832613 0.811343
vt 0.855996 0.848624
vt 0.829597 0.813617
vt 0.852980 0.850899
vt 0.826581 0.815892
vt 0.850259 0.852951
vt 0.823860 0.817943
vt 0.848100 0.854579
vt 0.821701 0.819572
vt 0.566246 0.719391
vt 0.570024 0.718914
vt 0.573432 0.717527
vt 0.961118 0.825055
vt 0.934719 0.860062
vt 0.932560 0.858434
vt 0.958959 0.823427
vt 0.929839 0.856382
vt 0.956238 0.821375
vt 0.926823 0.854107
vt 0.953222 0.819100
vt 0.923807 0.851833
vt 0.950206 0.816826
vt 0.921086 0.849781
vt 0.947485 0.814774
vt 0.918927 0.848153
vt 0.945326 0.813146
vt 0.955148 0.979028
vt 0.955148 0.952629
vt 0.958556 0.951243
vt 0.958556 0.977642
vt 0.962333 0.950765
vt 0.962333 0.977164
vt 0.633656 0.254489
vt 0.638105 0.254489
vt 0.638105 0.314843
vt 0.633656 0.314843
vt 0.641636 0.254489
vt 0.641636 0.314843
vt 0.478248 0.076541
vt 0.473798 0.076541
vt 0.473798 0.016187
vt 0.478248 0.016187
vt 0.468866 0.076541
vt 0.468866 0.016187
vt 0.463934 0.076541
vt 0.463934 0.016187
vt 0.459485 0.076541
vt 0.459485 0.016187
vt 0.650126 0.253747
vt 0.653658 0.253747
vt 0.653658 0.314101
vt 0.650126 0.314101
vt 0.658107 0.253747
vt 0.658107 0.314101
vt 0.663039 0.253747
vt 0.663039 0.314101
vt 0.667971 0.253747
vt 0.667971 0.314101
vt 0.672421 0.253747
vt 0.672421 0.314101
vt 0.675952 0.253747
vt 0.675952 0.314101
vt 0.690161 0.253747
vt 0.694610 0.253747
vt 0.694610 0.314101
vt 0.690161 0.314101
vt 0.699542 0.253747
vt 0.699542 0.314101
vt 0.704474 0.253747
vt 0.704474 0.314101
vt 0.708924 0.253747
vt 0.708924 0.314101
vt 0.615811 0.254489
vt 0.619342 0.254489
vt 0.619342 0.314843
vt 0.615811 0.314843
vt 0.623792 0.254489
vt 0.623792 0.314843
vt 0.628724 0.254489
vt 0.628724 0.314843
vt 0.369118 0.924683
vt 0.370532 0.927459
vt 0.361060 0.930537
vt 0.366914 0.922479
vt 0.364138 0.921065
vt 0.361060 0.920577
vt 0.357983 0.921065
vt 0.355206 0.922479
vt 0.353003 0.924683
vt 0.351588 0.927459
vt 0.351101 0.930537
vt 0.351588 0.933614
vt 0.353003 0.936391
vt 0.355206 0.938594
vt 0.357983 0.940009
vt 0.361060 0.940496
vt 0.364138 0.940009
vt 0.366914 0.938594
vt 0.369118 0.936391
vt 0.370532 0.933614
vt 0.371020 0.930537
vt 0.288556 0.933614
vt 0.287142 0.936391
vt 0.279084 0.930537
vt 0.284938 0.938594
vt 0.282162 0.940009
vt 0.279084 0.940496
vt 0.276006 0.940009
vt 0.273230 0.938594
vt 0.271027 0.936391
vt 0.269612 0.933614
vt 0.269125 0.930537
vt 0.269612 0.927459
vt 0.271027 0.924683
vt 0.273230 0.922479
vt 0.276006 0.921065
vt 0.279084 0.920577
vt 0.282162 0.921065
vt 0.284938 0.922479
vt 0.287142 0.924683
vt 0.288556 0.927459
vt 0.289044 0.930537
vt 0.484905 0.494946
vt 0.489837 0.494946
vt 0.489837 0.544871
vt 0.484905 0.544871
vt 0.480455 0.494946
vt 0.480455 0.544871
vt 0.556129 0.507407
vt 0.559660 0.507407
vt 0.559660 0.557332
vt 0.556129 0.557332
vt 0.551680 0.507407
vt 0.551680 0.557332
vt 0.546748 0.507407
vt 0.546748 0.557332
vt 0.541816 0.507407
vt 0.541816 0.557332
vt 0.537366 0.507407
vt 0.537366 0.557332
vt 0.533835 0.507407
vt 0.533835 0.557332
vt 0.927189 0.547801
vt 0.922739 0.547801
vt 0.922739 0.497875
vt 0.927189 0.497875
vt 0.932121 0.547801
vt 0.932121 0.497875
vt 0.937053 0.547801
vt 0.937053 0.497875
vt 0.941502 0.547801
vt 0.941502 0.497875
vt 0.906906 0.512607
vt 0.910437 0.512607
vt 0.910437 0.562532
vt 0.906906 0.562532
vt 0.902456 0.512607
vt 0.902456 0.562532
vt 0.897524 0.512607
vt 0.897524 0.562532
vt 0.892592 0.512607
vt 0.892592 0.562532
vt 0.888143 0.512607
vt 0.888143 0.562532
vt 0.884612 0.512607
vt 0.884612 0.562532
vt 0.494769 0.494946
vt 0.499218 0.494946
vt 0.499218 0.544871
vt 0.494769 0.544871
vt 0.488216 0.003899
vt 0.491294 0.003899
vt 0.491294 0.249034
vt 0.488216 0.249034
vt 0.485138 0.003899
vt 0.485138 0.249034
vt 0.482362 0.003899
vt 0.482362 0.249034
vt 0.513431 0.003899
vt 0.515634 0.003899
vt 0.515634 0.249034
vt 0.513431 0.249034
vt 0.510655 0.003899
vt 0.510655 0.249034
vt 0.507577 0.003899
vt 0.507577 0.249034
vt 0.504499 0.003899
vt 0.504499 0.249034
vt 0.501723 0.003899
vt 0.501723 0.249034
vt 0.499520 0.003899
vt 0.499520 0.249034
vt 0.523267 0.249034
vt 0.520490 0.249034
vt 0.520490 0.003899
vt 0.523267 0.003899
vt 0.526344 0.249034
vt 0.526344 0.003899
vt 0.529422 0.249034
vt 0.529422 0.003899
vt 0.532198 0.249034
vt 0.532198 0.003899
vt 0.551560 0.003899
vt 0.553763 0.003899
vt 0.553763 0.249034
vt 0.551560 0.249034
vt 0.548783 0.003899
vt 0.548783 0.249034
vt 0.545705 0.003899
vt 0.545705 0.249034
vt 0.542628 0.003899
vt 0.542628 0.249034
vt 0.539851 0.003899
vt 0.539851 0.249034
vt 0.537648 0.003899
vt 0.537648 0.249034
vt 0.494070 0.003899
vt 0.494070 0.249034
vt 0.665227 0.740768
vt 0.670159 0.740768
vt 0.670159 0.787697
vt 0.665227 0.787697
vt 0.660295 0.740768
vt 0.660295 0.787697
vt 0.655846 0.740768
vt 0.655846 0.787697
vt 0.904999 0.740769
vt 0.908530 0.740769
vt 0.908530 0.787698
vt 0.904999 0.787698
vt 0.900550 0.740769
vt 0.900550 0.787698
vt 0.895618 0.740769
vt 0.895618 0.787698
vt 0.890686 0.740769
vt 0.890686 0.787698
vt 0.886236 0.740769
vt 0.886236 0.787698
vt 0.882705 0.740769
vt 0.882705 0.787698
vt 0.919563 0.791510
vt 0.915114 0.791510
vt 0.915114 0.744581
vt 0.919563 0.744581
vt 0.924495 0.791510
vt 0.924495 0.744581
vt 0.929427 0.791510
vt 0.929427 0.744581
vt 0.933877 0.791510
vt 0.933877 0.744581
vt 0.596164 0.748393
vt 0.599695 0.748393
vt 0.599695 0.795323
vt 0.596164 0.795323
vt 0.591715 0.748393
vt 0.591715 0.795323
vt 0.586783 0.748393
vt 0.586783 0.795323
vt 0.581850 0.748393
vt 0.581850 0.795323
vt 0.577401 0.748393
vt 0.577401 0.795323
vt 0.573870 0.748393
vt 0.573870 0.795323
vt 0.674609 0.740768
vt 0.674609 0.787697
vt 0.797788 0.001992
vt 0.800866 0.001992
vt 0.800866 0.205929
vt 0.797788 0.205929
vt 0.795012 0.001992
vt 0.795012 0.205929
vt 0.827987 0.001992
vt 0.830190 0.001992
vt 0.830190 0.205929
vt 0.827987 0.205929
vt 0.825211 0.001992
vt 0.825211 0.205929
vt 0.822133 0.001992
vt 0.822133 0.205929
vt 0.819055 0.001992
vt 0.819055 0.205929
vt 0.816279 0.001992
vt 0.816279 0.205929
vt 0.814075 0.001992
vt 0.814075 0.205929
vt 0.839728 0.205929
vt 0.836952 0.205929
vt 0.836952 0.001992
vt 0.839728 0.001992
vt 0.842806 0.205929
vt 0.842806 0.001992
vt 0.845884 0.205929
vt 0.845884 0.001992
vt 0.848660 0.205929
vt 0.848660 0.001992
vt 0.869927 0.001992
vt 0.872131 0.001992
vt 0.872131 0.205929
vt 0.869927 0.205929
vt 0.867151 0.001992
vt 0.867151 0.205929
vt 0.864073 0.001992
vt 0.864073 0.205929
vt 0.860996 0.001992
vt 0.860996 0.205929
vt 0.858219 0.001992
vt 0.858219 0.205929
vt 0.856016 0.001992
vt 0.856016 0.205929
vt 0.803943 0.001992
vt 0.806720 0.001992
vt 0.806720 0.205929
vt 0.803943 0.205929
vt 0.373973 0.921155
vt 0.376240 0.925605
vt 0.151786 0.936391
vt 0.153201 0.933614
vt 0.158908 0.935469
vt 0.156641 0.939918
vt 0.370442 0.917624
vt 0.149583 0.938594
vt 0.153110 0.943449
vt 0.365992 0.915357
vt 0.146806 0.940009
vt 0.148661 0.945716
vt 0.361060 0.914576
vt 0.143728 0.940496
vt 0.143728 0.946498
vt 0.356128 0.915357
vt 0.140651 0.940009
vt 0.138796 0.945716
vt 0.351679 0.917624
vt 0.137874 0.938594
vt 0.134347 0.943449
vt 0.348148 0.921155
vt 0.135671 0.936391
vt 0.130816 0.939918
vt 0.345881 0.925605
vt 0.134256 0.933614
vt 0.128549 0.935469
vt 0.345099 0.930537
vt 0.133769 0.930537
vt 0.127768 0.930537
vt 0.345881 0.935469
vt 0.134256 0.927459
vt 0.128549 0.925604
vt 0.348148 0.939918
vt 0.135671 0.924683
vt 0.130816 0.921155
vt 0.351679 0.943449
vt 0.137874 0.922479
vt 0.134347 0.917624
vt 0.356128 0.945716
vt 0.140651 0.921065
vt 0.138796 0.915357
vt 0.361060 0.946498
vt 0.143728 0.920577
vt 0.143728 0.914576
vt 0.365992 0.945716
vt 0.146806 0.921065
vt 0.148661 0.915357
vt 0.370442 0.943449
vt 0.149583 0.922479
vt 0.153110 0.917624
vt 0.373973 0.939918
vt 0.151786 0.924683
vt 0.156641 0.921155
vt 0.376240 0.935469
vt 0.153201 0.927459
vt 0.158908 0.925604
vt 0.377021 0.930537
vt 0.153688 0.930537
vt 0.159689 0.930537
vt 0.316041 0.939320
vt 0.319119 0.939808
vt 0.319119 0.945809
vt 0.314187 0.945028
vt 0.274152 0.915357
vt 0.279084 0.914576
vt 0.313265 0.937906
vt 0.309738 0.942761
vt 0.269703 0.917624
vt 0.311062 0.935702
vt 0.306206 0.939230
vt 0.266172 0.921155
vt 0.309647 0.932926
vt 0.303939 0.934780
vt 0.263904 0.925604
vt 0.309159 0.929848
vt 0.303158 0.929848
vt 0.263123 0.930537
vt 0.309647 0.926770
vt 0.303939 0.924916
vt 0.263904 0.935469
vt 0.311062 0.923994
vt 0.306206 0.920466
vt 0.266172 0.939918
vt 0.313265 0.921791
vt 0.309738 0.916935
vt 0.269703 0.943449
vt 0.316041 0.920376
vt 0.314187 0.914668
vt 0.274152 0.945716
vt 0.319119 0.919888
vt 0.319119 0.913887
vt 0.279084 0.946498
vt 0.322197 0.920376
vt 0.324051 0.914668
vt 0.284016 0.945716
vt 0.324973 0.921791
vt 0.328501 0.916935
vt 0.288466 0.943449
vt 0.327176 0.923994
vt 0.332032 0.920466
vt 0.291997 0.939918
vt 0.328591 0.926770
vt 0.334299 0.924916
vt 0.294264 0.935469
vt 0.329079 0.929848
vt 0.335080 0.929848
vt 0.295045 0.930537
vt 0.328591 0.932926
vt 0.334299 0.934780
vt 0.294264 0.925604
vt 0.327176 0.935702
vt 0.332032 0.939230
vt 0.291997 0.921155
vt 0.324973 0.937906
vt 0.328501 0.942761
vt 0.288466 0.917624
vt 0.322197 0.939320
vt 0.324051 0.945028
vt 0.284016 0.915357
vt 0.606989 0.944291
vt 0.610066 0.943803
vt 0.611921 0.949511
vt 0.606989 0.950292
vt 0.918901 0.930007
vt 0.915823 0.929519
vt 0.915823 0.923518
vt 0.920756 0.924299
vt 0.603911 0.943803
vt 0.602056 0.949511
vt 0.912746 0.930007
vt 0.910891 0.924299
vt 0.601134 0.942389
vt 0.597607 0.947244
vt 0.909969 0.931422
vt 0.906442 0.926566
vt 0.598931 0.940185
vt 0.594076 0.943713
vt 0.907766 0.933625
vt 0.902911 0.930097
vt 0.597516 0.937409
vt 0.591809 0.939263
vt 0.906351 0.936401
vt 0.900644 0.934547
vt 0.597029 0.934331
vt 0.591028 0.934331
vt 0.905864 0.939479
vt 0.899863 0.939479
vt 0.597516 0.931253
vt 0.591809 0.929399
vt 0.906351 0.942557
vt 0.900644 0.944411
vt 0.598931 0.928477
vt 0.594076 0.924950
vt 0.907766 0.945333
vt 0.902911 0.948861
vt 0.601134 0.926274
vt 0.597607 0.921418
vt 0.909969 0.947536
vt 0.906442 0.952392
vt 0.603911 0.924859
vt 0.602056 0.919151
vt 0.912746 0.948951
vt 0.910891 0.954659
vt 0.606989 0.924371
vt 0.606989 0.918370
vt 0.915823 0.949439
vt 0.915823 0.955440
vt 0.610066 0.924859
vt 0.611921 0.919151
vt 0.918901 0.948951
vt 0.920756 0.954659
vt 0.612843 0.926274
vt 0.616370 0.921418
vt 0.921678 0.947536
vt 0.925205 0.952392
vt 0.615046 0.928477
vt 0.619901 0.924950
vt 0.923881 0.945333
vt 0.928736 0.948861
vt 0.616461 0.931253
vt 0.622168 0.929399
vt 0.925296 0.942557
vt 0.931003 0.944411
vt 0.616948 0.934331
vt 0.622949 0.934331
vt 0.925783 0.939479
vt 0.931784 0.939479
vt 0.616461 0.937409
vt 0.622168 0.939263
vt 0.925296 0.936401
vt 0.931003 0.934547
vt 0.615046 0.940185
vt 0.619901 0.943713
vt 0.923881 0.933625
vt 0.928736 0.930097
vt 0.612843 0.942389
vt 0.616370 0.947244
vt 0.921678 0.931422
vt 0.925205 0.926566
vt 0.721018 0.253747
vt 0.721018 0.314101
vt 0.716568 0.314101
vt 0.716568 0.253747
vt 0.713037 0.314101
vt 0.713037 0.253747
vt 0.771834 0.253747
vt 0.771834 0.314101
vt 0.767385 0.314101
vt 0.767385 0.253747
vt 0.762453 0.314101
vt 0.762453 0.253747
vt 0.757520 0.314101
vt 0.757520 0.253747
vt 0.753071 0.314101
vt 0.753071 0.253747
vt 0.904718 0.295688
vt 0.904718 0.356042
vt 0.901186 0.356042
vt 0.901186 0.295688
vt 0.896737 0.356042
vt 0.896737 0.295688
vt 0.891805 0.356042
vt 0.891805 0.295688
vt 0.886873 0.356042
vt 0.886873 0.295688
vt 0.882423 0.356042
vt 0.882423 0.295688
vt 0.878892 0.356042
vt 0.878892 0.295688
vt 0.608186 0.380826
vt 0.608186 0.320471
vt 0.612635 0.320471
vt 0.612635 0.380826
vt 0.617567 0.320471
vt 0.617567 0.380826
vt 0.622499 0.320471
vt 0.622499 0.380826
vt 0.626949 0.320471
vt 0.626949 0.380826
vt 0.738862 0.253747
vt 0.738862 0.314101
vt 0.735331 0.314101
vt 0.735331 0.253747
vt 0.730882 0.314101
vt 0.730882 0.253747
vt 0.725950 0.314101
vt 0.725950 0.253747
vt 0.859064 0.943441
vt 0.851007 0.937587
vt 0.860479 0.940665
vt 0.856861 0.945644
vt 0.854084 0.947059
vt 0.851007 0.947546
vt 0.847929 0.947059
vt 0.845152 0.945644
vt 0.842949 0.943441
vt 0.841534 0.940665
vt 0.841047 0.937587
vt 0.841534 0.934509
vt 0.842949 0.931733
vt 0.845152 0.929529
vt 0.847929 0.928115
vt 0.851007 0.927627
vt 0.854084 0.928115
vt 0.856861 0.929529
vt 0.859064 0.931733
vt 0.860479 0.934509
vt 0.860966 0.937587
vt 0.454415 0.936415
vt 0.444943 0.939492
vt 0.453000 0.933638
vt 0.450797 0.931435
vt 0.448020 0.930020
vt 0.444943 0.929533
vt 0.441865 0.930020
vt 0.439089 0.931435
vt 0.436885 0.933638
vt 0.435471 0.936415
vt 0.434983 0.939492
vt 0.435471 0.942570
vt 0.436885 0.945346
vt 0.439089 0.947550
vt 0.441865 0.948964
vt 0.444943 0.949452
vt 0.448020 0.948964
vt 0.450797 0.947550
vt 0.453000 0.945346
vt 0.454415 0.942570
vt 0.454902 0.939492
vt 0.793742 0.552998
vt 0.793742 0.503073
vt 0.798674 0.503073
vt 0.798674 0.552998
vt 0.789292 0.552998
vt 0.789292 0.503073
vt 0.722287 0.520231
vt 0.722287 0.570157
vt 0.718756 0.570157
vt 0.718756 0.520231
vt 0.726737 0.520231
vt 0.726737 0.570157
vt 0.731669 0.520231
vt 0.731669 0.570157
vt 0.736601 0.520231
vt 0.736601 0.570157
vt 0.741050 0.520231
vt 0.741050 0.570157
vt 0.744582 0.520231
vt 0.744582 0.570157
vt 0.601196 0.518995
vt 0.601196 0.568921
vt 0.596747 0.568921
vt 0.596747 0.518995
vt 0.606129 0.518995
vt 0.606129 0.568921
vt 0.611061 0.518995
vt 0.611061 0.568921
vt 0.615510 0.518995
vt 0.615510 0.568921
vt 0.817607 0.533677
vt 0.817607 0.583602
vt 0.814075 0.583602
vt 0.814075 0.533677
vt 0.822056 0.533677
vt 0.822056 0.583602
vt 0.826988 0.533677
vt 0.826988 0.583602
vt 0.831920 0.533677
vt 0.831920 0.583602
vt 0.836370 0.533677
vt 0.836370 0.583602
vt 0.839901 0.533677
vt 0.839901 0.583602
vt 0.803606 0.552998
vt 0.803606 0.503073
vt 0.808056 0.503073
vt 0.808056 0.552998
vt 0.564473 0.249034
vt 0.564473 0.003899
vt 0.567550 0.003899
vt 0.567550 0.249034
vt 0.561395 0.249034
vt 0.561395 0.003899
vt 0.558619 0.249034
vt 0.558619 0.003899
vt 0.577980 0.003899
vt 0.577980 0.249034
vt 0.575776 0.249034
vt 0.575776 0.003899
vt 0.580756 0.003899
vt 0.580756 0.249034
vt 0.583834 0.003899
vt 0.583834 0.249034
vt 0.586912 0.003899
vt 0.586912 0.249034
vt 0.589688 0.003899
vt 0.589688 0.249034
vt 0.591891 0.003899
vt 0.591891 0.249034
vt 0.599523 0.003899
vt 0.599523 0.249034
vt 0.596747 0.249034
vt 0.596747 0.003899
vt 0.602601 0.003899
vt 0.602601 0.249034
vt 0.605679 0.003899
vt 0.605679 0.249034
vt 0.608455 0.003899
vt 0.608455 0.249034
vt 0.616108 0.003899
vt 0.616108 0.249034
vt 0.613905 0.249034
vt 0.613905 0.003899
vt 0.618884 0.003899
vt 0.618884 0.249034
vt 0.621962 0.003899
vt 0.621962 0.249034
vt 0.625040 0.003899
vt 0.625040 0.249034
vt 0.627816 0.003899
vt 0.627816 0.249034
vt 0.630020 0.003899
vt 0.630020 0.249034
vt 0.570327 0.003899
vt 0.570327 0.249034
vt 0.613754 0.799136
vt 0.613754 0.752206
vt 0.618686 0.752206
vt 0.618686 0.799136
vt 0.608822 0.799136
vt 0.608822 0.752206
vt 0.604373 0.799136
vt 0.604373 0.752206
vt 0.750883 0.756020
vt 0.750883 0.802950
vt 0.747352 0.802950
vt 0.747352 0.756020
vt 0.755332 0.756020
vt 0.755332 0.802950
vt 0.760265 0.756020
vt 0.760265 0.802950
vt 0.765197 0.756020
vt 0.765197 0.802950
vt 0.769646 0.756020
vt 0.769646 0.802950
vt 0.773177 0.756020
vt 0.773177 0.802950
vt 0.789929 0.755460
vt 0.789929 0.802389
vt 0.785480 0.802389
vt 0.785480 0.755460
vt 0.794861 0.755460
vt 0.794861 0.802389
vt 0.799793 0.755460
vt 0.799793 0.802389
vt 0.804243 0.755460
vt 0.804243 0.802389
vt 0.943428 0.759143
vt 0.943428 0.806072
vt 0.939897 0.806072
vt 0.939897 0.759143
vt 0.947877 0.759143
vt 0.947877 0.806072
vt 0.952809 0.759143
vt 0.952809 0.806072
vt 0.957741 0.759143
vt 0.957741 0.806072
vt 0.962191 0.759143
vt 0.962191 0.806072
vt 0.965722 0.759143
vt 0.965722 0.806072
vt 0.623136 0.752206
vt 0.623136 0.799136
vt 0.881669 0.205929
vt 0.881669 0.001992
vt 0.884747 0.001992
vt 0.884747 0.205929
vt 0.878892 0.205929
vt 0.878892 0.001992
vt 0.900160 0.001992
vt 0.900160 0.205929
vt 0.897956 0.205929
vt 0.897956 0.001992
vt 0.902936 0.001992
vt 0.902936 0.205929
vt 0.906014 0.001992
vt 0.906014 0.205929
vt 0.909091 0.001992
vt 0.909091 0.205929
vt 0.911868 0.001992
vt 0.911868 0.205929
vt 0.914071 0.001992
vt 0.914071 0.205929
vt 0.923609 0.001992
vt 0.923609 0.205929
vt 0.920833 0.205929
vt 0.920833 0.001992
vt 0.926687 0.001992
vt 0.926687 0.205929
vt 0.929765 0.001992
vt 0.929765 0.205929
vt 0.932541 0.001992
vt 0.932541 0.205929
vt 0.942100 0.001992
vt 0.942100 0.205929
vt 0.939897 0.205929
vt 0.939897 0.001992
vt 0.944876 0.001992
vt 0.944876 0.205929
vt 0.947954 0.001992
vt 0.947954 0.205929
vt 0.951032 0.001992
vt 0.951032 0.205929
vt 0.953808 0.001992
vt 0.953808 0.205929
vt 0.956012 0.001992
vt 0.956012 0.205929
vt 0.887824 0.205929
vt 0.887824 0.001992
vt 0.890601 0.001992
vt 0.890601 0.205929
vt 0.866186 0.942519
vt 0.863919 0.946968
vt 0.188008 0.934051
vt 0.192863 0.930523
vt 0.195130 0.934973
vt 0.189422 0.936827
vt 0.860388 0.950500
vt 0.185804 0.931847
vt 0.189332 0.926992
vt 0.855939 0.952767
vt 0.183028 0.930433
vt 0.184882 0.924725
vt 0.851007 0.953548
vt 0.179950 0.929945
vt 0.179950 0.923944
vt 0.846074 0.952767
vt 0.176873 0.930433
vt 0.175018 0.924725
vt 0.841625 0.950500
vt 0.174096 0.931847
vt 0.170569 0.926992
vt 0.838094 0.946968
vt 0.171893 0.934051
vt 0.167038 0.930523
vt 0.835827 0.942519
vt 0.170478 0.936827
vt 0.164771 0.934973
vt 0.835046 0.937587
vt 0.169991 0.939905
vt 0.163989 0.939905
vt 0.835827 0.932655
vt 0.170478 0.942983
vt 0.164771 0.944837
vt 0.838094 0.928205
vt 0.171893 0.945759
vt 0.167038 0.949286
vt 0.841625 0.924674
vt 0.174096 0.947962
vt 0.170569 0.952817
vt 0.846074 0.922407
vt 0.176873 0.949377
vt 0.175018 0.955085
vt 0.851007 0.921626
vt 0.179950 0.949865
vt 0.179950 0.955866
vt 0.855939 0.922407
vt 0.183028 0.949377
vt 0.184882 0.955085
vt 0.860388 0.924674
vt 0.185804 0.947962
vt 0.189332 0.952817
vt 0.863919 0.928205
vt 0.188008 0.945759
vt 0.192863 0.949286
vt 0.866186 0.932655
vt 0.189422 0.942983
vt 0.195130 0.944837
vt 0.866967 0.937587
vt 0.189910 0.939905
vt 0.195911 0.939905
vt 0.779299 0.930434
vt 0.777445 0.924727
vt 0.782377 0.923945
vt 0.782377 0.929947
vt 0.444943 0.955453
vt 0.440011 0.954672
vt 0.776523 0.931849
vt 0.772995 0.926994
vt 0.435561 0.952405
vt 0.774319 0.934052
vt 0.769464 0.930525
vt 0.432030 0.948874
vt 0.772905 0.936829
vt 0.767197 0.934974
vt 0.429763 0.944425
vt 0.772417 0.939906
vt 0.766416 0.939906
vt 0.428982 0.939492
vt 0.772905 0.942984
vt 0.767197 0.944838
vt 0.429763 0.934560
vt 0.774319 0.945760
vt 0.769464 0.949288
vt 0.432030 0.930111
vt 0.776523 0.947964
vt 0.772995 0.952819
vt 0.435561 0.926580
vt 0.779299 0.949378
vt 0.777444 0.955086
vt 0.440011 0.924313
vt 0.782377 0.949866
vt 0.782377 0.955867
vt 0.444943 0.923532
vt 0.785454 0.949378
vt 0.787309 0.955086
vt 0.449875 0.924313
vt 0.788231 0.947964
vt 0.791758 0.952819
vt 0.454324 0.926580
vt 0.790434 0.945760
vt 0.795289 0.949288
vt 0.457855 0.930111
vt 0.791849 0.942984
vt 0.797556 0.944838
vt 0.460122 0.934560
vt 0.792336 0.939906
vt 0.798337 0.939906
vt 0.460904 0.939492
vt 0.791849 0.936829
vt 0.797556 0.934974
vt 0.460122 0.944425
vt 0.790434 0.934052
vt 0.795289 0.930525
vt 0.457855 0.948874
vt 0.788231 0.931849
vt 0.791758 0.926994
vt 0.454324 0.952405
vt 0.785454 0.930434
vt 0.787309 0.924727
vt 0.449875 0.954672
vt 0.105600 0.935664
vt 0.105600 0.929663
vt 0.110532 0.930444
vt 0.108678 0.936152
vt 0.022889 0.955083
vt 0.024744 0.960791
vt 0.019812 0.961572
vt 0.019812 0.955570
vt 0.102523 0.936152
vt 0.100668 0.930444
vt 0.014879 0.960791
vt 0.016734 0.955083
vt 0.099746 0.937566
vt 0.096219 0.932711
vt 0.010430 0.958523
vt 0.013957 0.953668
vt 0.097543 0.939770
vt 0.092688 0.936242
vt 0.006899 0.954992
vt 0.011754 0.951465
vt 0.096128 0.942546
vt 0.090421 0.940692
vt 0.004632 0.950543
vt 0.010339 0.948688
vt 0.095641 0.945624
vt 0.089639 0.945624
vt 0.003851 0.945611
vt 0.009852 0.945611
vt 0.096128 0.948702
vt 0.090421 0.950556
vt 0.004632 0.940679
vt 0.010339 0.942533
vt 0.097543 0.951478
vt 0.092688 0.955005
vt 0.006899 0.936229
vt 0.011754 0.939757
vt 0.099746 0.953681
vt 0.096219 0.958536
vt 0.010430 0.932698
vt 0.013957 0.937553
vt 0.102523 0.955096
vt 0.100668 0.960803
vt 0.014879 0.930431
vt 0.016734 0.936139
vt 0.105600 0.955583
vt 0.105600 0.961585
vt 0.019812 0.929650
vt 0.019812 0.935651
vt 0.108678 0.955096
vt 0.110532 0.960803
vt 0.024744 0.930431
vt 0.022889 0.936139
vt 0.111454 0.953681
vt 0.114982 0.958536
vt 0.029193 0.932698
vt 0.025666 0.937553
vt 0.113658 0.951478
vt 0.118513 0.955005
vt 0.032724 0.936229
vt 0.027869 0.939757
vt 0.115072 0.948702
vt 0.120780 0.950556
vt 0.034991 0.940679
vt 0.029284 0.942533
vt 0.115560 0.945624
vt 0.121561 0.945624
vt 0.035772 0.945611
vt 0.029771 0.945611
vt 0.115072 0.942546
vt 0.120780 0.940692
vt 0.034991 0.950543
vt 0.029284 0.948688
vt 0.113658 0.939770
vt 0.118513 0.936242
vt 0.032724 0.954992
vt 0.027869 0.951465
vt 0.111454 0.937566
vt 0.114982 0.932711
vt 0.029193 0.958523
vt 0.025666 0.953668
vt 0.644730 0.720034
vt 0.648138 0.720056
vt 0.648138 0.768594
vt 0.644730 0.768572
vt 0.650843 0.720091
vt 0.650843 0.768628
vt 0.782692 0.751477
vt 0.779284 0.751434
vt 0.779900 0.702896
vt 0.783307 0.702939
vt 0.775507 0.751386
vt 0.776122 0.702848
vt 0.771730 0.751338
vt 0.772345 0.702800
vt 0.768322 0.751295
vt 0.768938 0.702757
vt 0.495707 0.720028
vt 0.498411 0.720062
vt 0.498411 0.768600
vt 0.495707 0.768565
vt 0.501819 0.720084
vt 0.501819 0.768622
vt 0.505597 0.720092
vt 0.505597 0.768629
vt 0.509374 0.720084
vt 0.509374 0.768622
vt 0.512782 0.720062
vt 0.512782 0.768600
vt 0.515487 0.720028
vt 0.515487 0.768565
vt 0.829327 0.704846
vt 0.832734 0.704803
vt 0.833349 0.753340
vt 0.829942 0.753383
vt 0.836511 0.704755
vt 0.837127 0.753292
vt 0.840289 0.704707
vt 0.840904 0.753245
vt 0.843696 0.704664
vt 0.844311 0.753201
vt 0.631063 0.720091
vt 0.633767 0.720056
vt 0.633767 0.768594
vt 0.631063 0.768628
vt 0.637175 0.720034
vt 0.637175 0.768572
vt 0.640953 0.720027
vt 0.640953 0.768564
vt 0.451095 0.968506
vt 0.452831 0.971914
vt 0.441206 0.975691
vt 0.448390 0.965801
vt 0.444983 0.964065
vt 0.441206 0.963467
vt 0.437428 0.964065
vt 0.434021 0.965801
vt 0.431316 0.968506
vt 0.429580 0.971914
vt 0.428982 0.975691
vt 0.429580 0.979469
vt 0.431316 0.982877
vt 0.434021 0.985581
vt 0.437428 0.987318
vt 0.441206 0.987916
vt 0.444983 0.987318
vt 0.448390 0.985581
vt 0.451095 0.982877
vt 0.452831 0.979469
vt 0.453429 0.975691
vt 0.714010 0.979463
vt 0.712273 0.982871
vt 0.702384 0.975686
vt 0.709569 0.985576
vt 0.706161 0.987312
vt 0.702384 0.987910
vt 0.698607 0.987312
vt 0.695199 0.985576
vt 0.692495 0.982871
vt 0.690759 0.979463
vt 0.690161 0.975686
vt 0.690759 0.971908
vt 0.692495 0.968500
vt 0.695199 0.965796
vt 0.698607 0.964059
vt 0.702384 0.963461
vt 0.706161 0.964059
vt 0.709569 0.965796
vt 0.712273 0.968500
vt 0.714010 0.971908
vt 0.714608 0.975686
vt 0.654493 0.601183
vt 0.659795 0.601116
vt 0.660419 0.650302
vt 0.655116 0.650369
vt 0.649191 0.601250
vt 0.649814 0.650436
vt 0.644407 0.601311
vt 0.645031 0.650497
vt 0.967679 0.650034
vt 0.971475 0.649986
vt 0.971475 0.699172
vt 0.967679 0.699220
vt 0.962895 0.650065
vt 0.962895 0.699251
vt 0.957592 0.650076
vt 0.957592 0.699262
vt 0.952290 0.650065
vt 0.952290 0.699251
vt 0.947506 0.650034
vt 0.947506 0.699220
vt 0.943710 0.649986
vt 0.943710 0.699172
vt 0.748322 0.652197
vt 0.743539 0.652137
vt 0.744163 0.602951
vt 0.748946 0.603011
vt 0.753625 0.652265
vt 0.754248 0.603079
vt 0.758927 0.652332
vt 0.759551 0.603146
vt 0.763710 0.652392
vt 0.764334 0.603207
vt 0.737006 0.655746
vt 0.740802 0.655794
vt 0.740802 0.704980
vt 0.737006 0.704932
vt 0.732222 0.655715
vt 0.732222 0.704901
vt 0.726920 0.655704
vt 0.726920 0.704890
vt 0.721617 0.655715
vt 0.721617 0.704901
vt 0.716833 0.655746
vt 0.716833 0.704932
vt 0.713037 0.655794
vt 0.713037 0.704980
vt 0.664578 0.601055
vt 0.665202 0.650241
vt 0.884613 0.928453
vt 0.888390 0.927855
vt 0.889915 0.932549
vt 0.884613 0.933389
vt 0.753037 0.906392
vt 0.749260 0.905794
vt 0.749260 0.900859
vt 0.754562 0.901699
vt 0.880835 0.927855
vt 0.879310 0.932549
vt 0.745482 0.906392
vt 0.743957 0.901699
vt 0.877428 0.926118
vt 0.874527 0.930111
vt 0.742075 0.908129
vt 0.739174 0.904136
vt 0.874724 0.923414
vt 0.870731 0.926315
vt 0.739370 0.910833
vt 0.735378 0.907932
vt 0.872987 0.920006
vt 0.868294 0.921531
vt 0.737634 0.914241
vt 0.732941 0.912716
vt 0.872389 0.916229
vt 0.867454 0.916229
vt 0.737036 0.918019
vt 0.732101 0.918019
vt 0.872987 0.912451
vt 0.868294 0.910926
vt 0.737634 0.921796
vt 0.732941 0.923321
vt 0.874724 0.909043
vt 0.870731 0.906142
vt 0.739370 0.925204
vt 0.735378 0.928105
vt 0.877428 0.906339
vt 0.874527 0.902346
vt 0.742075 0.927909
vt 0.739174 0.931901
vt 0.880835 0.904602
vt 0.879310 0.899909
vt 0.745482 0.929645
vt 0.743957 0.934339
vt 0.884613 0.904004
vt 0.884613 0.899069
vt 0.749260 0.930243
vt 0.749260 0.935179
vt 0.888390 0.904602
vt 0.889915 0.899909
vt 0.753037 0.929645
vt 0.754562 0.934339
vt 0.891798 0.906339
vt 0.894698 0.902346
vt 0.756444 0.927909
vt 0.759345 0.931901
vt 0.894502 0.909043
vt 0.898494 0.906142
vt 0.759149 0.925204
vt 0.763141 0.928105
vt 0.896238 0.912451
vt 0.900931 0.910926
vt 0.760885 0.921796
vt 0.765578 0.923321
vt 0.896836 0.916229
vt 0.901771 0.916229
vt 0.761483 0.918019
vt 0.766418 0.918019
vt 0.896238 0.920006
vt 0.900931 0.921531
vt 0.760885 0.914241
vt 0.765578 0.912716
vt 0.894502 0.923414
vt 0.898494 0.926315
vt 0.759149 0.910833
vt 0.763141 0.907932
vt 0.891798 0.926118
vt 0.894698 0.930111
vt 0.756444 0.908129
vt 0.759345 0.904136
vt 0.008057 0.924463
vt 0.004649 0.924485
vt 0.004649 0.880643
vt 0.008057 0.880621
vt 0.001944 0.924519
vt 0.001944 0.880677
vt 0.440095 0.906141
vt 0.436687 0.906185
vt 0.436131 0.862343
vt 0.439539 0.862299
vt 0.432910 0.906233
vt 0.432354 0.862391
vt 0.429132 0.906280
vt 0.428577 0.862438
vt 0.425725 0.906324
vt 0.425169 0.862482
vt 0.048414 0.924455
vt 0.045710 0.924490
vt 0.045709 0.880648
vt 0.048414 0.880613
vt 0.042302 0.924512
vt 0.042302 0.880670
vt 0.038524 0.924519
vt 0.038524 0.880677
vt 0.034746 0.924512
vt 0.034746 0.880670
vt 0.031339 0.924490
vt 0.031339 0.880648
vt 0.028634 0.924455
vt 0.028634 0.880613
vt 0.927108 0.866112
vt 0.930515 0.866155
vt 0.929960 0.909997
vt 0.926552 0.909954
vt 0.934293 0.866203
vt 0.933737 0.910045
vt 0.938070 0.866251
vt 0.937514 0.910093
vt 0.941478 0.866294
vt 0.940922 0.910136
vt 0.021724 0.924519
vt 0.019020 0.924485
vt 0.019020 0.880643
vt 0.021724 0.880677
vt 0.015612 0.924463
vt 0.015612 0.880621
vt 0.011834 0.924455
vt 0.011834 0.880613
vt 0.555199 0.729337
vt 0.555199 0.777875
vt 0.551791 0.777897
vt 0.551791 0.729359
vt 0.549086 0.777931
vt 0.549086 0.729393
vt 0.876105 0.704767
vt 0.876720 0.753305
vt 0.873312 0.753348
vt 0.872697 0.704810
vt 0.869535 0.753396
vt 0.868920 0.704858
vt 0.865758 0.753444
vt 0.865143 0.704906
vt 0.862350 0.753487
vt 0.861735 0.704949
vt 0.540270 0.738861
vt 0.540270 0.787399
vt 0.537565 0.787433
vt 0.537565 0.738895
vt 0.534158 0.787455
vt 0.534158 0.738917
vt 0.530380 0.787463
vt 0.530380 0.738925
vt 0.526602 0.787455
vt 0.526602 0.738917
vt 0.523195 0.787433
vt 0.523195 0.738895
vt 0.520490 0.787399
vt 0.520490 0.738861
vt 0.943709 0.753304
vt 0.944325 0.704766
vt 0.947732 0.704809
vt 0.947117 0.753347
vt 0.951510 0.704857
vt 0.950894 0.753395
vt 0.955287 0.704905
vt 0.954672 0.753443
vt 0.958694 0.704948
vt 0.958079 0.753486
vt 0.568866 0.729393
vt 0.568866 0.777931
vt 0.566162 0.777897
vt 0.566162 0.729359
vt 0.562754 0.777875
vt 0.562754 0.729337
vt 0.558976 0.777867
vt 0.558976 0.729329
vt 0.798060 0.984865
vt 0.788171 0.977680
vt 0.799797 0.981457
vt 0.795356 0.987570
vt 0.791949 0.989306
vt 0.788171 0.989904
vt 0.784394 0.989306
vt 0.780986 0.987570
vt 0.778282 0.984865
vt 0.776546 0.981457
vt 0.775948 0.977680
vt 0.776546 0.973902
vt 0.778282 0.970494
vt 0.780987 0.967790
vt 0.784394 0.966054
vt 0.788171 0.965455
vt 0.791949 0.966054
vt 0.795356 0.967790
vt 0.798060 0.970494
vt 0.799797 0.973902
vt 0.800395 0.977680
vt 0.025793 0.975807
vt 0.014168 0.979584
vt 0.024057 0.972399
vt 0.021353 0.969694
vt 0.017945 0.967958
vt 0.014168 0.967360
vt 0.010391 0.967958
vt 0.006983 0.969694
vt 0.004279 0.972399
vt 0.002543 0.975807
vt 0.001944 0.979584
vt 0.002543 0.983362
vt 0.004279 0.986770
vt 0.006983 0.989474
vt 0.010391 0.991211
vt 0.014168 0.991809
vt 0.017945 0.991211
vt 0.021353 0.989474
vt 0.024057 0.986770
vt 0.025793 0.983362
vt 0.026392 0.979584
vt 0.355068 0.654172
vt 0.355692 0.604986
vt 0.360994 0.605053
vt 0.360370 0.654239
vt 0.349766 0.654104
vt 0.350389 0.604918
vt 0.344983 0.654044
vt 0.345606 0.604858
vt 0.463281 0.661155
vt 0.463281 0.710341
vt 0.459485 0.710293
vt 0.459485 0.661107
vt 0.468065 0.661186
vt 0.468065 0.710372
vt 0.473367 0.661197
vt 0.473367 0.710383
vt 0.478670 0.661186
vt 0.478670 0.710372
vt 0.483454 0.661155
vt 0.483454 0.710341
vt 0.487250 0.661107
vt 0.487250 0.710293
vt 0.673974 0.606959
vt 0.674597 0.656145
vt 0.669814 0.656206
vt 0.669190 0.607020
vt 0.679276 0.606892
vt 0.679899 0.656078
vt 0.684578 0.606825
vt 0.685202 0.656011
vt 0.689361 0.606764
vt 0.689985 0.655950
vt 0.642485 0.661757
vt 0.642485 0.710943
vt 0.638688 0.710991
vt 0.638688 0.661805
vt 0.647268 0.661726
vt 0.647268 0.710912
vt 0.652571 0.661716
vt 0.652571 0.710902
vt 0.657874 0.661726
vt 0.657874 0.710912
vt 0.662657 0.661757
vt 0.662657 0.710943
vt 0.666454 0.661805
vt 0.666454 0.710991
vt 0.365777 0.605113
vt 0.365154 0.654299
vt 0.703506 0.909605
vt 0.703506 0.904670
vt 0.708809 0.905510
vt 0.707284 0.910204
vt 0.413696 0.937279
vt 0.415221 0.941973
vt 0.409919 0.942813
vt 0.409919 0.937877
vt 0.699729 0.910204
vt 0.698204 0.905510
vt 0.404616 0.941973
vt 0.406141 0.937279
vt 0.696321 0.911940
vt 0.693421 0.907947
vt 0.399833 0.939535
vt 0.402734 0.935543
vt 0.693617 0.914644
vt 0.689625 0.911743
vt 0.396037 0.935739
vt 0.400029 0.932838
vt 0.691881 0.918052
vt 0.687187 0.916527
vt 0.393600 0.930955
vt 0.398293 0.929430
vt 0.691283 0.921830
vt 0.686348 0.921830
vt 0.392760 0.925653
vt 0.397695 0.925653
vt 0.691881 0.925607
vt 0.687187 0.927132
vt 0.393600 0.920350
vt 0.398293 0.921875
vt 0.693617 0.929015
vt 0.689625 0.931916
vt 0.396037 0.915566
vt 0.400029 0.918467
vt 0.696321 0.931720
vt 0.693421 0.935712
vt 0.399833 0.911770
vt 0.402734 0.915763
vt 0.699729 0.933456
vt 0.698204 0.938150
vt 0.404616 0.909333
vt 0.406141 0.914026
vt 0.703506 0.934054
vt 0.703506 0.938990
vt 0.409919 0.908493
vt 0.409919 0.913428
vt 0.707284 0.933456
vt 0.708809 0.938150
vt 0.415221 0.909333
vt 0.413696 0.914026
vt 0.710691 0.931720
vt 0.713592 0.935712
vt 0.420004 0.911770
vt 0.417103 0.915763
vt 0.713395 0.929015
vt 0.717388 0.931916
vt 0.423800 0.915566
vt 0.419808 0.918467
vt 0.715132 0.925607
vt 0.719825 0.927132
vt 0.426237 0.920350
vt 0.421544 0.921875
vt 0.715730 0.921830
vt 0.720665 0.921830
vt 0.427077 0.925653
vt 0.422142 0.925653
vt 0.715132 0.918052
vt 0.719825 0.916527
vt 0.426237 0.930955
vt 0.421544 0.929430
vt 0.713395 0.914644
vt 0.717388 0.911743
vt 0.423800 0.935739
vt 0.419808 0.932838
vt 0.710691 0.911940
vt 0.713592 0.907947
vt 0.420004 0.939535
vt 0.417103 0.935543
vt 0.067085 0.924377
vt 0.067085 0.880535
vt 0.070493 0.880557
vt 0.070493 0.924399
vt 0.073197 0.880591
vt 0.073197 0.924433
vt 0.630737 0.868200
vt 0.630181 0.912043
vt 0.626773 0.911999
vt 0.627329 0.868157
vt 0.622996 0.911951
vt 0.623552 0.868110
vt 0.619219 0.911904
vt 0.619775 0.868062
vt 0.615811 0.911860
vt 0.616367 0.868018
vt 0.078201 0.924375
vt 0.078201 0.880533
vt 0.080905 0.880568
vt 0.080905 0.924409
vt 0.084313 0.880589
vt 0.084313 0.924431
vt 0.088091 0.880597
vt 0.088091 0.924439
vt 0.091869 0.880589
vt 0.091869 0.924431
vt 0.095276 0.880568
vt 0.095276 0.924409
vt 0.097981 0.880533
vt 0.097981 0.924375
vt 0.667840 0.918191
vt 0.667284 0.874349
vt 0.670692 0.874306
vt 0.671247 0.918148
vt 0.674469 0.874258
vt 0.675025 0.918100
vt 0.678246 0.874210
vt 0.678802 0.918052
vt 0.681654 0.874167
vt 0.682209 0.918009
vt 0.053418 0.924433
vt 0.053418 0.880591
vt 0.056122 0.880557
vt 0.056122 0.924399
vt 0.059530 0.880535
vt 0.059530 0.924377
vt 0.063307 0.880527
vt 0.063307 0.924369
vt 0.660346 0.320472
vt 0.664795 0.320472
vt 0.664795 0.380826
vt 0.660346 0.380826
vt 0.668326 0.320472
vt 0.668326 0.380826
vt 0.697485 0.380826
vt 0.693036 0.380826
vt 0.693036 0.320471
vt 0.697485 0.320471
vt 0.688104 0.380826
vt 0.688104 0.320471
vt 0.683172 0.380826
vt 0.683172 0.320471
vt 0.678722 0.380826
vt 0.678722 0.320471
vt 0.741633 0.320472
vt 0.745164 0.320472
vt 0.745164 0.380826
vt 0.741633 0.380826
vt 0.749613 0.320472
vt 0.749613 0.380826
vt 0.754545 0.320472
vt 0.754545 0.380826
vt 0.759478 0.320472
vt 0.759478 0.380826
vt 0.763927 0.320472
vt 0.763927 0.380826
vt 0.767458 0.320472
vt 0.767458 0.380826
vt 0.701599 0.320472
vt 0.706048 0.320472
vt 0.706048 0.380826
vt 0.701599 0.380826
vt 0.710980 0.320472
vt 0.710980 0.380826
vt 0.715913 0.320472
vt 0.715913 0.380826
vt 0.720362 0.320472
vt 0.720362 0.380826
vt 0.642501 0.320472
vt 0.646032 0.320472
vt 0.646032 0.380826
vt 0.642501 0.380826
vt 0.650481 0.320472
vt 0.650481 0.380826
vt 0.655414 0.320472
vt 0.655414 0.380826
vt 0.077436 0.940327
vt 0.078850 0.943104
vt 0.069378 0.946181
vt 0.075233 0.938124
vt 0.072456 0.936709
vt 0.069378 0.936222
vt 0.066301 0.936709
vt 0.063524 0.938124
vt 0.061321 0.940327
vt 0.059906 0.943104
vt 0.059419 0.946181
vt 0.059906 0.949259
vt 0.061321 0.952036
vt 0.063524 0.954239
vt 0.066301 0.955654
vt 0.069378 0.956141
vt 0.072456 0.955654
vt 0.075233 0.954239
vt 0.077436 0.952036
vt 0.078850 0.949259
vt 0.079338 0.946181
vt 0.564987 0.949278
vt 0.563573 0.952055
vt 0.555515 0.946200
vt 0.561369 0.954258
vt 0.558593 0.955673
vt 0.555515 0.956160
vt 0.552438 0.955673
vt 0.549661 0.954258
vt 0.547458 0.952055
vt 0.546043 0.949278
vt 0.545556 0.946200
vt 0.546043 0.943123
vt 0.547458 0.940346
vt 0.549661 0.938143
vt 0.552438 0.936728
vt 0.555515 0.936241
vt 0.558593 0.936728
vt 0.561369 0.938143
vt 0.563573 0.940346
vt 0.564987 0.943123
vt 0.565475 0.946200
vt 0.629793 0.524144
vt 0.634725 0.524144
vt 0.634725 0.574069
vt 0.629793 0.574069
vt 0.625343 0.524144
vt 0.625343 0.574069
vt 0.868778 0.534935
vt 0.872309 0.534935
vt 0.872309 0.584861
vt 0.868778 0.584861
vt 0.864329 0.534935
vt 0.864329 0.584861
vt 0.859397 0.534935
vt 0.859397 0.584861
vt 0.854464 0.534935
vt 0.854464 0.584861
vt 0.850015 0.534935
vt 0.850015 0.584861
vt 0.846484 0.534935
vt 0.846484 0.584861
vt 0.951971 0.586766
vt 0.947522 0.586766
vt 0.947522 0.536840
vt 0.951971 0.536840
vt 0.956904 0.586766
vt 0.956904 0.536840
vt 0.961836 0.586766
vt 0.961836 0.536840
vt 0.966285 0.586766
vt 0.966285 0.536840
vt 0.670514 0.542560
vt 0.674045 0.542560
vt 0.674045 0.592485
vt 0.670514 0.592485
vt 0.666065 0.542560
vt 0.666065 0.592485
vt 0.661133 0.542560
vt 0.661133 0.592485
vt 0.656200 0.542560
vt 0.656200 0.592485
vt 0.651751 0.542560
vt 0.651751 0.592485
vt 0.648220 0.542560
vt 0.648220 0.592485
vt 0.639657 0.524144
vt 0.644106 0.524144
vt 0.644106 0.574069
vt 0.639657 0.574069
vt 0.640729 0.003899
vt 0.643807 0.003899
vt 0.643807 0.249034
vt 0.640729 0.249034
vt 0.637652 0.003899
vt 0.637652 0.249034
vt 0.634875 0.003899
vt 0.634875 0.249034
vt 0.665944 0.003899
vt 0.668148 0.003899
vt 0.668148 0.249034
vt 0.665944 0.249034
vt 0.663168 0.003899
vt 0.663168 0.249034
vt 0.660090 0.003899
vt 0.660090 0.249034
vt 0.657013 0.003899
vt 0.657013 0.249034
vt 0.654236 0.003899
vt 0.654236 0.249034
vt 0.652033 0.003899
vt 0.652033 0.249034
vt 0.675780 0.249034
vt 0.673003 0.249034
vt 0.673003 0.003899
vt 0.675780 0.003899
vt 0.678857 0.249034
vt 0.678857 0.003899
vt 0.681935 0.249034
vt 0.681935 0.003899
vt 0.684711 0.249034
vt 0.684711 0.003899
vt 0.704072 0.003899
vt 0.706275 0.003899
vt 0.706275 0.249034
vt 0.704072 0.249034
vt 0.701296 0.003899
vt 0.701296 0.249034
vt 0.698218 0.003899
vt 0.698218 0.249034
vt 0.695140 0.003899
vt 0.695140 0.249034
vt 0.692364 0.003899
vt 0.692364 0.249034
vt 0.690161 0.003899
vt 0.690161 0.249034
vt 0.646584 0.003899
vt 0.646584 0.249034
vt 0.819644 0.759145
vt 0.824576 0.759145
vt 0.824576 0.806074
vt 0.819644 0.806074
vt 0.814712 0.759145
vt 0.814712 0.806074
vt 0.810263 0.759145
vt 0.810263 0.806074
vt 0.866872 0.759145
vt 0.870403 0.759145
vt 0.870403 0.806074
vt 0.866872 0.806074
vt 0.862422 0.759145
vt 0.862422 0.806074
vt 0.857490 0.759145
vt 0.857490 0.806074
vt 0.852558 0.759145
vt 0.852558 0.806074
vt 0.848108 0.759145
vt 0.848108 0.806074
vt 0.844578 0.759145
vt 0.844578 0.806074
vt 0.711767 0.812461
vt 0.707318 0.812461
vt 0.707318 0.765532
vt 0.711767 0.765532
vt 0.716699 0.812461
vt 0.716699 0.765532
vt 0.721632 0.812461
vt 0.721632 0.765532
vt 0.726081 0.812461
vt 0.726081 0.765532
vt 0.487498 0.770681
vt 0.491029 0.770681
vt 0.491029 0.817610
vt 0.487498 0.817610
vt 0.483049 0.770681
vt 0.483049 0.817610
vt 0.478117 0.770681
vt 0.478117 0.817610
vt 0.473184 0.770681
vt 0.473184 0.817610
vt 0.468735 0.770681
vt 0.468735 0.817610
vt 0.465204 0.770681
vt 0.465204 0.817610
vt 0.829026 0.759145
vt 0.829026 0.806074
vt 0.347759 0.190727
vt 0.350837 0.190727
vt 0.350837 0.394664
vt 0.347759 0.394664
vt 0.344983 0.190727
vt 0.344983 0.394664
vt 0.475303 0.143067
vt 0.477506 0.143067
vt 0.477506 0.347004
vt 0.475303 0.347004
vt 0.472526 0.143067
vt 0.472526 0.347004
vt 0.469449 0.143067
vt 0.469449 0.347004
vt 0.466371 0.143067
vt 0.466371 0.347004
vt 0.463595 0.143067
vt 0.463595 0.347004
vt 0.461391 0.143067
vt 0.461391 0.347004
vt 0.961737 0.413728
vt 0.958961 0.413728
vt 0.958961 0.209791
vt 0.961737 0.209791
vt 0.964815 0.413728
vt 0.964815 0.209791
vt 0.967892 0.413728
vt 0.967892 0.209791
vt 0.970669 0.413728
vt 0.970669 0.209791
vt 0.948089 0.211698
vt 0.950293 0.211698
vt 0.950293 0.415635
vt 0.948089 0.415635
vt 0.945313 0.211698
vt 0.945313 0.415635
vt 0.942235 0.211698
vt 0.942235 0.415635
vt 0.939157 0.211698
vt 0.939157 0.415635
vt 0.936381 0.211698
vt 0.936381 0.415635
vt 0.934178 0.211698
vt 0.934178 0.415635
vt 0.353914 0.190727
vt 0.356691 0.190727
vt 0.356691 0.394664
vt 0.353914 0.394664
vt 0.082291 0.936800
vt 0.084558 0.941249
vt 0.685583 0.957773
vt 0.686998 0.954997
vt 0.692705 0.956851
vt 0.690438 0.961301
vt 0.078760 0.933269
vt 0.683380 0.959977
vt 0.686907 0.964832
vt 0.074311 0.931002
vt 0.680603 0.961391
vt 0.682458 0.967099
vt 0.069378 0.930221
vt 0.677526 0.961879
vt 0.677526 0.967880
vt 0.064446 0.931002
vt 0.674448 0.961391
vt 0.672593 0.967099
vt 0.059997 0.933269
vt 0.671671 0.959977
vt 0.668144 0.964832
vt 0.056466 0.936800
vt 0.669468 0.957773
vt 0.664613 0.961301
vt 0.054199 0.941249
vt 0.668054 0.954997
vt 0.662346 0.956851
vt 0.053418 0.946181
vt 0.667566 0.951919
vt 0.661565 0.951919
vt 0.054199 0.951114
vt 0.668054 0.948842
vt 0.662346 0.946987
vt 0.056466 0.955563
vt 0.669468 0.946065
vt 0.664613 0.942538
vt 0.059997 0.959094
vt 0.671671 0.943862
vt 0.668144 0.939007
vt 0.064446 0.961361
vt 0.674448 0.942447
vt 0.672593 0.936740
vt 0.069378 0.962142
vt 0.677526 0.941960
vt 0.677526 0.935959
vt 0.074311 0.961361
vt 0.680603 0.942447
vt 0.682458 0.936740
vt 0.078760 0.959094
vt 0.683380 0.943862
vt 0.686907 0.939007
vt 0.082291 0.955563
vt 0.685583 0.946065
vt 0.690438 0.942538
vt 0.084558 0.951114
vt 0.686998 0.948842
vt 0.692705 0.946987
vt 0.085339 0.946181
vt 0.687485 0.951919
vt 0.693486 0.951919
vt 0.727827 0.963298
vt 0.730904 0.963785
vt 0.730904 0.969787
vt 0.725972 0.969005
vt 0.550583 0.931021
vt 0.555515 0.930240
vt 0.725050 0.961883
vt 0.721523 0.966738
vt 0.546134 0.933288
vt 0.722847 0.959680
vt 0.717992 0.963207
vt 0.542603 0.936819
vt 0.721432 0.956903
vt 0.715725 0.958758
vt 0.540335 0.941268
vt 0.720945 0.953826
vt 0.714944 0.953826
vt 0.539554 0.946200
vt 0.721432 0.950748
vt 0.715725 0.948894
vt 0.540335 0.951133
vt 0.722847 0.947972
vt 0.717992 0.944444
vt 0.542603 0.955582
vt 0.725050 0.945768
vt 0.721523 0.940913
vt 0.546134 0.959113
vt 0.727827 0.944354
vt 0.725972 0.938646
vt 0.550583 0.961380
vt 0.730904 0.943866
vt 0.730904 0.937865
vt 0.555515 0.962161
vt 0.733982 0.944354
vt 0.735837 0.938646
vt 0.560447 0.961380
vt 0.736758 0.945768
vt 0.740286 0.940913
vt 0.564897 0.959113
vt 0.738962 0.947972
vt 0.743817 0.944444
vt 0.568428 0.955582
vt 0.740376 0.950748
vt 0.746084 0.948894
vt 0.570695 0.951133
vt 0.740864 0.953826
vt 0.746865 0.953826
vt 0.571476 0.946200
vt 0.740376 0.956903
vt 0.746084 0.958758
vt 0.570695 0.941268
vt 0.738962 0.959680
vt 0.743817 0.963207
vt 0.568428 0.936819
vt 0.736758 0.961883
vt 0.740286 0.966738
vt 0.564897 0.933288
vt 0.733982 0.963298
vt 0.735837 0.969005
vt 0.560447 0.931021
vt 0.816692 0.966185
vt 0.819769 0.965697
vt 0.821624 0.971405
vt 0.816692 0.972186
vt 0.390828 0.948424
vt 0.387750 0.947937
vt 0.387750 0.941935
vt 0.392682 0.942716
vt 0.813614 0.965697
vt 0.811759 0.971405
vt 0.384672 0.948424
vt 0.382818 0.942716
vt 0.810837 0.964282
vt 0.807310 0.969138
vt 0.381896 0.949839
vt 0.378369 0.944983
vt 0.808634 0.962079
vt 0.803779 0.965607
vt 0.379693 0.952042
vt 0.374838 0.948515
vt 0.807220 0.959303
vt 0.801512 0.961157
vt 0.378278 0.954818
vt 0.372570 0.952964
vt 0.806732 0.956225
vt 0.800731 0.956225
vt 0.377791 0.957896
vt 0.371789 0.957896
vt 0.807220 0.953147
vt 0.801512 0.951293
vt 0.378278 0.960974
vt 0.372570 0.962828
vt 0.808634 0.950371
vt 0.803779 0.946843
vt 0.379693 0.963750
vt 0.374838 0.967278
vt 0.810837 0.948168
vt 0.807310 0.943312
vt 0.381896 0.965954
vt 0.378369 0.970809
vt 0.813614 0.946753
vt 0.811759 0.941045
vt 0.384672 0.967368
vt 0.382818 0.973076
vt 0.816692 0.946266
vt 0.816692 0.940264
vt 0.387750 0.967856
vt 0.387750 0.973857
vt 0.819769 0.946753
vt 0.821624 0.941045
vt 0.390828 0.967368
vt 0.392682 0.973076
vt 0.822546 0.948168
vt 0.826073 0.943312
vt 0.393604 0.965954
vt 0.397132 0.970809
vt 0.824749 0.950371
vt 0.829604 0.946843
vt 0.395808 0.963750
vt 0.400663 0.967278
vt 0.826164 0.953147
vt 0.831871 0.951293
vt 0.397222 0.960974
vt 0.402930 0.962828
vt 0.826651 0.956225
vt 0.832652 0.956225
vt 0.397710 0.957896
vt 0.403711 0.957896
vt 0.826164 0.959303
vt 0.831871 0.961157
vt 0.397222 0.954818
vt 0.402930 0.952964
vt 0.824749 0.962079
vt 0.829604 0.965607
vt 0.395808 0.952042
vt 0.400663 0.948515
vt 0.822546 0.964282
vt 0.826073 0.969138
vt 0.393604 0.949839
vt 0.397132 0.944983
vt 0.490342 0.337629
vt 0.490342 0.397983
vt 0.485893 0.397983
vt 0.485893 0.337629
vt 0.482362 0.397983
vt 0.482362 0.337629
vt 0.548785 0.337629
vt 0.548785 0.397983
vt 0.544336 0.397983
vt 0.544336 0.337629
vt 0.539404 0.397983
vt 0.539404 0.337629
vt 0.534472 0.397983
vt 0.534472 0.337629
vt 0.530022 0.397983
vt 0.530022 0.337629
vt 0.595882 0.339526
vt 0.595882 0.399880
vt 0.592351 0.399880
vt 0.592351 0.339526
vt 0.587902 0.399880
vt 0.587902 0.339526
vt 0.582970 0.399880
vt 0.582970 0.339526
vt 0.578038 0.399880
vt 0.578038 0.339526
vt 0.573588 0.399880
vt 0.573588 0.339526
vt 0.570057 0.399880
vt 0.570057 0.339526
vt 0.907488 0.420850
vt 0.907488 0.360496
vt 0.911938 0.360496
vt 0.911938 0.420850
vt 0.916870 0.360496
vt 0.916870 0.420850
vt 0.921802 0.360496
vt 0.921802 0.420850
vt 0.926251 0.360496
vt 0.926251 0.420850
vt 0.508187 0.337629
vt 0.508187 0.397983
vt 0.504656 0.397983
vt 0.504656 0.337629
vt 0.500206 0.397983
vt 0.500206 0.337629
vt 0.495274 0.397983
vt 0.495274 0.337629
vt 0.891473 0.965656
vt 0.883415 0.959802
vt 0.892887 0.962880
vt 0.889269 0.967860
vt 0.886493 0.969274
vt 0.883415 0.969762
vt 0.880337 0.969274
vt 0.877561 0.967860
vt 0.875358 0.965656
vt 0.873943 0.962880
vt 0.873455 0.959802
vt 0.873943 0.956725
vt 0.875358 0.953948
vt 0.877561 0.951745
vt 0.880337 0.950330
vt 0.883415 0.949843
vt 0.886493 0.950330
vt 0.889269 0.951745
vt 0.891473 0.953948
vt 0.892887 0.956725
vt 0.893375 0.959802
vt 0.261866 0.956725
vt 0.252394 0.959803
vt 0.260452 0.953948
vt 0.258248 0.951745
vt 0.255472 0.950330
vt 0.252394 0.949843
vt 0.249317 0.950330
vt 0.246540 0.951745
vt 0.244337 0.953948
vt 0.242922 0.956725
vt 0.242435 0.959803
vt 0.242922 0.962880
vt 0.244337 0.965657
vt 0.246540 0.967860
vt 0.249317 0.969275
vt 0.252394 0.969762
vt 0.255472 0.969275
vt 0.258248 0.967860
vt 0.260452 0.965657
vt 0.261866 0.962880
vt 0.262354 0.959803
vt 0.568787 0.593056
vt 0.568787 0.543131
vt 0.573719 0.543131
vt 0.573719 0.593056
vt 0.564338 0.593056
vt 0.564338 0.543131
vt 0.754696 0.546273
vt 0.754696 0.596198
vt 0.751165 0.596198
vt 0.751165 0.546273
vt 0.759145 0.546273
vt 0.759145 0.596198
vt 0.764077 0.546273
vt 0.764077 0.596198
vt 0.769009 0.546273
vt 0.769009 0.596198
vt 0.773459 0.546273
vt 0.773459 0.596198
vt 0.776990 0.546273
vt 0.776990 0.596198
vt 0.349432 0.548180
vt 0.349432 0.598105
vt 0.344983 0.598105
vt 0.344983 0.548180
vt 0.354364 0.548180
vt 0.354364 0.598105
vt 0.359296 0.548180
vt 0.359296 0.598105
vt 0.363746 0.548180
vt 0.363746 0.598105
vt 0.682253 0.548180
vt 0.682253 0.598105
vt 0.678722 0.598105
vt 0.678722 0.548180
vt 0.686703 0.548180
vt 0.686703 0.598105
vt 0.691635 0.548180
vt 0.691635 0.598105
vt 0.696567 0.548180
vt 0.696567 0.598105
vt 0.701016 0.548180
vt 0.701016 0.598105
vt 0.704547 0.548180
vt 0.704547 0.598105
vt 0.578652 0.593056
vt 0.578652 0.543131
vt 0.583101 0.543131
vt 0.583101 0.593056
vt 0.716985 0.249034
vt 0.716985 0.003899
vt 0.720063 0.003899
vt 0.720063 0.249034
vt 0.713907 0.249034
vt 0.713907 0.003899
vt 0.711131 0.249034
vt 0.711131 0.003899
vt 0.732398 0.003899
vt 0.732398 0.249034
vt 0.730195 0.249034
vt 0.730195 0.003899
vt 0.735174 0.003899
vt 0.735174 0.249034
vt 0.738252 0.003899
vt 0.738252 0.249034
vt 0.741330 0.003899
vt 0.741330 0.249034
vt 0.744106 0.003899
vt 0.744106 0.249034
vt 0.746310 0.003899
vt 0.746310 0.249034
vt 0.755848 0.003899
vt 0.755848 0.249034
vt 0.753071 0.249034
vt 0.753071 0.003899
vt 0.758925 0.003899
vt 0.758925 0.249034
vt 0.762003 0.003899
vt 0.762003 0.249034
vt 0.764779 0.003899
vt 0.764779 0.249034
vt 0.774338 0.003899
vt 0.774338 0.249034
vt 0.772135 0.249034
vt 0.772135 0.003899
vt 0.777115 0.003899
vt 0.777115 0.249034
vt 0.780192 0.003899
vt 0.780192 0.249034
vt 0.783270 0.003899
vt 0.783270 0.249034
vt 0.786047 0.003899
vt 0.786047 0.249034
vt 0.788250 0.003899
vt 0.788250 0.249034
vt 0.722839 0.003899
vt 0.722839 0.249034
vt 0.688104 0.813797
vt 0.688104 0.766867
vt 0.693036 0.766867
vt 0.693036 0.813797
vt 0.683171 0.813797
vt 0.683171 0.766867
vt 0.678722 0.813797
vt 0.678722 0.766867
vt 0.499238 0.791651
vt 0.499238 0.838581
vt 0.495707 0.838581
vt 0.495707 0.791651
vt 0.503687 0.791651
vt 0.503687 0.838581
vt 0.508619 0.791651
vt 0.508619 0.838581
vt 0.513551 0.791651
vt 0.513551 0.838581
vt 0.518001 0.791651
vt 0.518001 0.838581
vt 0.521532 0.791651
vt 0.521532 0.838581
vt 0.349432 0.770850
vt 0.349432 0.817779
vt 0.344983 0.817779
vt 0.344983 0.770850
vt 0.354364 0.770850
vt 0.354364 0.817779
vt 0.359296 0.770850
vt 0.359296 0.817779
vt 0.363746 0.770850
vt 0.363746 0.817779
vt 0.546898 0.791820
vt 0.546898 0.838750
vt 0.543367 0.838750
vt 0.543367 0.791820
vt 0.551348 0.791820
vt 0.551348 0.838750
vt 0.556280 0.791820
vt 0.556280 0.838750
vt 0.561212 0.791820
vt 0.561212 0.838750
vt 0.565661 0.791820
vt 0.565661 0.838750
vt 0.569192 0.791820
vt 0.569192 0.838750
vt 0.697485 0.766867
vt 0.697485 0.813797
vt 0.797788 0.415635
vt 0.797788 0.211698
vt 0.800866 0.211698
vt 0.800866 0.415635
vt 0.795012 0.415635
vt 0.795012 0.211698
vt 0.816279 0.211698
vt 0.816279 0.415635
vt 0.814075 0.415635
vt 0.814075 0.211698
vt 0.819055 0.211698
vt 0.819055 0.415635
vt 0.822133 0.211698
vt 0.822133 0.415635
vt 0.825211 0.211698
vt 0.825211 0.415635
vt 0.827987 0.211698
vt 0.827987 0.415635
vt 0.830190 0.211698
vt 0.830190 0.415635
vt 0.839729 0.212548
vt 0.839729 0.416485
vt 0.836952 0.416485
vt 0.836952 0.212548
vt 0.842806 0.212548
vt 0.842806 0.416485
vt 0.845884 0.212548
vt 0.845884 0.416485
vt 0.848660 0.212548
vt 0.848660 0.416485
vt 0.858219 0.212549
vt 0.858219 0.416485
vt 0.856016 0.416485
vt 0.856016 0.212549
vt 0.860995 0.212549
vt 0.860995 0.416485
vt 0.864073 0.212549
vt 0.864073 0.416485
vt 0.867151 0.212549
vt 0.867151 0.416485
vt 0.869927 0.212549
vt 0.869927 0.416485
vt 0.872131 0.212549
vt 0.872131 0.416485
vt 0.803944 0.415635
vt 0.803944 0.211698
vt 0.806720 0.211698
vt 0.806720 0.415635
vt 0.898595 0.964734
vt 0.896328 0.969184
vt 0.218511 0.955854
vt 0.223366 0.952327
vt 0.225633 0.956776
vt 0.219925 0.958630
vt 0.892796 0.972715
vt 0.216307 0.953651
vt 0.219834 0.948795
vt 0.888347 0.974982
vt 0.213531 0.952236
vt 0.215385 0.946528
vt 0.883415 0.975763
vt 0.210453 0.951748
vt 0.210453 0.945747
vt 0.878483 0.974982
vt 0.207375 0.952236
vt 0.205521 0.946528
vt 0.874034 0.972715
vt 0.204599 0.953651
vt 0.201072 0.948795
vt 0.870502 0.969184
vt 0.202396 0.955854
vt 0.197540 0.952327
vt 0.868235 0.964734
vt 0.200981 0.958630
vt 0.195273 0.956776
vt 0.867454 0.959802
vt 0.200493 0.961708
vt 0.194492 0.961708
vt 0.868235 0.954870
vt 0.200981 0.964786
vt 0.195273 0.966640
vt 0.870502 0.950421
vt 0.202396 0.967562
vt 0.197540 0.971090
vt 0.874034 0.946890
vt 0.204599 0.969765
vt 0.201072 0.974621
vt 0.878483 0.944623
vt 0.207375 0.971180
vt 0.205521 0.976888
vt 0.883415 0.943841
vt 0.210453 0.971668
vt 0.210453 0.977669
vt 0.888347 0.944623
vt 0.213531 0.971180
vt 0.215385 0.976888
vt 0.892797 0.946890
vt 0.216307 0.969765
vt 0.219835 0.974621
vt 0.896328 0.950421
vt 0.218511 0.967562
vt 0.223366 0.971090
vt 0.898595 0.954870
vt 0.219925 0.964786
vt 0.225633 0.966640
vt 0.899376 0.959802
vt 0.220413 0.961708
vt 0.226414 0.961708
vt 0.472368 0.951470
vt 0.470513 0.945763
vt 0.475445 0.944981
vt 0.475445 0.950983
vt 0.252394 0.975763
vt 0.247462 0.974982
vt 0.469591 0.952885
vt 0.466064 0.948030
vt 0.243013 0.972715
vt 0.467388 0.955088
vt 0.462533 0.951561
vt 0.239482 0.969184
vt 0.465973 0.957865
vt 0.460266 0.956010
vt 0.237215 0.964735
vt 0.465486 0.960942
vt 0.459485 0.960942
vt 0.236433 0.959803
vt 0.465973 0.964020
vt 0.460266 0.965874
vt 0.237215 0.954870
vt 0.467388 0.966796
vt 0.462533 0.970324
vt 0.239482 0.950421
vt 0.469591 0.969000
vt 0.466064 0.973855
vt 0.243013 0.946890
vt 0.472368 0.970414
vt 0.470513 0.976122
vt 0.247462 0.944623
vt 0.475445 0.970902
vt 0.475445 0.976903
vt 0.252394 0.943842
vt 0.478523 0.970414
vt 0.480378 0.976122
vt 0.257326 0.944623
vt 0.481300 0.969000
vt 0.484827 0.973855
vt 0.261776 0.946890
vt 0.483503 0.966796
vt 0.488358 0.970324
vt 0.265307 0.950421
vt 0.484918 0.964020
vt 0.490625 0.965874
vt 0.267574 0.954870
vt 0.485405 0.960942
vt 0.491406 0.960942
vt 0.268355 0.959803
vt 0.484918 0.957865
vt 0.490625 0.956010
vt 0.267574 0.964735
vt 0.483503 0.955088
vt 0.488358 0.951561
vt 0.265307 0.969184
vt 0.481300 0.952885
vt 0.484827 0.948030
vt 0.261776 0.972715
vt 0.478523 0.951470
vt 0.480378 0.945763
vt 0.257326 0.974982
vt 0.330130 0.961570
vt 0.324129 0.961570
vt 0.324910 0.956637
vt 0.330618 0.958492
vt 0.528765 0.960398
vt 0.534473 0.958544
vt 0.535254 0.963476
vt 0.529253 0.963476
vt 0.330618 0.964647
vt 0.324910 0.966502
vt 0.534473 0.968408
vt 0.528765 0.966554
vt 0.332032 0.967424
vt 0.327177 0.970951
vt 0.532206 0.972857
vt 0.527351 0.969330
vt 0.334236 0.969627
vt 0.330708 0.974482
vt 0.528675 0.976388
vt 0.525147 0.971533
vt 0.337012 0.971042
vt 0.335157 0.976749
vt 0.524225 0.978656
vt 0.522371 0.972948
vt 0.340090 0.971529
vt 0.340090 0.977530
vt 0.519293 0.979437
vt 0.519293 0.973435
vt 0.343167 0.971042
vt 0.345022 0.976749
vt 0.514361 0.978656
vt 0.516215 0.972948
vt 0.345944 0.969627
vt 0.349471 0.974482
vt 0.509912 0.976388
vt 0.513439 0.971533
vt 0.348147 0.967424
vt 0.353002 0.970951
vt 0.506381 0.972857
vt 0.511236 0.969330
vt 0.349562 0.964647
vt 0.355269 0.966502
vt 0.504114 0.968408
vt 0.509821 0.966554
vt 0.350049 0.961570
vt 0.356050 0.961570
vt 0.503332 0.963476
vt 0.509334 0.963476
vt 0.349562 0.958492
vt 0.355269 0.956637
vt 0.504114 0.958544
vt 0.509821 0.960398
vt 0.348147 0.955715
vt 0.353002 0.952188
vt 0.506381 0.954094
vt 0.511236 0.957622
vt 0.345944 0.953512
vt 0.349471 0.948657
vt 0.509912 0.950563
vt 0.513439 0.955418
vt 0.343167 0.952097
vt 0.345022 0.946390
vt 0.514361 0.948296
vt 0.516215 0.954004
vt 0.340090 0.951610
vt 0.340090 0.945609
vt 0.519293 0.947515
vt 0.519293 0.953516
vt 0.337012 0.952097
vt 0.335157 0.946390
vt 0.524225 0.948296
vt 0.522371 0.954004
vt 0.334236 0.953512
vt 0.330708 0.948657
vt 0.528675 0.950563
vt 0.525147 0.955418
vt 0.332032 0.955715
vt 0.327177 0.952188
vt 0.532206 0.954094
vt 0.527351 0.957622
vt 0.048395 0.842017
vt 0.052110 0.808660
vt 0.107118 0.814787
vt 0.103402 0.848144
vt 0.372776 0.874328
vt 0.395182 0.795198
vt 0.398081 0.795198
vt 0.375675 0.874328
vt 0.447575 0.874328
vt 0.425169 0.795198
vt 0.428068 0.795198
vt 0.450475 0.874328
vt 0.964680 0.025719
vt 0.967579 0.025719
vt 0.967579 0.084992
vt 0.964680 0.084992
vt 0.360234 0.008561
vt 0.363133 0.008561
vt 0.363133 0.067834
vt 0.360234 0.067834
vt 0.368755 0.083028
vt 0.372776 0.003898
vt 0.375675 0.003898
vt 0.371654 0.083028
vt 0.085549 0.508442
vt 0.140557 0.514569
vt 0.144273 0.481211
vt 0.089265 0.475085
vt 0.454496 0.083028
vt 0.451597 0.083028
vt 0.447575 0.003898
vt 0.450475 0.003898
vt 0.391284 0.162158
vt 0.394183 0.162158
vt 0.029612 0.088792
vt 0.108911 0.091139
vt 0.110075 0.051796
vt 0.029933 0.049425
vt 0.431966 0.162158
vt 0.429067 0.162158
vt 0.372776 0.241288
vt 0.375675 0.241288
vt 0.124186 0.580288
vt 0.133126 0.581284
vt 0.136842 0.547927
vt 0.082413 0.541864
vt 0.450475 0.241288
vt 0.447575 0.241288
vt 0.372776 0.320418
vt 0.375675 0.320418
vt 0.026439 0.167453
vt 0.106582 0.169824
vt 0.107746 0.130482
vt 0.094722 0.130096
vt 0.450475 0.320418
vt 0.447575 0.320418
vt 0.360539 0.399548
vt 0.364966 0.370923
vt 0.367865 0.370923
vt 0.363439 0.399548
vt 0.070687 0.641872
vt 0.125695 0.647999
vt 0.127039 0.635932
vt 0.072031 0.629805
vt 0.462711 0.399548
vt 0.459812 0.399548
vt 0.455385 0.370923
vt 0.458284 0.370923
vt 0.344983 0.478678
vt 0.347882 0.478678
vt 0.064838 0.247343
vt 0.104253 0.248510
vt 0.105418 0.209167
vt 0.025275 0.206795
vt 0.478268 0.478678
vt 0.475368 0.478678
vt 0.372776 0.557808
vt 0.375675 0.557808
vt 0.099349 0.721860
vt 0.118264 0.714714
vt 0.121980 0.681356
vt 0.094926 0.678343
vt 0.450475 0.579488
vt 0.447575 0.579488
vt 0.372776 0.636938
vt 0.375675 0.636938
vt 0.039344 0.325343
vt 0.101925 0.327195
vt 0.103089 0.287853
vt 0.076695 0.297860
vt 0.450475 0.636938
vt 0.447575 0.636938
vt 0.392092 0.716068
vt 0.394992 0.716068
vt 0.055825 0.775302
vt 0.110833 0.781429
vt 0.114549 0.748072
vt 0.071595 0.743287
vt 0.431158 0.716068
vt 0.428259 0.716068
vt 0.019453 0.403509
vt 0.099596 0.405881
vt 0.100760 0.366538
vt 0.020618 0.364166
vt 0.360234 0.127107
vt 0.363133 0.127107
vt 0.363133 0.186379
vt 0.360234 0.186379
vt 0.213417 0.860398
vt 0.217133 0.827040
vt 0.162125 0.820914
vt 0.158409 0.854271
vt 0.180903 0.368910
vt 0.179739 0.408253
vt 0.259881 0.410625
vt 0.223413 0.370168
vt 0.169556 0.754199
vt 0.165840 0.787556
vt 0.195018 0.790806
vt 0.224564 0.760325
vt 0.183232 0.290224
vt 0.182067 0.329567
vt 0.262210 0.331939
vt 0.263374 0.292596
vt 0.176987 0.687483
vt 0.173271 0.720841
vt 0.228279 0.726968
vt 0.218735 0.692133
vt 0.185560 0.211539
vt 0.184396 0.250882
vt 0.245220 0.252682
vt 0.230836 0.212879
vt 0.182046 0.642059
vt 0.180702 0.654126
vt 0.211779 0.657587
vt 0.182046 0.642059
vt 0.187889 0.132854
vt 0.186725 0.172196
vt 0.224285 0.173308
vt 0.225449 0.133965
vt 0.191849 0.554054
vt 0.188133 0.587411
vt 0.213914 0.590283
vt 0.210164 0.556093
vt 0.190218 0.054168
vt 0.189053 0.093511
vt 0.215738 0.094301
vt 0.239262 0.055620
vt 0.199280 0.487338
vt 0.195564 0.520696
vt 0.229227 0.524445
vt 0.254288 0.493465
vt 0.964680 0.144265
vt 0.967579 0.144265
vt 0.967579 0.203537
vt 0.964680 0.203537
vt 0.178574 0.447595
vt 0.098432 0.445223
vt 0.105839 0.194935
vt 0.185982 0.197307
vt 0.129411 0.614642
vt 0.184418 0.620768
vt 0.111239 0.012454
vt 0.191382 0.014825
vt 0.370195 0.337108
vt 0.373094 0.337108
vt 0.183634 0.627804
vt 0.210532 0.630800
vt 0.106336 0.178122
vt 0.186479 0.180494
vt 0.128627 0.621677
vt 0.073619 0.615550
vt 0.450156 0.337108
vt 0.453055 0.337108
vt 0.210198 0.623640
vt 0.074403 0.608515
vt 0.923132 0.737446
vt 0.919725 0.737338
vt 0.919725 0.688890
vt 0.923132 0.688997
vt 0.917020 0.737171
vt 0.917020 0.688723
vt 0.908487 0.672712
vt 0.905086 0.672501
vt 0.908090 0.624053
vt 0.911492 0.624264
vt 0.901315 0.672267
vt 0.904320 0.623819
vt 0.897545 0.672033
vt 0.900549 0.623585
vt 0.894144 0.671822
vt 0.897148 0.623374
vt 0.601276 0.741435
vt 0.598571 0.741267
vt 0.598571 0.692819
vt 0.601276 0.692986
vt 0.595163 0.741160
vt 0.595163 0.692712
vt 0.591386 0.741123
vt 0.591386 0.692674
vt 0.587608 0.741160
vt 0.587608 0.692712
vt 0.584200 0.741267
vt 0.584200 0.692819
vt 0.581496 0.741435
vt 0.581496 0.692986
vt 0.932462 0.679448
vt 0.929061 0.679659
vt 0.926056 0.631210
vt 0.929457 0.630999
vt 0.925290 0.679893
vt 0.922286 0.631444
vt 0.921520 0.680126
vt 0.918515 0.631678
vt 0.918119 0.680337
vt 0.915114 0.631889
vt 0.936800 0.737171
vt 0.934096 0.737338
vt 0.934096 0.688890
vt 0.936800 0.688723
vt 0.930688 0.737446
vt 0.930688 0.688997
vt 0.926910 0.737483
vt 0.926910 0.689034
vt 0.538072 0.987335
vt 0.536339 0.983927
vt 0.547943 0.980150
vt 0.540771 0.990040
vt 0.544172 0.991776
vt 0.547943 0.992374
vt 0.551713 0.991776
vt 0.555114 0.990040
vt 0.557814 0.987335
vt 0.559547 0.983927
vt 0.560144 0.980150
vt 0.559547 0.976372
vt 0.557814 0.972964
vt 0.555114 0.970260
vt 0.551713 0.968523
vt 0.547943 0.967925
vt 0.544172 0.968523
vt 0.540771 0.970260
vt 0.538072 0.972964
vt 0.536339 0.976372
vt 0.535742 0.980150
vt 0.265627 0.980185
vt 0.267360 0.976777
vt 0.277231 0.983963
vt 0.270059 0.974073
vt 0.273461 0.972337
vt 0.277231 0.971738
vt 0.281001 0.972337
vt 0.284403 0.974073
vt 0.287102 0.976777
vt 0.288835 0.980185
vt 0.289432 0.983963
vt 0.288835 0.987741
vt 0.287102 0.991148
vt 0.284403 0.993853
vt 0.281001 0.995589
vt 0.277231 0.996188
vt 0.273461 0.995589
vt 0.270059 0.993853
vt 0.267360 0.991148
vt 0.265627 0.987741
vt 0.265030 0.983963
vt 0.703273 0.542017
vt 0.697980 0.542345
vt 0.694935 0.493250
vt 0.700228 0.492921
vt 0.708565 0.541689
vt 0.705520 0.492593
vt 0.713340 0.541392
vt 0.710294 0.492297
vt 0.713021 0.627155
vt 0.709224 0.627390
vt 0.709224 0.578294
vt 0.713021 0.578059
vt 0.717804 0.627004
vt 0.717804 0.577908
vt 0.723107 0.626952
vt 0.723107 0.577856
vt 0.728410 0.627004
vt 0.728410 0.577908
vt 0.733193 0.627155
vt 0.733193 0.578059
vt 0.736990 0.627390
vt 0.736990 0.578294
vt 0.574832 0.539783
vt 0.570057 0.539486
vt 0.573102 0.490391
vt 0.577877 0.490687
vt 0.580124 0.540111
vt 0.583169 0.491015
vt 0.585417 0.540439
vt 0.588462 0.491344
vt 0.590191 0.540735
vt 0.593236 0.491640
vt 0.787370 0.640533
vt 0.783573 0.640298
vt 0.783573 0.591202
vt 0.787370 0.591437
vt 0.792153 0.640684
vt 0.792153 0.591588
vt 0.797456 0.640736
vt 0.797456 0.591640
vt 0.802759 0.640684
vt 0.802759 0.591588
vt 0.807542 0.640533
vt 0.807542 0.591437
vt 0.811339 0.640298
vt 0.811339 0.591202
vt 0.693205 0.542641
vt 0.690161 0.493546
vt 0.955117 0.914697
vt 0.951347 0.915295
vt 0.949825 0.910602
vt 0.955117 0.909762
vt 0.223100 0.939314
vt 0.226871 0.939912
vt 0.226871 0.944848
vt 0.221578 0.944008
vt 0.958888 0.915295
vt 0.960410 0.910602
vt 0.230641 0.939314
vt 0.232163 0.944008
vt 0.962289 0.917032
vt 0.965184 0.913039
vt 0.234042 0.937578
vt 0.236938 0.941570
vt 0.964988 0.919736
vt 0.968973 0.916835
vt 0.236742 0.934873
vt 0.240727 0.937774
vt 0.966721 0.923144
vt 0.971406 0.921619
vt 0.238475 0.931465
vt 0.243159 0.932990
vt 0.967319 0.926922
vt 0.972244 0.926922
vt 0.239072 0.927688
vt 0.243998 0.927688
vt 0.966721 0.930699
vt 0.971406 0.932225
vt 0.238475 0.923910
vt 0.243159 0.922385
vt 0.964988 0.934107
vt 0.968973 0.937008
vt 0.236742 0.920502
vt 0.240727 0.917601
vt 0.962289 0.936812
vt 0.965184 0.940804
vt 0.234042 0.917798
vt 0.236938 0.913805
vt 0.958888 0.938548
vt 0.960410 0.943242
vt 0.230641 0.916061
vt 0.232163 0.911368
vt 0.955117 0.939146
vt 0.955117 0.944082
vt 0.226871 0.915463
vt 0.226871 0.910528
vt 0.951347 0.938548
vt 0.949825 0.943242
vt 0.223100 0.916061
vt 0.221578 0.911368
vt 0.947946 0.936812
vt 0.945050 0.940804
vt 0.219699 0.917798
vt 0.216804 0.913805
vt 0.945247 0.934107
vt 0.941261 0.937008
vt 0.217000 0.920502
vt 0.213015 0.917601
vt 0.943513 0.930699
vt 0.938829 0.932225
vt 0.215267 0.923910
vt 0.210582 0.922385
vt 0.942916 0.926922
vt 0.937990 0.926922
vt 0.214670 0.927688
vt 0.209744 0.927688
vt 0.943513 0.923144
vt 0.938829 0.921619
vt 0.215267 0.931465
vt 0.210582 0.932990
vt 0.945247 0.919736
vt 0.941261 0.916835
vt 0.217000 0.934873
vt 0.213015 0.937774
vt 0.947946 0.917032
vt 0.945050 0.913039
vt 0.219699 0.937578
vt 0.216804 0.941570
vt 0.703828 0.853140
vt 0.707236 0.853033
vt 0.707236 0.896794
vt 0.703828 0.896902
vt 0.709940 0.852865
vt 0.709940 0.896627
vt 0.646314 0.833319
vt 0.649715 0.833108
vt 0.652429 0.876870
vt 0.649028 0.877081
vt 0.653485 0.832874
vt 0.656199 0.876636
vt 0.657256 0.832641
vt 0.659970 0.876402
vt 0.660657 0.832430
vt 0.663371 0.876191
vt 0.591028 0.855125
vt 0.593732 0.854957
vt 0.593732 0.898719
vt 0.591028 0.898886
vt 0.597140 0.854850
vt 0.597140 0.898611
vt 0.600918 0.854813
vt 0.600918 0.898574
vt 0.604695 0.854850
vt 0.604695 0.898611
vt 0.608103 0.854957
vt 0.608103 0.898719
vt 0.610808 0.855125
vt 0.610808 0.898886
vt 0.751973 0.832431
vt 0.755374 0.832642
vt 0.752660 0.876404
vt 0.749258 0.876192
vt 0.759144 0.832876
vt 0.756430 0.876637
vt 0.762914 0.833110
vt 0.760200 0.876871
vt 0.766316 0.833321
vt 0.763602 0.877082
vt 0.690161 0.852865
vt 0.692865 0.853033
vt 0.692865 0.896794
vt 0.690161 0.896627
vt 0.696273 0.853140
vt 0.696273 0.896902
vt 0.700050 0.853177
vt 0.700050 0.896939
vt 0.619947 0.745211
vt 0.619947 0.696762
vt 0.623354 0.696655
vt 0.623354 0.745103
vt 0.626059 0.696487
vt 0.626059 0.744936
vt 0.586407 0.682243
vt 0.583402 0.633794
vt 0.586803 0.633584
vt 0.589808 0.682032
vt 0.590574 0.633350
vt 0.593579 0.681798
vt 0.594344 0.633116
vt 0.597349 0.681564
vt 0.597745 0.632905
vt 0.600750 0.681353
vt 0.802637 0.749062
vt 0.802637 0.700613
vt 0.805342 0.700446
vt 0.805342 0.748894
vt 0.808750 0.700338
vt 0.808750 0.748787
vt 0.812527 0.700301
vt 0.812527 0.748750
vt 0.816305 0.700338
vt 0.816305 0.748787
vt 0.819713 0.700446
vt 0.819713 0.748894
vt 0.822417 0.700613
vt 0.822417 0.749062
vt 0.693973 0.681353
vt 0.696978 0.632905
vt 0.700379 0.633115
vt 0.697375 0.681564
vt 0.704150 0.633349
vt 0.701145 0.681798
vt 0.707920 0.633583
vt 0.704915 0.682032
vt 0.711321 0.633794
vt 0.708317 0.682243
vt 0.606279 0.744936
vt 0.606279 0.696487
vt 0.608984 0.696655
vt 0.608984 0.745103
vt 0.612391 0.696762
vt 0.612391 0.745211
vt 0.616169 0.696799
vt 0.616169 0.745248
vt 0.356962 0.976777
vt 0.366833 0.983963
vt 0.355229 0.980185
vt 0.359661 0.974073
vt 0.363062 0.972336
vt 0.366833 0.971738
vt 0.370603 0.972336
vt 0.374004 0.974073
vt 0.376704 0.976777
vt 0.378437 0.980185
vt 0.379034 0.983963
vt 0.378437 0.987740
vt 0.376704 0.991148
vt 0.374004 0.993853
vt 0.370603 0.995589
vt 0.366833 0.996187
vt 0.363062 0.995589
vt 0.359661 0.993853
vt 0.356962 0.991148
vt 0.355229 0.987740
vt 0.354632 0.983963
vt 0.593531 0.989561
vt 0.605135 0.985783
vt 0.595264 0.992969
vt 0.597964 0.995673
vt 0.601365 0.997410
vt 0.605135 0.998008
vt 0.608906 0.997410
vt 0.612307 0.995673
vt 0.615006 0.992969
vt 0.616739 0.989561
vt 0.617337 0.985783
vt 0.616739 0.982006
vt 0.615006 0.978598
vt 0.612307 0.975893
vt 0.608906 0.974157
vt 0.605135 0.973559
vt 0.601365 0.974157
vt 0.597964 0.975893
vt 0.595264 0.978598
vt 0.593531 0.982006
vt 0.592934 0.985783
vt 0.772670 0.542016
vt 0.775715 0.492921
vt 0.781008 0.493249
vt 0.777963 0.542344
vt 0.767378 0.541688
vt 0.770423 0.492592
vt 0.762603 0.541392
vt 0.765648 0.492296
vt 0.841857 0.640501
vt 0.841857 0.591405
vt 0.845654 0.591640
vt 0.845654 0.640736
vt 0.837074 0.640350
vt 0.837074 0.591255
vt 0.831771 0.640298
vt 0.831771 0.591203
vt 0.826468 0.640350
vt 0.826468 0.591255
vt 0.821685 0.640501
vt 0.821685 0.591405
vt 0.817888 0.640736
vt 0.817888 0.591640
vt 0.523643 0.541689
vt 0.520598 0.492594
vt 0.525373 0.492297
vt 0.528418 0.541393
vt 0.518351 0.542017
vt 0.515306 0.492922
vt 0.513058 0.542346
vt 0.510013 0.493250
vt 0.508284 0.542642
vt 0.505239 0.493546
vt 0.885704 0.640533
vt 0.885704 0.591438
vt 0.889500 0.591203
vt 0.889500 0.640298
vt 0.880920 0.640684
vt 0.880920 0.591589
vt 0.875618 0.640736
vt 0.875618 0.591641
vt 0.870315 0.640684
vt 0.870315 0.591589
vt 0.865531 0.640533
vt 0.865531 0.591438
vt 0.861735 0.640298
vt 0.861735 0.591203
vt 0.785782 0.493545
vt 0.782737 0.542640
vt 0.497582 0.941819
vt 0.497582 0.946755
vt 0.492290 0.945915
vt 0.493812 0.941221
vt 0.640606 0.918203
vt 0.639084 0.913509
vt 0.644377 0.912669
vt 0.644377 0.917605
vt 0.501353 0.941221
vt 0.502875 0.945915
vt 0.649669 0.913509
vt 0.648147 0.918203
vt 0.504754 0.939485
vt 0.507649 0.943478
vt 0.654444 0.915946
vt 0.651548 0.919939
vt 0.507453 0.936780
vt 0.511438 0.939681
vt 0.658233 0.919743
vt 0.654248 0.922644
vt 0.509186 0.933372
vt 0.513871 0.934897
vt 0.660666 0.924527
vt 0.655981 0.926051
vt 0.509783 0.929595
vt 0.514709 0.929595
vt 0.661504 0.929829
vt 0.656578 0.929829
vt 0.509186 0.925817
vt 0.513871 0.924292
vt 0.660666 0.935132
vt 0.655981 0.933607
vt 0.507453 0.922409
vt 0.511438 0.919508
vt 0.658233 0.939916
vt 0.654248 0.937015
vt 0.504754 0.919705
vt 0.507649 0.915712
vt 0.654444 0.943712
vt 0.651548 0.939719
vt 0.501353 0.917969
vt 0.502875 0.913275
vt 0.649669 0.946149
vt 0.648147 0.941455
vt 0.497582 0.917370
vt 0.497582 0.912435
vt 0.644377 0.946989
vt 0.644377 0.942054
vt 0.493812 0.917969
vt 0.492290 0.913275
vt 0.639084 0.946149
vt 0.640606 0.941455
vt 0.490411 0.919705
vt 0.487515 0.915712
vt 0.634310 0.943712
vt 0.637205 0.939719
vt 0.487711 0.922409
vt 0.483726 0.919508
vt 0.630521 0.939916
vt 0.634506 0.937015
vt 0.485978 0.925817
vt 0.481294 0.924292
vt 0.628088 0.935132
vt 0.632773 0.933607
vt 0.485381 0.929595
vt 0.480455 0.929595
vt 0.627250 0.929829
vt 0.632176 0.929829
vt 0.485978 0.933372
vt 0.481294 0.934897
vt 0.628088 0.924527
vt 0.632773 0.926051
vt 0.487711 0.936780
vt 0.483726 0.939681
vt 0.630521 0.919743
vt 0.634506 0.922644
vt 0.490411 0.939485
vt 0.487515 0.943478
vt 0.634310 0.915946
vt 0.637205 0.919939
vt 0.848784 0.858902
vt 0.848784 0.902663
vt 0.845376 0.902556
vt 0.845376 0.858794
vt 0.842671 0.902388
vt 0.842671 0.858627
vt 0.491793 0.829624
vt 0.489079 0.873386
vt 0.485678 0.873175
vt 0.488392 0.829414
vt 0.481908 0.872941
vt 0.484622 0.829180
vt 0.478137 0.872707
vt 0.480851 0.828946
vt 0.474736 0.872496
vt 0.477450 0.828735
vt 0.921549 0.857031
vt 0.921549 0.900792
vt 0.918844 0.900625
vt 0.918844 0.856863
vt 0.915437 0.900517
vt 0.915437 0.856756
vt 0.911659 0.900480
vt 0.911659 0.856719
vt 0.907881 0.900517
vt 0.907881 0.856756
vt 0.904474 0.900625
vt 0.904474 0.856863
vt 0.901769 0.900792
vt 0.901769 0.857031
vt 0.971397 0.840173
vt 0.974112 0.883935
vt 0.970710 0.884146
vt 0.967996 0.840384
vt 0.966940 0.884380
vt 0.964226 0.840618
vt 0.963170 0.884613
vt 0.960455 0.840852
vt 0.959768 0.884824
vt 0.957054 0.841063
vt 0.862451 0.858627
vt 0.862451 0.902388
vt 0.859747 0.902556
vt 0.859747 0.858794
vt 0.856339 0.902663
vt 0.856339 0.858902
vt 0.852561 0.902700
vt 0.852561 0.858939
s 1
usemtl lambert1
f 2911/5203/289 2914/5204/289 2913/5205/290 2912/5206/290
f 2912/5206/290 2913/5205/290 2916/5207/291 2915/5208/291
f 2915/5209/291 2916/5210/291 2918/5211/292 2917/5212/292
f 2917/5212/292 2918/5211/292 2920/5213/293 2919/5214/293
f 2919/5214/293 2920/5213/293 2922/5215/294 2921/5216/294
f 2921/5216/294 2922/5215/294 2924/5217/295 2923/5218/295
f 2923/5219/295 2924/5220/295 2926/5221/296 2925/5222/296
f 2925/5222/296 2926/5221/296 2928/5223/297 2927/5224/297
f 2927/5224/297 2928/5223/297 2930/5225/298 2929/5226/298
f 2929/5226/298 2930/5225/298 2932/5227/299 2931/5228/299
f 2931/5228/299 2932/5227/299 2934/5229/300 2933/5230/300
f 2933/5230/300 2934/5229/300 2936/5231/301 2935/5232/301
f 2935/5233/301 2936/5234/301 2938/5235/302 2937/5236/302
f 2937/5236/302 2938/5235/302 2940/5237/303 2939/5238/303
f 2939/5238/303 2940/5237/303 2942/5239/304 2941/5240/304
f 2941/5240/304 2942/5239/304 2944/5241/305 2943/5242/305
f 2943/5243/305 2944/5244/305 2946/5245/306 2945/5246/306
f 2945/5246/306 2946/5245/306 2948/5247/307 2947/5248/307
f 2947/5248/307 2948/5247/307 2950/5249/308 2949/5250/308
f 2949/5250/308 2950/5249/308 2914/5204/289 2911/5203/289
f 2912/5251/309 2951/5252/309 2911/5253/309
f 2915/5254/309 2951/5252/309 2912/5251/309
f 2917/5255/310 2951/5252/309 2915/5254/309
f 2919/5256/309 2951/5252/309 2917/5255/310
f 2921/5257/309 2951/5252/309 2919/5256/309
f 2923/5258/310 2951/5252/309 2921/5257/309
f 2925/5259/309 2951/5252/309 2923/5258/310
f 2927/5260/309 2951/5252/309 2925/5259/309
f 2929/5261/309 2951/5252/309 2927/5260/309
f 2931/5262/309 2951/5252/309 2929/5261/309
f 2933/5263/309 2951/5252/309 2931/5262/309
f 2935/5264/309 2951/5252/309 2933/5263/309
f 2937/5265/309 2951/5252/309 2935/5264/309
f 2939/5266/309 2951/5252/309 2937/5265/309
f 2941/5267/309 2951/5252/309 2939/5266/309
f 2943/5268/309 2951/5252/309 2941/5267/309
f 2945/5269/309 2951/5252/309 2943/5268/309
f 2947/5270/309 2951/5252/309 2945/5269/309
f 2949/5271/309 2951/5252/309 2947/5270/309
f 2911/5253/309 2951/5252/309 2949/5271/309
f 2952/5272/311 2954/5273/311 2953/5274/312
f 2953/5274/312 2954/5273/311 2955/5275/311
f 2955/5275/311 2954/5273/311 2956/5276/313
f 2956/5276/313 2954/5273/311 2957/5277/311
f 2957/5277/311 2954/5273/311 2958/5278/311
f 2958/5278/311 2954/5273/311 2959/5279/311
f 2959/5279/311 2954/5273/311 2960/5280/312
f 2960/5280/312 2954/5273/311 2961/5281/311
f 2961/5281/311 2954/5273/311 2962/5282/311
f 2962/5282/311 2954/5273/311 2963/5283/311
f 2963/5283/311 2954/5273/311 2964/5284/311
f 2964/5284/311 2954/5273/311 2965/5285/311
f 2965/5285/311 2954/5273/311 2966/5286/311
f 2966/5286/311 2954/5273/311 2967/5287/311
f 2967/5287/311 2954/5273/311 2968/5288/313
f 2968/5288/313 2954/5273/311 2969/5289/311
f 2969/5289/311 2954/5273/311 2970/5290/312
f 2970/5290/312 2954/5273/311 2971/5291/311
f 2971/5291/311 2954/5273/311 2972/5292/313
f 2972/5292/313 2954/5273/311 2952/5272/311
f 2974/5293/303 2976/5294/303 2975/5295/304 2973/5296/304
f 2977/5297/302 2978/5298/302 2976/5294/303 2974/5293/303
f 2979/5299/301 2980/5300/301 2978/5298/302 2977/5297/302
f 2981/5301/300 2982/5302/300 2980/5303/301 2979/5304/301
f 2983/5305/299 2984/5306/299 2982/5302/300 2981/5301/300
f 2985/5307/298 2986/5308/298 2984/5306/299 2983/5305/299
f 2987/5309/297 2988/5310/297 2986/5308/298 2985/5307/298
f 2989/5311/296 2990/5312/296 2988/5310/297 2987/5309/297
f 2991/5313/295 2992/5314/295 2990/5312/296 2989/5311/296
f 2993/5315/294 2994/5316/294 2992/5317/295 2991/5318/295
f 2995/5319/293 2996/5320/293 2994/5316/294 2993/5315/294
f 2997/5321/292 2998/5322/292 2996/5320/293 2995/5319/293
f 2999/5323/291 3000/5324/291 2998/5322/292 2997/5321/292
f 3001/5325/290 3002/5326/290 3000/5327/291 2999/5328/291
f 3003/5329/289 3004/5330/289 3002/5326/290 3001/5325/290
f 3005/5331/308 3006/5332/308 3004/5330/289 3003/5329/289
f 3007/5333/307 3008/5334/307 3006/5332/308 3005/5331/308
f 3009/5335/306 3010/5336/306 3008/5334/307 3007/5333/307
f 3011/5337/305 3012/5338/305 3010/5336/306 3009/5335/306
f 2973/5296/304 2975/5295/304 3012/5339/305 3011/5340/305
f 2940/5341/309 2974/5342/309 2973/5343/309 2942/5344/309
f 3014/5345/311 2975/5346/311 2976/5347/311 3013/5348/311
f 2938/5349/309 2977/5350/309 2974/5342/309 2940/5341/309
f 3013/5348/311 2976/5347/311 2978/5351/311 3015/5352/311
f 2936/5353/309 2979/5354/309 2977/5350/309 2938/5349/309
f 3015/5352/311 2978/5351/311 2980/5355/311 3016/5356/311
f 2934/5357/309 2981/5358/309 2979/5354/309 2936/5353/309
f 3016/5356/311 2980/5355/311 2982/5359/311 3017/5360/311
f 2932/5361/309 2983/5362/309 2981/5358/309 2934/5357/309
f 3017/5360/311 2982/5359/311 2984/5363/311 3018/5364/311
f 2930/5365/309 2985/5366/309 2983/5362/309 2932/5361/309
f 3018/5364/311 2984/5363/311 2986/5367/311 3019/5368/311
f 2928/5369/309 2987/5370/309 2985/5366/309 2930/5365/309
f 3019/5368/311 2986/5367/311 2988/5371/311 3020/5372/311
f 2926/5373/309 2989/5374/309 2987/5370/309 2928/5369/309
f 3020/5372/311 2988/5371/311 2990/5375/311 3021/5376/311
f 2924/5377/309 2991/5378/309 2989/5374/309 2926/5373/309
f 3021/5376/311 2990/5375/311 2992/5379/311 3022/5380/311
f 2922/5381/309 2993/5382/309 2991/5378/309 2924/5377/309
f 3022/5380/311 2992/5379/311 2994/5383/311 3023/5384/311
f 2920/5385/309 2995/5386/309 2993/5382/309 2922/5381/309
f 3023/5384/311 2994/5383/311 2996/5387/311 3024/5388/311
f 2918/5389/309 2997/5390/309 2995/5386/309 2920/5385/309
f 3024/5388/311 2996/5387/311 2998/5391/311 3025/5392/311
f 2916/5393/309 2999/5394/309 2997/5390/309 2918/5389/309
f 3025/5392/311 2998/5391/311 3000/5395/311 3026/5396/311
f 2913/5397/309 3001/5398/309 2999/5394/309 2916/5393/309
f 3026/5396/311 3000/5395/311 3002/5399/311 3027/5400/311
f 2914/5401/309 3003/5402/309 3001/5398/309 2913/5397/309
f 3027/5400/311 3002/5399/311 3004/5403/311 3028/5404/311
f 2950/5405/309 3005/5406/309 3003/5402/309 2914/5401/309
f 3028/5404/311 3004/5403/311 3006/5407/311 3029/5408/311
f 2948/5409/309 3007/5410/309 3005/5406/309 2950/5405/309
f 3029/5408/311 3006/5407/311 3008/5411/311 3030/5412/311
f 2946/5413/309 3009/5414/309 3007/5410/309 2948/5409/309
f 3030/5412/311 3008/5411/311 3010/5415/311 3031/5416/311
f 2944/5417/309 3011/5418/309 3009/5414/309 2946/5413/309
f 3031/5416/311 3010/5415/311 3012/5419/311 3032/5420/311
f 2942/5344/309 2973/5343/309 3011/5418/309 2944/5417/309
f 3032/5420/311 3012/5419/311 2975/5346/311 3014/5345/311
f 3028/5421/299 2952/5422/299 2953/5423/300 3027/5424/300
f 3027/5424/300 2953/5423/300 2955/5425/301 3026/5426/301
f 3026/5427/301 2955/5428/301 2956/5429/302 3025/5430/302
f 3025/5430/302 2956/5429/302 2957/5431/303 3024/5432/303
f 3024/5432/303 2957/5431/303 2958/5433/304 3023/5434/304
f 3023/5434/304 2958/5433/304 2959/5435/305 3022/5436/305
f 3022/5437/305 2959/5438/305 2960/5439/306 3021/5440/306
f 3021/5440/306 2960/5439/306 2961/5441/307 3020/5442/307
f 3020/5442/307 2961/5441/307 2962/5443/308 3019/5444/308
f 3019/5444/308 2962/5443/308 2963/5445/289 3018/5446/289
f 3018/5446/289 2963/5445/289 2964/5447/290 3017/5448/290
f 3017/5448/290 2964/5447/290 2965/5449/291 3016/5450/291
f 3016/5451/291 2965/5452/291 2966/5453/292 3015/5454/292
f 3015/5454/292 2966/5453/292 2967/5455/293 3013/5456/293
f 3013/5456/293 2967/5455/293 2968/5457/294 3014/5458/294
f 3014/5458/294 2968/5457/294 2969/5459/295 3032/5460/295
f 3032/5461/295 2969/5462/295 2970/5463/296 3031/5464/296
f 3031/5464/296 2970/5463/296 2971/5465/297 3030/5466/297
f 3030/5466/297 2971/5465/297 2972/5467/298 3029/5468/298
f 3029/5468/298 2972/5467/298 2952/5422/299 3028/5421/299
f 3033/5469/314 3036/5470/314 3035/5471/315 3034/5472/315
f 3034/5473/315 3035/5474/315 3038/5475/316 3037/5476/316
f 3037/5476/316 3038/5475/316 3040/5477/317 3039/5478/317
f 3039/5478/317 3040/5477/317 3042/5479/293 3041/5480/293
f 3041/5480/293 3042/5479/293 3044/5481/318 3043/5482/318
f 3043/5482/318 3044/5481/318 3046/5483/319 3045/5484/319
f 3045/5484/319 3046/5483/319 3048/5485/320 3047/5486/320
f 3047/5487/320 3048/5488/320 3050/5489/321 3049/5490/321
f 3049/5490/321 3050/5489/321 3052/5491/322 3051/5492/322
f 3051/5492/322 3052/5491/322 3054/5493/323 3053/5494/323
f 3053/5494/323 3054/5493/323 3056/5495/324 3055/5496/324
f 3055/5497/324 3056/5498/324 3058/5499/325 3057/5500/325
f 3057/5500/325 3058/5499/325 3060/5501/326 3059/5502/326
f 3059/5502/326 3060/5501/326 3062/5503/303 3061/5504/303
f 3061/5504/303 3062/5503/303 3064/5505/327 3063/5506/327
f 3063/5506/327 3064/5505/327 3066/5507/328 3065/5508/328
f 3065/5508/328 3066/5507/328 3068/5509/329 3067/5510/329
f 3067/5511/329 3068/5512/329 3070/5513/330 3069/5514/330
f 3069/5514/330 3070/5513/330 3072/5515/331 3071/5516/331
f 3071/5516/331 3072/5515/331 3036/5470/314 3033/5469/314
f 3034/5472/332 3073/5517/332 3033/5469/332
f 3037/5518/332 3073/5519/332 3034/5520/332
f 3039/5521/332 3073/5519/332 3037/5518/332
f 3041/5522/332 3073/5519/332 3039/5521/332
f 3043/5523/332 3073/5519/332 3041/5522/332
f 3045/5524/332 3073/5519/332 3043/5523/332
f 3047/5487/332 3073/5519/332 3045/5524/332
f 3049/5490/332 3073/5519/332 3047/5487/332
f 3051/5492/332 3073/5519/332 3049/5490/332
f 3053/5494/332 3073/5519/332 3051/5492/332
f 3055/5496/332 3073/5519/332 3053/5494/332
f 3057/5525/332 3073/5519/332 3055/5496/332
f 3059/5526/332 3073/5519/332 3057/5525/332
f 3061/5527/332 3073/5519/332 3059/5526/332
f 3063/5528/332 3073/5519/332 3061/5527/332
f 3065/5529/332 3073/5519/332 3063/5528/332
f 3067/5530/332 3073/5519/332 3065/5529/332
f 3069/5514/332 3073/5517/332 3067/5511/332
f 3071/5516/332 3073/5517/332 3069/5514/332
f 3033/5469/332 3073/5517/332 3071/5516/332
f 3074/5531/333 3076/5532/333 3075/5533/333
f 3075/5533/333 3076/5532/333 3077/5534/333
f 3077/5534/333 3076/5532/333 3078/5535/333
f 3078/5535/333 3076/5532/333 3079/5536/333
f 3079/5536/333 3076/5532/333 3080/5537/333
f 3080/5537/333 3076/5532/333 3081/5538/334
f 3081/5538/334 3076/5532/333 3082/5539/333
f 3082/5539/333 3076/5532/333 3083/5540/333
f 3083/5540/333 3076/5532/333 3084/5541/333
f 3084/5541/333 3076/5532/333 3085/5542/333
f 3085/5542/333 3076/5532/333 3086/5543/333
f 3086/5543/333 3076/5532/333 3087/5544/333
f 3087/5544/333 3076/5532/333 3088/5545/333
f 3088/5545/333 3076/5532/333 3089/5546/333
f 3089/5546/333 3076/5532/333 3090/5547/333
f 3090/5547/333 3076/5532/333 3091/5548/333
f 3091/5548/333 3076/5532/333 3092/5549/333
f 3092/5549/333 3076/5532/333 3093/5550/333
f 3093/5550/333 3076/5532/333 3094/5551/333
f 3094/5551/333 3076/5532/333 3074/5531/333
f 3096/5552/303 3098/5553/303 3097/5554/327 3095/5555/327
f 3099/5556/326 3100/5557/326 3098/5553/303 3096/5552/303
f 3101/5558/325 3102/5559/325 3100/5557/326 3099/5556/326
f 3103/5560/324 3104/5561/324 3102/5559/325 3101/5558/325
f 3105/5562/323 3106/5563/323 3104/5564/324 3103/5565/324
f 3107/5566/322 3108/5567/322 3106/5563/323 3105/5562/323
f 3109/5568/321 3110/5569/321 3108/5567/322 3107/5566/322
f 3111/5570/320 3112/5571/320 3110/5569/321 3109/5568/321
f 3113/5572/319 3114/5573/319 3112/5574/320 3111/5575/320
f 3115/5576/318 3116/5577/318 3114/5573/319 3113/5572/319
f 3117/5578/293 3118/5579/293 3116/5577/318 3115/5576/318
f 3119/5580/317 3120/5581/317 3118/5579/293 3117/5578/293
f 3121/5582/316 3122/5583/316 3120/5581/317 3119/5580/317
f 3123/5584/315 3124/5585/315 3122/5583/316 3121/5582/316
f 3125/5586/314 3126/5587/314 3124/5588/315 3123/5589/315
f 3127/5590/331 3128/5591/331 3126/5587/314 3125/5586/314
f 3129/5592/330 3130/5593/330 3128/5591/331 3127/5590/331
f 3131/5594/329 3132/5595/329 3130/5593/330 3129/5592/330
f 3133/5596/328 3134/5597/328 3132/5598/329 3131/5599/329
f 3095/5555/327 3097/5554/327 3134/5597/328 3133/5596/328
f 3062/5600/332 3096/5601/332 3095/5602/332 3064/5603/332
f 3136/5604/333 3097/5605/333 3098/5606/333 3135/5607/333
f 3060/5608/332 3099/5609/332 3096/5601/332 3062/5600/332
f 3135/5607/333 3098/5606/333 3100/5610/333 3137/5611/333
f 3058/5612/332 3101/5613/332 3099/5609/332 3060/5608/332
f 3137/5611/333 3100/5610/333 3102/5614/333 3138/5615/333
f 3056/5495/332 3103/5565/332 3101/5613/332 3058/5612/332
f 3138/5615/333 3102/5614/333 3104/5616/333 3139/5617/333
f 3054/5493/332 3105/5562/332 3103/5565/332 3056/5495/332
f 3139/5618/333 3104/5564/333 3106/5563/333 3140/5619/333
f 3052/5491/332 3107/5566/332 3105/5562/332 3054/5493/332
f 3140/5619/333 3106/5563/333 3108/5567/333 3141/5620/333
f 3050/5489/332 3109/5568/332 3107/5566/332 3052/5491/332
f 3141/5620/333 3108/5567/333 3110/5569/333 3142/5621/333
f 3048/5488/332 3111/5570/332 3109/5568/332 3050/5489/332
f 3142/5622/333 3110/5623/333 3112/5624/333 3143/5625/333
f 3046/5626/332 3113/5627/332 3111/5570/332 3048/5488/332
f 3143/5625/333 3112/5624/333 3114/5628/333 3144/5629/333
f 3044/5630/332 3115/5631/332 3113/5627/332 3046/5626/332
f 3144/5629/333 3114/5628/333 3116/5632/333 3145/5633/333
f 3042/5634/332 3117/5635/332 3115/5631/332 3044/5630/332
f 3145/5633/333 3116/5632/333 3118/5636/333 3146/5637/333
f 3040/5638/332 3119/5639/332 3117/5635/332 3042/5634/332
f 3146/5637/333 3118/5636/333 3120/5640/333 3147/5641/333
f 3038/5642/332 3121/5643/332 3119/5639/332 3040/5638/332
f 3147/5641/333 3120/5640/333 3122/5644/333 3148/5645/333
f 3035/5646/332 3123/5647/332 3121/5643/332 3038/5642/332
f 3148/5645/333 3122/5644/333 3124/5648/333 3149/5649/333
f 3036/5650/332 3125/5586/332 3123/5589/332 3035/5651/332
f 3149/5652/333 3124/5588/333 3126/5587/333 3150/5653/333
f 3072/5515/332 3127/5654/332 3125/5655/332 3036/5470/332
f 3150/5653/333 3126/5587/333 3128/5591/333 3151/5656/333
f 3070/5513/332 3129/5657/332 3127/5654/332 3072/5515/332
f 3151/5656/333 3128/5591/333 3130/5593/333 3152/5658/333
f 3068/5659/332 3131/5594/332 3129/5592/332 3070/5660/332
f 3152/5658/333 3130/5593/333 3132/5595/333 3153/5661/333
f 3066/5662/332 3133/5663/332 3131/5664/332 3068/5665/332
f 3153/5661/333 3132/5595/333 3134/5666/333 3154/5667/333
f 3064/5603/332 3095/5602/332 3133/5663/332 3066/5662/332
f 3154/5667/333 3134/5666/333 3097/5605/333 3136/5604/333
f 3150/5668/323 3074/5669/323 3075/5670/324 3149/5671/324
f 3149/5672/324 3075/5673/324 3077/5674/325 3148/5675/325
f 3148/5675/325 3077/5674/325 3078/5676/326 3147/5677/326
f 3147/5677/326 3078/5676/326 3079/5678/303 3146/5679/303
f 3146/5679/303 3079/5678/303 3080/5680/327 3145/5681/327
f 3145/5681/327 3080/5680/327 3081/5682/328 3144/5683/328
f 3144/5683/328 3081/5682/328 3082/5684/329 3143/5685/329
f 3143/5625/329 3082/5539/329 3083/5540/330 3142/5622/330
f 3142/5622/330 3083/5540/330 3084/5541/331 3141/5686/331
f 3141/5686/331 3084/5541/331 3085/5542/314 3140/5687/314
f 3140/5687/314 3085/5542/314 3086/5543/315 3139/5688/315
f 3139/5689/315 3086/5690/315 3087/5691/316 3138/5692/316
f 3138/5692/316 3087/5691/316 3088/5693/317 3137/5694/317
f 3137/5694/317 3088/5693/317 3089/5695/293 3135/5696/293
f 3135/5696/293 3089/5695/293 3090/5697/318 3136/5698/318
f 3136/5698/318 3090/5697/318 3091/5699/319 3154/5700/319
f 3154/5700/319 3091/5699/319 3092/5701/320 3153/5702/320
f 3153/5703/320 3092/5704/320 3093/5705/321 3152/5706/321
f 3152/5706/321 3093/5705/321 3094/5707/322 3151/5708/322
f 3151/5708/322 3094/5707/322 3074/5669/323 3150/5668/323
f 3155/5709/335 3158/5710/335 3157/5711/336 3156/5712/336
f 3156/5712/336 3157/5711/336 3160/5713/337 3159/5714/337
f 3159/5715/337 3160/5716/337 3162/5717/338 3161/5718/338
f 3161/5718/338 3162/5717/338 3164/5719/293 3163/5720/293
f 3163/5720/293 3164/5719/293 3166/5721/339 3165/5722/339
f 3165/5722/339 3166/5721/339 3168/5723/340 3167/5724/340
f 3167/5725/340 3168/5726/340 3170/5727/341 3169/5728/341
f 3169/5728/341 3170/5727/341 3172/5729/342 3171/5730/342
f 3171/5730/342 3172/5729/342 3174/5731/343 3173/5732/343
f 3173/5732/343 3174/5731/343 3176/5733/344 3175/5734/344
f 3175/5734/344 3176/5733/344 3178/5735/345 3177/5736/345
f 3177/5736/345 3178/5735/345 3180/5737/346 3179/5738/346
f 3179/5739/346 3180/5740/346 3182/5741/347 3181/5742/347
f 3181/5742/347 3182/5741/347 3184/5743/303 3183/5744/303
f 3183/5744/303 3184/5743/303 3186/5745/348 3185/5746/348
f 3185/5746/348 3186/5745/348 3188/5747/349 3187/5748/349
f 3187/5749/349 3188/5750/349 3190/5751/350 3189/5752/350
f 3189/5752/350 3190/5751/350 3192/5753/351 3191/5754/351
f 3191/5754/351 3192/5753/351 3194/5755/352 3193/5756/352
f 3193/5756/352 3194/5755/352 3158/5710/335 3155/5709/335
f 3156/5757/353 3195/5758/353 3155/5759/353
f 3159/5760/353 3195/5758/353 3156/5757/353
f 3161/5761/353 3195/5758/353 3159/5760/353
f 3163/5762/353 3195/5758/353 3161/5761/353
f 3165/5763/353 3195/5758/353 3163/5762/353
f 3167/5764/353 3195/5758/353 3165/5763/353
f 3169/5765/353 3195/5758/353 3167/5764/353
f 3171/5766/353 3195/5758/353 3169/5765/353
f 3173/5767/353 3195/5758/353 3171/5766/353
f 3175/5768/353 3195/5758/353 3173/5767/353
f 3177/5769/353 3195/5758/353 3175/5768/353
f 3179/5770/353 3195/5758/353 3177/5769/353
f 3181/5771/353 3195/5758/353 3179/5770/353
f 3183/5772/353 3195/5758/353 3181/5771/353
f 3185/5773/353 3195/5758/353 3183/5772/353
f 3187/5774/353 3195/5758/353 3185/5773/353
f 3189/5775/353 3195/5758/353 3187/5774/353
f 3191/5776/353 3195/5758/353 3189/5775/353
f 3193/5777/353 3195/5758/353 3191/5776/353
f 3155/5759/353 3195/5758/353 3193/5777/353
f 3196/5778/354 3198/5779/354 3197/5780/354
f 3197/5780/354 3198/5779/354 3199/5781/354
f 3199/5781/354 3198/5779/354 3200/5782/354
f 3200/5782/354 3198/5779/354 3201/5783/354
f 3201/5783/354 3198/5779/354 3202/5784/354
f 3202/5784/354 3198/5779/354 3203/5785/354
f 3203/5785/354 3198/5779/354 3204/5786/354
f 3204/5786/354 3198/5779/354 3205/5787/354
f 3205/5787/354 3198/5779/354 3206/5788/354
f 3206/5788/354 3198/5779/354 3207/5789/354
f 3207/5789/354 3198/5779/354 3208/5790/354
f 3208/5790/354 3198/5779/354 3209/5791/354
f 3209/5791/354 3198/5779/354 3210/5792/354
f 3210/5792/354 3198/5779/354 3211/5793/354
f 3211/5793/354 3198/5779/354 3212/5794/354
f 3212/5794/354 3198/5779/354 3213/5795/354
f 3213/5795/354 3198/5779/354 3214/5796/354
f 3214/5796/354 3198/5779/354 3215/5797/354
f 3215/5797/354 3198/5779/354 3216/5798/354
f 3216/5798/354 3198/5779/354 3196/5778/354
f 3218/5799/303 3220/5800/303 3219/5801/348 3217/5802/348
f 3221/5803/347 3222/5804/347 3220/5800/303 3218/5799/303
f 3223/5805/346 3224/5806/346 3222/5804/347 3221/5803/347
f 3225/5807/345 3226/5808/345 3224/5809/346 3223/5810/346
f 3227/5811/344 3228/5812/344 3226/5808/345 3225/5807/345
f 3229/5813/343 3230/5814/343 3228/5812/344 3227/5811/344
f 3231/5815/342 3232/5816/342 3230/5814/343 3229/5813/343
f 3233/5817/355 3234/5818/355 3232/5816/342 3231/5815/342
f 3235/5819/340 3236/5820/340 3234/5818/355 3233/5817/355
f 3237/5821/339 3238/5822/339 3236/5823/340 3235/5824/340
f 3239/5825/293 3240/5826/293 3238/5822/339 3237/5821/339
f 3241/5827/338 3242/5828/338 3240/5826/293 3239/5825/293
f 3243/5829/337 3244/5830/337 3242/5828/338 3241/5827/338
f 3245/5831/336 3246/5832/336 3244/5833/337 3243/5834/337
f 3247/5835/335 3248/5836/335 3246/5832/336 3245/5831/336
f 3249/5837/352 3250/5838/352 3248/5836/335 3247/5835/335
f 3251/5839/351 3252/5840/351 3250/5838/352 3249/5837/352
f 3253/5841/356 3254/5842/356 3252/5840/351 3251/5839/351
f 3255/5843/349 3256/5844/349 3254/5842/356 3253/5841/356
f 3217/5802/348 3219/5801/348 3256/5845/349 3255/5846/349
f 3184/5847/353 3218/5848/353 3217/5849/353 3186/5850/353
f 3258/5851/354 3219/5852/354 3220/5853/354 3257/5854/354
f 3182/5855/353 3221/5856/353 3218/5848/353 3184/5847/353
f 3257/5854/354 3220/5853/354 3222/5857/354 3259/5858/354
f 3180/5859/353 3223/5860/353 3221/5856/353 3182/5855/353
f 3259/5858/354 3222/5857/354 3224/5861/354 3260/5862/354
f 3178/5863/353 3225/5864/353 3223/5860/353 3180/5859/353
f 3260/5862/354 3224/5861/354 3226/5865/354 3261/5866/354
f 3176/5867/353 3227/5868/353 3225/5864/353 3178/5863/353
f 3261/5866/354 3226/5865/354 3228/5869/354 3262/5870/354
f 3174/5871/353 3229/5872/353 3227/5868/353 3176/5867/353
f 3262/5870/354 3228/5869/354 3230/5873/354 3263/5874/354
f 3172/5875/353 3231/5876/353 3229/5872/353 3174/5871/353
f 3263/5874/354 3230/5873/354 3232/5877/354 3264/5878/354
f 3170/5879/353 3233/5880/353 3231/5876/353 3172/5875/353
f 3264/5878/354 3232/5877/354 3234/5881/354 3265/5882/354
f 3168/5883/353 3235/5884/353 3233/5880/353 3170/5879/353
f 3265/5882/354 3234/5881/354 3236/5885/354 3266/5886/354
f 3166/5887/353 3237/5888/353 3235/5884/353 3168/5883/353
f 3266/5886/354 3236/5885/354 3238/5889/354 3267/5890/354
f 3164/5891/353 3239/5892/353 3237/5888/353 3166/5887/353
f 3267/5890/354 3238/5889/354 3240/5893/354 3268/5894/354
f 3162/5895/353 3241/5896/353 3239/5892/353 3164/5891/353
f 3268/5894/354 3240/5893/354 3242/5897/354 3269/5898/354
f 3160/5899/353 3243/5900/353 3241/5896/353 3162/5895/353
f 3269/5898/354 3242/5897/354 3244/5901/354 3270/5902/354
f 3157/5903/353 3245/5904/353 3243/5900/353 3160/5899/353
f 3270/5902/354 3244/5901/354 3246/5905/354 3271/5906/354
f 3158/5907/353 3247/5908/353 3245/5904/353 3157/5903/353
f 3271/5906/354 3246/5905/354 3248/5909/354 3272/5910/354
f 3194/5911/353 3249/5912/353 3247/5908/353 3158/5907/353
f 3272/5910/354 3248/5909/354 3250/5913/354 3273/5914/354
f 3192/5915/353 3251/5916/353 3249/5912/353 3194/5911/353
f 3273/5914/354 3250/5913/354 3252/5917/354 3274/5918/354
f 3190/5919/353 3253/5920/353 3251/5916/353 3192/5915/353
f 3274/5918/354 3252/5917/354 3254/5921/354 3275/5922/354
f 3188/5923/353 3255/5924/353 3253/5920/353 3190/5919/353
f 3275/5922/354 3254/5921/354 3256/5925/354 3276/5926/354
f 3186/5850/353 3217/5849/353 3255/5924/353 3188/5923/353
f 3276/5926/354 3256/5925/354 3219/5852/354 3258/5851/354
f 3272/5927/344 3196/5928/344 3197/5929/345 3271/5930/345
f 3271/5930/345 3197/5929/345 3199/5931/346 3270/5932/346
f 3270/5933/346 3199/5934/346 3200/5935/347 3269/5936/347
f 3269/5936/347 3200/5935/347 3201/5937/303 3268/5938/303
f 3268/5938/303 3201/5937/303 3202/5939/348 3267/5940/348
f 3267/5940/348 3202/5939/348 3203/5941/349 3266/5942/349
f 3266/5943/349 3203/5944/349 3204/5945/356 3265/5946/356
f 3265/5946/356 3204/5945/356 3205/5947/351 3264/5948/351
f 3264/5948/351 3205/5947/351 3206/5949/352 3263/5950/352
f 3263/5950/352 3206/5949/352 3207/5951/335 3262/5952/335
f 3262/5952/335 3207/5951/335 3208/5953/336 3261/5954/336
f 3261/5954/336 3208/5953/336 3209/5955/337 3260/5956/337
f 3260/5957/337 3209/5958/337 3210/5959/338 3259/5960/338
f 3259/5960/338 3210/5959/338 3211/5961/293 3257/5962/293
f 3257/5962/293 3211/5961/293 3212/5963/339 3258/5964/339
f 3258/5964/339 3212/5963/339 3213/5965/340 3276/5966/340
f 3276/5967/340 3213/5968/340 3214/5969/355 3275/5970/355
f 3275/5970/355 3214/5969/355 3215/5971/342 3274/5972/342
f 3274/5972/342 3215/5971/342 3216/5973/343 3273/5974/343
f 3273/5974/343 3216/5973/343 3196/5928/344 3272/5927/344
f 2545/5975/299 2546/5976/300 2600/5977/300 2601/5978/299
f 2546/5976/300 2547/5979/301 2599/5980/301 2600/5977/300
f 2547/5981/301 2548/5982/302 2598/5983/302 2599/5984/301
f 2548/5982/302 2549/5985/303 2597/5986/303 2598/5983/302
f 2549/5985/303 2550/5987/304 2596/5988/304 2597/5986/303
f 2550/5987/304 2551/5989/305 2595/5990/305 2596/5988/304
f 2551/5991/305 2552/5992/306 2594/5993/306 2595/5994/305
f 2552/5992/306 2553/5995/307 2593/5996/307 2594/5993/306
f 2553/5995/307 2554/5997/308 2592/5998/308 2593/5996/307
f 2554/5997/308 2555/5999/289 2591/6000/289 2592/5998/308
f 2555/5999/289 2556/6001/290 2590/6002/290 2591/6000/289
f 2556/6001/290 2557/6003/291 2589/6004/291 2590/6002/290
f 2557/6005/291 2558/6006/292 2588/6007/292 2589/6008/291
f 2558/6006/292 2559/6009/293 2587/6010/293 2588/6007/292
f 2559/6009/293 2560/6011/294 2586/6012/294 2587/6010/293
f 2560/6011/294 2561/6013/295 2605/6014/295 2586/6012/294
f 2561/6015/295 2562/6016/296 2604/6017/296 2605/6018/295
f 2562/6016/296 2563/6019/297 2603/6020/297 2604/6017/296
f 2563/6019/297 2564/6021/298 2602/6022/298 2603/6020/297
f 2564/6021/298 2545/5975/299 2601/5978/299 2602/6022/298
f 2546/6023/311 2545/6024/311 2585/6025/311
f 2547/6026/311 2546/6023/311 2585/6025/311
f 2548/6027/313 2547/6026/311 2585/6025/311
f 2549/6028/311 2548/6027/313 2585/6025/311
f 2550/6029/311 2549/6028/311 2585/6025/311
f 2551/6030/313 2550/6029/311 2585/6025/311
f 2552/6031/311 2551/6030/313 2585/6025/311
f 2553/6032/311 2552/6031/311 2585/6025/311
f 2554/6033/311 2553/6032/311 2585/6025/311
f 2555/6034/311 2554/6033/311 2585/6025/311
f 2556/6035/311 2555/6034/311 2585/6025/311
f 2557/6036/311 2556/6035/311 2585/6025/311
f 2558/6037/311 2557/6036/311 2585/6025/311
f 2559/6038/311 2558/6037/311 2585/6025/311
f 2560/6039/311 2559/6038/311 2585/6025/311
f 2561/6040/311 2560/6039/311 2585/6025/311
f 2562/6041/311 2561/6040/311 2585/6025/311
f 2563/6042/311 2562/6041/311 2585/6025/311
f 2564/6043/311 2563/6042/311 2585/6025/311
f 2545/6024/311 2564/6043/311 2585/6025/311
f 2646/6044/309 2647/6045/357 2648/6046/309
f 2647/6045/357 2649/6047/309 2648/6046/309
f 2649/6047/309 2650/6048/310 2648/6046/309
f 2650/6048/310 2651/6049/309 2648/6046/309
f 2651/6049/309 2652/6050/309 2648/6046/309
f 2652/6050/309 2653/6051/309 2648/6046/309
f 2653/6051/309 2654/6052/357 2648/6046/309
f 2654/6052/357 2655/6053/309 2648/6046/309
f 2655/6053/309 2656/6054/309 2648/6046/309
f 2656/6054/309 2657/6055/309 2648/6046/309
f 2657/6055/309 2658/6056/309 2648/6046/309
f 2658/6056/309 2659/6057/309 2648/6046/309
f 2659/6057/309 2660/6058/309 2648/6046/309
f 2660/6058/309 2661/6059/309 2648/6046/309
f 2661/6059/309 2662/6060/310 2648/6046/309
f 2662/6060/310 2663/6061/309 2648/6046/309
f 2663/6061/309 2664/6062/357 2648/6046/309
f 2664/6062/357 2665/6063/309 2648/6046/309
f 2665/6063/309 2666/6064/310 2648/6046/309
f 2666/6064/310 2646/6044/309 2648/6046/309
f 2607/6065/293 2606/6066/294 2608/6067/294 2609/6068/293
f 2610/6069/292 2607/6065/293 2609/6068/293 2611/6070/292
f 2612/6071/291 2610/6069/292 2611/6070/292 2613/6072/291
f 2614/6073/290 2612/6074/291 2613/6075/291 2615/6076/290
f 2616/6077/289 2614/6073/290 2615/6076/290 2617/6078/289
f 2618/6079/308 2616/6077/289 2617/6078/289 2619/6080/308
f 2620/6081/307 2618/6079/308 2619/6080/308 2621/6082/307
f 2622/6083/306 2620/6081/307 2621/6082/307 2623/6084/306
f 2624/6085/305 2622/6083/306 2623/6084/306 2625/6086/305
f 2626/6087/304 2624/6088/305 2625/6089/305 2627/6090/304
f 2628/6091/303 2626/6087/304 2627/6090/304 2629/6092/303
f 2630/6093/302 2628/6091/303 2629/6092/303 2631/6094/302
f 2632/6095/301 2630/6093/302 2631/6094/302 2633/6096/301
f 2634/6097/300 2632/6098/301 2633/6099/301 2635/6100/300
f 2636/6101/299 2634/6097/300 2635/6100/300 2637/6102/299
f 2638/6103/298 2636/6101/299 2637/6102/299 2639/6104/298
f 2640/6105/297 2638/6103/298 2639/6104/298 2641/6106/297
f 2642/6107/296 2640/6105/297 2641/6106/297 2643/6108/296
f 2644/6109/295 2642/6107/296 2643/6108/296 2645/6110/295
f 2606/6066/294 2644/6111/295 2645/6112/295 2608/6067/294
f 2587/6113/311 2586/6114/311 2606/6115/311 2607/6116/311
f 2580/6117/309 2579/6118/309 2609/6119/309 2608/6120/309
f 2588/6121/311 2587/6113/311 2607/6116/311 2610/6122/311
f 2579/6118/309 2578/6123/309 2611/6124/309 2609/6119/309
f 2589/6125/311 2588/6121/311 2610/6122/311 2612/6126/311
f 2578/6123/309 2577/6127/309 2613/6128/309 2611/6124/309
f 2590/6129/311 2589/6125/311 2612/6126/311 2614/6130/311
f 2577/6127/309 2576/6131/309 2615/6132/309 2613/6128/309
f 2591/6133/311 2590/6129/311 2614/6130/311 2616/6134/311
f 2576/6131/309 2575/6135/309 2617/6136/309 2615/6132/309
f 2592/6137/311 2591/6133/311 2616/6134/311 2618/6138/311
f 2575/6135/309 2574/6139/309 2619/6140/309 2617/6136/309
f 2593/6141/311 2592/6137/311 2618/6138/311 2620/6142/311
f 2574/6139/309 2573/6143/309 2621/6144/309 2619/6140/309
f 2594/6145/311 2593/6141/311 2620/6142/311 2622/6146/311
f 2573/6143/309 2572/6147/309 2623/6148/309 2621/6144/309
f 2595/6149/311 2594/6145/311 2622/6146/311 2624/6150/311
f 2572/6147/309 2571/6151/309 2625/6152/309 2623/6148/309
f 2596/6153/311 2595/6149/311 2624/6150/311 2626/6154/311
f 2571/6151/309 2570/6155/309 2627/6156/309 2625/6152/309
f 2597/6157/311 2596/6153/311 2626/6154/311 2628/6158/311
f 2570/6155/309 2569/6159/309 2629/6160/309 2627/6156/309
f 2598/6161/311 2597/6157/311 2628/6158/311 2630/6162/311
f 2569/6159/309 2568/6163/309 2631/6164/309 2629/6160/309
f 2599/6165/311 2598/6161/311 2630/6162/311 2632/6166/311
f 2568/6163/309 2567/6167/309 2633/6168/309 2631/6164/309
f 2600/6169/311 2599/6165/311 2632/6166/311 2634/6170/311
f 2567/6167/309 2566/6171/309 2635/6172/309 2633/6168/309
f 2601/6173/311 2600/6169/311 2634/6170/311 2636/6174/311
f 2566/6171/309 2565/6175/309 2637/6176/309 2635/6172/309
f 2602/6177/311 2601/6173/311 2636/6174/311 2638/6178/311
f 2565/6175/309 2584/6179/309 2639/6180/309 2637/6176/309
f 2603/6181/311 2602/6177/311 2638/6178/311 2640/6182/311
f 2584/6179/309 2583/6183/309 2641/6184/309 2639/6180/309
f 2604/6185/311 2603/6181/311 2640/6182/311 2642/6186/311
f 2583/6183/309 2582/6187/309 2643/6188/309 2641/6184/309
f 2605/6189/311 2604/6185/311 2642/6186/311 2644/6190/311
f 2582/6187/309 2581/6191/309 2645/6192/309 2643/6188/309
f 2586/6114/311 2605/6189/311 2644/6190/311 2606/6115/311
f 2581/6191/309 2580/6117/309 2608/6120/309 2645/6192/309
f 2565/6193/289 2566/6194/290 2647/6195/290 2646/6196/289
f 2566/6194/290 2567/6197/291 2649/6198/291 2647/6195/290
f 2567/6199/291 2568/6200/292 2650/6201/292 2649/6202/291
f 2568/6200/292 2569/6203/293 2651/6204/293 2650/6201/292
f 2569/6203/293 2570/6205/294 2652/6206/294 2651/6204/293
f 2570/6205/294 2571/6207/295 2653/6208/295 2652/6206/294
f 2571/6209/295 2572/6210/296 2654/6211/296 2653/6212/295
f 2572/6210/296 2573/6213/297 2655/6214/297 2654/6211/296
f 2573/6213/297 2574/6215/298 2656/6216/298 2655/6214/297
f 2574/6215/298 2575/6217/299 2657/6218/299 2656/6216/298
f 2575/6217/299 2576/6219/300 2658/6220/300 2657/6218/299
f 2576/6219/300 2577/6221/301 2659/6222/301 2658/6220/300
f 2577/6223/301 2578/6224/302 2660/6225/302 2659/6226/301
f 2578/6224/302 2579/6227/303 2661/6228/303 2660/6225/302
f 2579/6227/303 2580/6229/304 2662/6230/304 2661/6228/303
f 2580/6229/304 2581/6231/305 2663/6232/305 2662/6230/304
f 2581/6233/305 2582/6234/306 2664/6235/306 2663/6236/305
f 2582/6234/306 2583/6237/307 2665/6238/307 2664/6235/306
f 2583/6237/307 2584/6239/308 2666/6240/308 2665/6238/307
f 2584/6239/308 2565/6193/289 2646/6196/289 2666/6240/308
f 2667/6241/323 2668/6242/324 2722/6243/324 2723/6244/323
f 2668/6245/324 2669/6246/325 2721/6247/325 2722/6248/324
f 2669/6246/325 2670/6249/326 2720/6250/326 2721/6247/325
f 2670/6249/326 2671/6251/303 2719/6252/303 2720/6250/326
f 2671/6251/303 2672/6253/327 2718/6254/327 2719/6252/303
f 2672/6253/327 2673/6255/328 2717/6256/328 2718/6254/327
f 2673/6255/328 2674/6257/329 2716/6258/329 2717/6256/328
f 2674/6259/329 2675/6260/330 2715/6261/330 2716/6262/329
f 2675/6260/330 2676/6263/331 2714/6264/331 2715/6261/330
f 2676/6263/331 2677/6265/314 2713/6266/314 2714/6264/331
f 2677/6265/314 2678/6267/315 2712/6268/315 2713/6266/314
f 2678/6269/315 2679/6270/316 2711/6271/316 2712/6272/315
f 2679/6270/316 2680/6273/317 2710/6274/317 2711/6271/316
f 2680/6273/317 2681/6275/293 2709/6276/293 2710/6274/317
f 2681/6275/293 2682/6277/318 2708/6278/318 2709/6276/293
f 2682/6277/318 2683/6279/319 2727/6280/319 2708/6278/318
f 2683/6279/319 2684/6281/320 2726/6282/320 2727/6280/319
f 2684/6283/320 2685/6284/321 2725/6285/321 2726/6286/320
f 2685/6284/321 2686/6287/322 2724/6288/322 2725/6285/321
f 2686/6287/322 2667/6241/323 2723/6244/323 2724/6288/322
f 2668/6289/333 2667/6290/333 2707/6291/333
f 2669/6292/333 2668/6289/333 2707/6291/333
f 2670/6293/333 2669/6292/333 2707/6291/333
f 2671/6294/333 2670/6293/333 2707/6291/333
f 2672/6295/333 2671/6294/333 2707/6291/333
f 2673/6296/333 2672/6295/333 2707/6291/333
f 2674/6259/333 2673/6296/333 2707/6291/333
f 2675/6260/333 2674/6259/333 2707/6291/333
f 2676/6263/333 2675/6260/333 2707/6291/333
f 2677/6265/333 2676/6263/333 2707/6291/333
f 2678/6267/333 2677/6265/333 2707/6291/333
f 2679/6297/333 2678/6267/333 2707/6291/333
f 2680/6298/333 2679/6297/333 2707/6291/333
f 2681/6299/333 2680/6298/333 2707/6291/333
f 2682/6300/333 2681/6299/333 2707/6291/333
f 2683/6301/333 2682/6300/333 2707/6291/333
f 2684/6302/333 2683/6301/333 2707/6291/333
f 2685/6284/333 2684/6283/333 2707/6303/333
f 2686/6287/333 2685/6284/333 2707/6303/333
f 2667/6241/333 2686/6287/333 2707/6303/333
f 2768/6304/332 2769/6305/332 2770/6306/332
f 2769/6305/332 2771/6307/332 2770/6306/332
f 2771/6307/332 2772/6308/332 2770/6306/332
f 2772/6308/332 2773/6309/332 2770/6306/332
f 2773/6309/332 2774/6310/332 2770/6306/332
f 2774/6310/332 2775/6311/358 2770/6306/332
f 2775/6311/358 2776/6312/332 2770/6306/332
f 2776/6312/332 2777/6313/332 2770/6306/332
f 2777/6313/332 2778/6314/332 2770/6306/332
f 2778/6314/332 2779/6315/332 2770/6306/332
f 2779/6315/332 2780/6316/332 2770/6306/332
f 2780/6317/332 2781/6318/332 2770/6319/332
f 2781/6318/332 2782/6320/332 2770/6319/332
f 2782/6320/332 2783/6321/332 2770/6319/332
f 2783/6321/332 2784/6322/332 2770/6319/332
f 2784/6322/332 2785/6323/332 2770/6319/332
f 2785/6323/332 2786/6324/332 2770/6319/332
f 2786/6324/332 2787/6325/332 2770/6319/332
f 2787/6326/332 2788/6327/332 2770/6306/332
f 2788/6327/332 2768/6304/332 2770/6306/332
f 2729/6328/293 2728/6329/318 2730/6330/318 2731/6331/293
f 2732/6332/317 2729/6328/293 2731/6331/293 2733/6333/317
f 2734/6334/316 2732/6332/317 2733/6333/317 2735/6335/316
f 2736/6336/315 2734/6334/316 2735/6335/316 2737/6337/315
f 2738/6338/314 2736/6339/315 2737/6340/315 2739/6341/314
f 2740/6342/331 2738/6338/314 2739/6341/314 2741/6343/331
f 2742/6344/330 2740/6342/331 2741/6343/331 2743/6345/330
f 2744/6346/329 2742/6344/330 2743/6345/330 2745/6347/329
f 2746/6348/328 2744/6349/329 2745/6350/329 2747/6351/328
f 2748/6352/327 2746/6348/328 2747/6351/328 2749/6353/327
f 2750/6354/303 2748/6352/327 2749/6353/327 2751/6355/303
f 2752/6356/326 2750/6354/303 2751/6355/303 2753/6357/326
f 2754/6358/325 2752/6356/326 2753/6357/326 2755/6359/325
f 2756/6360/324 2754/6358/325 2755/6359/325 2757/6361/324
f 2758/6362/323 2756/6363/324 2757/6364/324 2759/6365/323
f 2760/6366/322 2758/6362/323 2759/6365/323 2761/6367/322
f 2762/6368/321 2760/6366/322 2761/6367/322 2763/6369/321
f 2764/6370/320 2762/6368/321 2763/6369/321 2765/6371/320
f 2766/6372/319 2764/6373/320 2765/6374/320 2767/6375/319
f 2728/6329/318 2766/6372/319 2767/6375/319 2730/6330/318
f 2709/6376/333 2708/6377/333 2728/6378/333 2729/6379/333
f 2702/6380/332 2701/6381/332 2731/6382/332 2730/6383/332
f 2710/6384/333 2709/6376/333 2729/6379/333 2732/6385/333
f 2701/6381/332 2700/6386/332 2733/6387/332 2731/6382/332
f 2711/6388/333 2710/6384/333 2732/6385/333 2734/6389/333
f 2700/6386/332 2699/6390/332 2735/6391/332 2733/6387/332
f 2712/6268/333 2711/6388/333 2734/6389/333 2736/6339/333
f 2699/6390/332 2698/6392/332 2737/6393/332 2735/6391/332
f 2713/6266/333 2712/6268/333 2736/6339/333 2738/6338/333
f 2698/6394/332 2697/6395/332 2739/6341/332 2737/6340/332
f 2714/6264/333 2713/6266/333 2738/6338/333 2740/6342/333
f 2697/6395/332 2696/6396/332 2741/6343/332 2739/6341/332
f 2715/6261/333 2714/6264/333 2740/6342/333 2742/6344/333
f 2696/6396/332 2695/6397/332 2743/6345/332 2741/6343/332
f 2716/6262/333 2715/6261/333 2742/6344/333 2744/6346/333
f 2695/6397/332 2694/6398/332 2745/6347/332 2743/6345/332
f 2717/6399/333 2716/6262/333 2744/6346/333 2746/6400/333
f 2694/6401/332 2693/6402/332 2747/6403/332 2745/6404/332
f 2718/6405/333 2717/6399/333 2746/6400/333 2748/6406/333
f 2693/6402/332 2692/6407/332 2749/6408/332 2747/6403/332
f 2719/6409/333 2718/6405/333 2748/6406/333 2750/6410/333
f 2692/6407/332 2691/6411/332 2751/6412/332 2749/6408/332
f 2720/6413/333 2719/6409/333 2750/6410/333 2752/6414/333
f 2691/6411/332 2690/6415/332 2753/6416/332 2751/6412/332
f 2721/6417/333 2720/6413/333 2752/6414/333 2754/6418/333
f 2690/6415/332 2689/6419/332 2755/6420/332 2753/6416/332
f 2722/6421/333 2721/6417/333 2754/6418/333 2756/6422/333
f 2689/6419/332 2688/6423/332 2757/6364/332 2755/6420/332
f 2723/6424/333 2722/6425/333 2756/6426/333 2758/6427/333
f 2688/6423/332 2687/6428/332 2759/6365/332 2757/6364/332
f 2724/6288/333 2723/6244/333 2758/6429/333 2760/6430/333
f 2687/6428/332 2706/6431/358 2761/6367/358 2759/6365/332
f 2725/6432/333 2724/6433/333 2760/6366/333 2762/6368/333
f 2706/6431/358 2705/6434/332 2763/6369/332 2761/6367/358
f 2726/6435/333 2725/6432/333 2762/6368/333 2764/6370/333
f 2705/6434/332 2704/6436/332 2765/6371/332 2763/6369/332
f 2727/6437/333 2726/6438/333 2764/6439/333 2766/6440/333
f 2704/6436/332 2703/6441/332 2767/6442/332 2765/6371/332
f 2708/6377/333 2727/6437/333 2766/6440/333 2728/6378/333
f 2703/6441/332 2702/6380/332 2730/6383/332 2767/6442/332
f 2687/6443/314 2688/6444/315 2769/6445/315 2768/6446/314
f 2688/6447/315 2689/6448/316 2771/6449/316 2769/6450/315
f 2689/6448/316 2690/6451/317 2772/6452/317 2771/6449/316
f 2690/6451/317 2691/6453/293 2773/6454/293 2772/6452/317
f 2691/6453/293 2692/6455/318 2774/6456/318 2773/6454/293
f 2692/6455/318 2693/6457/319 2775/6458/319 2774/6456/318
f 2693/6457/319 2694/6459/320 2776/6460/320 2775/6458/319
f 2694/6461/320 2695/6462/321 2777/6313/321 2776/6312/320
f 2695/6462/321 2696/6463/322 2778/6314/322 2777/6313/321
f 2696/6463/322 2697/6464/323 2779/6315/323 2778/6314/322
f 2697/6464/323 2698/6465/324 2780/6316/324 2779/6315/323
f 2698/6466/324 2699/6467/325 2781/6468/325 2780/6469/324
f 2699/6467/325 2700/6470/326 2782/6471/326 2781/6468/325
f 2700/6470/326 2701/6472/303 2783/6473/303 2782/6471/326
f 2701/6472/303 2702/6474/327 2784/6475/327 2783/6473/303
f 2702/6474/327 2703/6476/328 2785/6477/328 2784/6475/327
f 2703/6476/328 2704/6478/329 2786/6479/329 2785/6477/328
f 2704/6480/329 2705/6481/330 2787/6326/330 2786/6482/329
f 2705/6481/330 2706/6483/331 2788/6327/331 2787/6326/330
f 2706/6484/331 2687/6443/314 2768/6446/314 2788/6485/331
f 2789/6486/344 2790/6487/359 2844/6488/359 2845/6489/344
f 2790/6487/359 2791/6490/346 2843/6491/346 2844/6488/359
f 2791/6492/346 2792/6493/347 2842/6494/347 2843/6495/346
f 2792/6493/347 2793/6496/303 2841/6497/303 2842/6494/347
f 2793/6496/303 2794/6498/348 2840/6499/348 2841/6497/303
f 2794/6498/348 2795/6500/349 2839/6501/349 2840/6499/348
f 2795/6502/349 2796/6503/350 2838/6504/350 2839/6505/349
f 2796/6503/350 2797/6506/351 2837/6507/351 2838/6504/350
f 2797/6506/351 2798/6508/352 2836/6509/352 2837/6507/351
f 2798/6508/352 2799/6510/335 2835/6511/335 2836/6509/352
f 2799/6510/335 2800/6512/360 2834/6513/360 2835/6511/335
f 2800/6512/360 2801/6514/337 2833/6515/337 2834/6513/360
f 2801/6516/337 2802/6517/338 2832/6518/338 2833/6519/337
f 2802/6517/338 2803/6520/293 2831/6521/293 2832/6518/338
f 2803/6520/293 2804/6522/339 2830/6523/339 2831/6521/293
f 2804/6522/339 2805/6524/340 2849/6525/340 2830/6523/339
f 2805/6526/340 2806/6527/355 2848/6528/355 2849/6529/340
f 2806/6527/355 2807/6530/342 2847/6531/342 2848/6528/355
f 2807/6530/342 2808/6532/343 2846/6533/343 2847/6531/342
f 2808/6532/343 2789/6486/344 2845/6489/344 2846/6533/343
f 2790/6534/354 2789/6535/354 2829/6536/354
f 2791/6537/354 2790/6534/354 2829/6536/354
f 2792/6538/354 2791/6537/354 2829/6536/354
f 2793/6539/354 2792/6538/354 2829/6536/354
f 2794/6540/354 2793/6539/354 2829/6536/354
f 2795/6541/354 2794/6540/354 2829/6536/354
f 2796/6542/354 2795/6541/354 2829/6536/354
f 2797/6543/354 2796/6542/354 2829/6536/354
f 2798/6544/354 2797/6543/354 2829/6536/354
f 2799/6545/354 2798/6544/354 2829/6536/354
f 2800/6546/354 2799/6545/354 2829/6536/354
f 2801/6547/354 2800/6546/354 2829/6536/354
f 2802/6548/354 2801/6547/354 2829/6536/354
f 2803/6549/354 2802/6548/354 2829/6536/354
f 2804/6550/354 2803/6549/354 2829/6536/354
f 2805/6551/354 2804/6550/354 2829/6536/354
f 2806/6552/354 2805/6551/354 2829/6536/354
f 2807/6553/354 2806/6552/354 2829/6536/354
f 2808/6554/354 2807/6553/354 2829/6536/354
f 2789/6535/354 2808/6554/354 2829/6536/354
f 2890/6555/353 2891/6556/353 2892/6557/353
f 2891/6556/353 2893/6558/353 2892/6557/353
f 2893/6558/353 2894/6559/353 2892/6557/353
f 2894/6559/353 2895/6560/353 2892/6557/353
f 2895/6560/353 2896/6561/353 2892/6557/353
f 2896/6561/353 2897/6562/353 2892/6557/353
f 2897/6562/353 2898/6563/353 2892/6557/353
f 2898/6563/353 2899/6564/353 2892/6557/353
f 2899/6564/353 2900/6565/353 2892/6557/353
f 2900/6565/353 2901/6566/353 2892/6557/353
f 2901/6566/353 2902/6567/353 2892/6557/353
f 2902/6567/353 2903/6568/353 2892/6557/353
f 2903/6568/353 2904/6569/353 2892/6557/353
f 2904/6569/353 2905/6570/353 2892/6557/353
f 2905/6570/353 2906/6571/353 2892/6557/353
f 2906/6571/353 2907/6572/353 2892/6557/353
f 2907/6572/353 2908/6573/353 2892/6557/353
f 2908/6573/353 2909/6574/353 2892/6557/353
f 2909/6574/353 2910/6575/353 2892/6557/353
f 2910/6575/353 2890/6555/353 2892/6557/353
f 2851/6576/293 2850/6577/339 2852/6578/339 2853/6579/293
f 2854/6580/338 2851/6576/293 2853/6579/293 2855/6581/338
f 2856/6582/337 2854/6580/338 2855/6581/338 2857/6583/337
f 2858/6584/360 2856/6585/337 2857/6586/337 2859/6587/360
f 2860/6588/335 2858/6584/360 2859/6587/360 2861/6589/335
f 2862/6590/352 2860/6588/335 2861/6589/335 2863/6591/352
f 2864/6592/351 2862/6590/352 2863/6591/352 2865/6593/351
f 2866/6594/350 2864/6592/351 2865/6593/351 2867/6595/350
f 2868/6596/349 2866/6594/350 2867/6595/350 2869/6597/349
f 2870/6598/348 2868/6599/349 2869/6600/349 2871/6601/348
f 2872/6602/303 2870/6598/348 2871/6601/348 2873/6603/303
f 2874/6604/347 2872/6602/303 2873/6603/303 2875/6605/347
f 2876/6606/346 2874/6604/347 2875/6605/347 2877/6607/346
f 2878/6608/359 2876/6609/346 2877/6610/346 2879/6611/359
f 2880/6612/344 2878/6608/359 2879/6611/359 2881/6613/344
f 2882/6614/343 2880/6612/344 2881/6613/344 2883/6615/343
f 2884/6616/342 2882/6614/343 2883/6615/343 2885/6617/342
f 2886/6618/341 2884/6616/342 2885/6617/342 2887/6619/341
f 2888/6620/340 2886/6618/341 2887/6619/341 2889/6621/340
f 2850/6577/339 2888/6622/340 2889/6623/340 2852/6578/339
f 2831/6624/354 2830/6625/354 2850/6626/354 2851/6627/354
f 2824/6628/353 2823/6629/353 2853/6630/353 2852/6631/353
f 2832/6632/354 2831/6624/354 2851/6627/354 2854/6633/354
f 2823/6629/353 2822/6634/353 2855/6635/353 2853/6630/353
f 2833/6636/354 2832/6632/354 2854/6633/354 2856/6637/354
f 2822/6634/353 2821/6638/353 2857/6639/353 2855/6635/353
f 2834/6640/354 2833/6636/354 2856/6637/354 2858/6641/354
f 2821/6638/353 2820/6642/353 2859/6643/353 2857/6639/353
f 2835/6644/354 2834/6640/354 2858/6641/354 2860/6645/354
f 2820/6642/353 2819/6646/353 2861/6647/353 2859/6643/353
f 2836/6648/354 2835/6644/354 2860/6645/354 2862/6649/354
f 2819/6646/353 2818/6650/353 2863/6651/353 2861/6647/353
f 2837/6652/354 2836/6648/354 2862/6649/354 2864/6653/354
f 2818/6650/353 2817/6654/353 2865/6655/353 2863/6651/353
f 2838/6656/354 2837/6652/354 2864/6653/354 2866/6657/354
f 2817/6654/353 2816/6658/353 2867/6659/353 2865/6655/353
f 2839/6660/354 2838/6656/354 2866/6657/354 2868/6661/354
f 2816/6658/353 2815/6662/353 2869/6663/353 2867/6659/353
f 2840/6664/354 2839/6660/354 2868/6661/354 2870/6665/354
f 2815/6662/353 2814/6666/353 2871/6667/353 2869/6663/353
f 2841/6668/354 2840/6664/354 2870/6665/354 2872/6669/354
f 2814/6666/353 2813/6670/353 2873/6671/353 2871/6667/353
f 2842/6672/354 2841/6668/354 2872/6669/354 2874/6673/354
f 2813/6670/353 2812/6674/353 2875/6675/353 2873/6671/353
f 2843/6676/354 2842/6672/354 2874/6673/354 2876/6677/354
f 2812/6674/353 2811/6678/353 2877/6679/353 2875/6675/353
f 2844/6680/354 2843/6676/354 2876/6677/354 2878/6681/354
f 2811/6678/353 2810/6682/353 2879/6683/353 2877/6679/353
f 2845/6684/354 2844/6680/354 2878/6681/354 2880/6685/354
f 2810/6682/353 2809/6686/353 2881/6687/353 2879/6683/353
f 2846/6688/354 2845/6684/354 2880/6685/354 2882/6689/354
f 2809/6686/353 2828/6690/353 2883/6691/353 2881/6687/353
f 2847/6692/354 2846/6688/354 2882/6689/354 2884/6693/354
f 2828/6690/353 2827/6694/353 2885/6695/353 2883/6691/353
f 2848/6696/354 2847/6692/354 2884/6693/354 2886/6697/354
f 2827/6694/353 2826/6698/353 2887/6699/353 2885/6695/353
f 2849/6700/354 2848/6696/354 2886/6697/354 2888/6701/354
f 2826/6698/353 2825/6702/353 2889/6703/353 2887/6699/353
f 2830/6625/354 2849/6700/354 2888/6701/354 2850/6626/354
f 2825/6702/353 2824/6628/353 2852/6631/353 2889/6703/353
f 2809/6704/335 2810/6705/360 2891/6706/360 2890/6707/335
f 2810/6705/360 2811/6708/337 2893/6709/337 2891/6706/360
f 2811/6710/337 2812/6711/338 2894/6712/338 2893/6713/337
f 2812/6711/338 2813/6714/293 2895/6715/293 2894/6712/338
f 2813/6714/293 2814/6716/339 2896/6717/339 2895/6715/293
f 2814/6716/339 2815/6718/340 2897/6719/340 2896/6717/339
f 2815/6720/340 2816/6721/341 2898/6722/341 2897/6723/340
f 2816/6721/341 2817/6724/342 2899/6725/342 2898/6722/341
f 2817/6724/342 2818/6726/343 2900/6727/343 2899/6725/342
f 2818/6726/343 2819/6728/344 2901/6729/344 2900/6727/343
f 2819/6728/344 2820/6730/359 2902/6731/359 2901/6729/344
f 2820/6730/359 2821/6732/346 2903/6733/346 2902/6731/359
f 2821/6734/346 2822/6735/347 2904/6736/347 2903/6737/346
f 2822/6735/347 2823/6738/303 2905/6739/303 2904/6736/347
f 2823/6738/303 2824/6740/348 2906/6741/348 2905/6739/303
f 2824/6740/348 2825/6742/349 2907/6743/349 2906/6741/348
f 2825/6744/349 2826/6745/350 2908/6746/350 2907/6747/349
f 2826/6745/350 2827/6748/351 2909/6749/351 2908/6746/350
f 2827/6748/351 2828/6750/352 2910/6751/352 2909/6749/351
f 2828/6750/352 2809/6704/335 2890/6707/335 2910/6751/352
f 3399/6752/361 3400/6753/362 3401/6754/362 3402/6755/361
f 3400/6756/362 3403/6757/363 3404/6758/363 3401/6759/362
f 3403/6757/363 3405/6760/364 3406/6761/364 3404/6758/363
f 3405/6760/364 3407/6762/293 3408/6763/293 3406/6761/364
f 3407/6762/293 3409/6764/365 3410/6765/365 3408/6763/293
f 3409/6764/365 3411/6766/366 3412/6767/366 3410/6765/365
f 3411/6766/366 3413/6768/367 3414/6769/367 3412/6767/366
f 3413/6770/367 3415/6771/368 3416/6772/368 3414/6773/367
f 3415/6771/368 3417/6774/369 3418/6775/369 3416/6772/368
f 3417/6774/369 3419/6776/370 3420/6777/370 3418/6775/369
f 3419/6776/370 3421/6778/371 3422/6779/371 3420/6777/370
f 3421/6780/371 3423/6781/372 3424/6782/372 3422/6783/371
f 3423/6781/372 3425/6784/373 3426/6785/373 3424/6782/372
f 3425/6784/373 3427/6786/303 3428/6787/303 3426/6785/373
f 3427/6786/303 3429/6788/374 3430/6789/374 3428/6787/303
f 3429/6788/374 3431/6790/375 3432/6791/375 3430/6789/374
f 3431/6790/375 3433/6792/376 3434/6793/376 3432/6791/375
f 3433/6794/376 3435/6795/377 3436/6796/377 3434/6797/376
f 3435/6795/377 3437/6798/378 3438/6799/378 3436/6796/377
f 3437/6798/378 3399/6752/361 3402/6755/361 3438/6799/378
f 3400/6800/379 3399/6801/379 3439/6802/379
f 3403/6803/379 3400/6800/379 3439/6802/379
f 3405/6804/379 3403/6803/379 3439/6802/379
f 3407/6805/379 3405/6804/379 3439/6802/379
f 3409/6806/379 3407/6805/379 3439/6802/379
f 3411/6807/379 3409/6806/379 3439/6802/379
f 3413/6770/379 3411/6807/379 3439/6802/379
f 3415/6771/379 3413/6770/379 3439/6802/379
f 3417/6774/379 3415/6771/379 3439/6802/379
f 3419/6776/379 3417/6774/379 3439/6802/379
f 3421/6778/379 3419/6776/379 3439/6802/379
f 3423/6808/379 3421/6778/379 3439/6802/379
f 3425/6809/379 3423/6808/379 3439/6802/379
f 3427/6810/379 3425/6809/379 3439/6802/379
f 3429/6811/379 3427/6810/379 3439/6802/379
f 3431/6812/379 3429/6811/379 3439/6802/379
f 3433/6813/379 3431/6812/379 3439/6802/379
f 3435/6795/379 3433/6794/379 3439/6814/379
f 3437/6798/379 3435/6795/379 3439/6814/379
f 3399/6752/379 3437/6798/379 3439/6814/379
f 3440/6815/380 3441/6816/380 3442/6817/380
f 3441/6816/380 3443/6818/380 3442/6817/380
f 3443/6818/380 3444/6819/381 3442/6817/380
f 3444/6819/381 3445/6820/380 3442/6817/380
f 3445/6820/380 3446/6821/380 3442/6817/380
f 3446/6821/380 3447/6822/380 3442/6817/380
f 3447/6822/380 3448/6823/380 3442/6817/380
f 3448/6823/380 3449/6824/380 3442/6817/380
f 3449/6824/380 3450/6825/380 3442/6817/380
f 3450/6825/380 3451/6826/380 3442/6817/380
f 3451/6826/380 3452/6827/380 3442/6817/380
f 3452/6828/380 3453/6829/380 3442/6830/380
f 3453/6829/380 3454/6831/380 3442/6830/380
f 3454/6831/380 3455/6832/380 3442/6830/380
f 3455/6832/380 3456/6833/380 3442/6830/380
f 3456/6833/380 3457/6834/380 3442/6830/380
f 3457/6834/380 3458/6835/380 3442/6830/380
f 3458/6835/380 3459/6836/380 3442/6830/380
f 3459/6837/380 3460/6838/380 3442/6817/380
f 3460/6838/380 3440/6815/380 3442/6817/380
f 3462/6839/303 3461/6840/374 3463/6841/374 3464/6842/303
f 3465/6843/373 3462/6839/303 3464/6842/303 3466/6844/373
f 3467/6845/372 3465/6843/373 3466/6844/373 3468/6846/372
f 3469/6847/371 3467/6845/372 3468/6846/372 3470/6848/371
f 3471/6849/370 3469/6850/371 3470/6851/371 3472/6852/370
f 3473/6853/369 3471/6849/370 3472/6852/370 3474/6854/369
f 3475/6855/368 3473/6853/369 3474/6854/369 3476/6856/368
f 3477/6857/367 3475/6855/368 3476/6856/368 3478/6858/367
f 3479/6859/366 3477/6860/367 3478/6861/367 3480/6862/366
f 3481/6863/365 3479/6859/366 3480/6862/366 3482/6864/365
f 3483/6865/293 3481/6863/365 3482/6864/365 3484/6866/293
f 3485/6867/364 3483/6865/293 3484/6866/293 3486/6868/364
f 3487/6869/363 3485/6867/364 3486/6868/364 3488/6870/363
f 3489/6871/362 3487/6869/363 3488/6870/363 3490/6872/362
f 3491/6873/361 3489/6874/362 3490/6875/362 3492/6876/361
f 3493/6877/378 3491/6873/361 3492/6876/361 3494/6878/378
f 3495/6879/377 3493/6877/378 3494/6878/378 3496/6880/377
f 3497/6881/376 3495/6879/377 3496/6880/377 3498/6882/376
f 3499/6883/375 3497/6884/376 3498/6885/376 3500/6886/375
f 3461/6840/374 3499/6883/375 3500/6886/375 3463/6841/374
f 3428/6887/379 3430/6888/379 3461/6889/379 3462/6890/379
f 3502/6891/380 3501/6892/380 3464/6893/380 3463/6894/380
f 3426/6895/379 3428/6887/379 3462/6890/379 3465/6896/379
f 3501/6892/380 3503/6897/380 3466/6898/380 3464/6893/380
f 3424/6899/379 3426/6895/379 3465/6896/379 3467/6900/379
f 3503/6897/380 3504/6901/380 3468/6902/380 3466/6898/380
f 3422/6779/379 3424/6899/379 3467/6900/379 3469/6850/379
f 3504/6901/380 3505/6903/380 3470/6904/380 3468/6902/380
f 3420/6777/379 3422/6779/379 3469/6850/379 3471/6849/379
f 3505/6905/380 3506/6906/380 3472/6852/380 3470/6851/380
f 3418/6775/379 3420/6777/379 3471/6849/379 3473/6853/379
f 3506/6906/380 3507/6907/380 3474/6854/380 3472/6852/380
f 3416/6772/379 3418/6775/379 3473/6853/379 3475/6855/379
f 3507/6907/380 3508/6908/380 3476/6856/380 3474/6854/380
f 3414/6773/379 3416/6772/379 3475/6855/379 3477/6857/379
f 3508/6908/380 3509/6909/380 3478/6858/380 3476/6856/380
f 3412/6910/379 3414/6773/379 3477/6857/379 3479/6911/379
f 3509/6912/380 3510/6913/380 3480/6914/380 3478/6915/380
f 3410/6916/379 3412/6910/379 3479/6911/379 3481/6917/379
f 3510/6913/380 3511/6918/380 3482/6919/380 3480/6914/380
f 3408/6920/379 3410/6916/379 3481/6917/379 3483/6921/379
f 3511/6918/380 3512/6922/380 3484/6923/380 3482/6919/380
f 3406/6924/379 3408/6920/379 3483/6921/379 3485/6925/379
f 3512/6922/380 3513/6926/380 3486/6927/380 3484/6923/380
f 3404/6928/379 3406/6924/379 3485/6925/379 3487/6929/379
f 3513/6926/380 3514/6930/380 3488/6931/380 3486/6927/380
f 3401/6932/379 3404/6928/379 3487/6929/379 3489/6933/379
f 3514/6930/380 3515/6934/380 3490/6875/380 3488/6931/380
f 3402/6935/379 3401/6936/379 3489/6937/379 3491/6938/379
f 3515/6934/380 3516/6939/380 3492/6876/380 3490/6875/380
f 3438/6799/379 3402/6755/379 3491/6940/379 3493/6941/379
f 3516/6939/380 3517/6942/380 3494/6878/380 3492/6876/380
f 3436/6943/379 3438/6944/379 3493/6877/379 3495/6879/379
f 3517/6942/380 3518/6945/380 3496/6880/380 3494/6878/380
f 3434/6946/379 3436/6943/379 3495/6879/379 3497/6881/379
f 3518/6945/380 3519/6947/380 3498/6882/380 3496/6880/380
f 3432/6948/379 3434/6949/379 3497/6950/379 3499/6951/379
f 3519/6947/380 3520/6952/380 3500/6953/380 3498/6882/380
f 3430/6888/379 3432/6948/379 3499/6951/379 3461/6889/379
f 3520/6952/380 3502/6891/380 3463/6894/380 3500/6953/380
f 3516/6954/370 3515/6955/371 3441/6956/371 3440/6957/370
f 3515/6958/371 3514/6959/372 3443/6960/372 3441/6961/371
f 3514/6959/372 3513/6962/373 3444/6963/373 3443/6960/372
f 3513/6962/373 3512/6964/303 3445/6965/303 3444/6963/373
f 3512/6964/303 3511/6966/374 3446/6967/374 3445/6965/303
f 3511/6966/374 3510/6968/375 3447/6969/375 3446/6967/374
f 3510/6968/375 3509/6970/376 3448/6971/376 3447/6969/375
f 3509/6972/376 3508/6973/377 3449/6824/377 3448/6823/376
f 3508/6973/377 3507/6974/378 3450/6825/378 3449/6824/377
f 3507/6974/378 3506/6975/361 3451/6826/361 3450/6825/378
f 3506/6975/361 3505/6976/362 3452/6827/362 3451/6826/361
f 3505/6977/362 3504/6978/363 3453/6979/363 3452/6980/362
f 3504/6978/363 3503/6981/364 3454/6982/364 3453/6979/363
f 3503/6981/364 3501/6983/293 3455/6984/293 3454/6982/364
f 3501/6983/293 3502/6985/365 3456/6986/365 3455/6984/293
f 3502/6985/365 3520/6987/366 3457/6988/366 3456/6986/365
f 3520/6987/366 3519/6989/367 3458/6990/367 3457/6988/366
f 3519/6991/367 3518/6992/368 3459/6837/368 3458/6993/367
f 3518/6992/368 3517/6994/369 3460/6838/369 3459/6837/368
f 3517/6995/369 3516/6954/370 3440/6957/370 3460/6996/369
f 3277/6997/370 3333/6998/370 3332/6999/371 3278/7000/371
f 3278/7001/371 3332/7002/371 3331/7003/372 3279/7004/372
f 3279/7004/372 3331/7003/372 3330/7005/373 3280/7006/373
f 3280/7006/373 3330/7005/373 3329/7007/303 3281/7008/303
f 3281/7008/303 3329/7007/303 3328/7009/374 3282/7010/374
f 3282/7010/374 3328/7009/374 3327/7011/375 3283/7012/375
f 3283/7012/375 3327/7011/375 3326/7013/376 3284/7014/376
f 3284/7015/376 3326/7016/376 3325/7017/377 3285/7018/377
f 3285/7018/377 3325/7017/377 3324/7019/378 3286/7020/378
f 3286/7020/378 3324/7019/378 3323/7021/361 3287/7022/361
f 3287/7022/361 3323/7021/361 3322/7023/362 3288/7024/362
f 3288/7025/362 3322/7026/362 3321/7027/363 3289/7028/363
f 3289/7028/363 3321/7027/363 3320/7029/364 3290/7030/364
f 3290/7030/364 3320/7029/364 3319/7031/293 3291/7032/293
f 3291/7032/293 3319/7031/293 3318/7033/365 3292/7034/365
f 3292/7034/365 3318/7033/365 3337/7035/366 3293/7036/366
f 3293/7036/366 3337/7035/366 3336/7037/367 3294/7038/367
f 3294/7039/367 3336/7040/367 3335/7041/368 3295/7042/368
f 3295/7042/368 3335/7041/368 3334/7043/369 3296/7044/369
f 3296/7044/369 3334/7043/369 3333/6998/370 3277/6997/370
f 3278/7000/380 3317/7045/380 3277/6997/380
f 3279/7046/380 3317/7047/380 3278/7048/380
f 3280/7049/380 3317/7047/380 3279/7046/380
f 3281/7050/380 3317/7047/380 3280/7049/380
f 3282/7051/380 3317/7047/380 3281/7050/380
f 3283/7052/380 3317/7047/380 3282/7051/380
f 3284/7015/380 3317/7047/380 3283/7052/380
f 3285/7018/380 3317/7047/380 3284/7015/380
f 3286/7020/380 3317/7047/380 3285/7018/380
f 3287/7022/380 3317/7047/380 3286/7020/380
f 3288/7024/380 3317/7047/380 3287/7022/380
f 3289/7053/380 3317/7047/380 3288/7024/380
f 3290/7054/380 3317/7047/380 3289/7053/380
f 3291/7055/380 3317/7047/380 3290/7054/380
f 3292/7056/380 3317/7047/380 3291/7055/380
f 3293/7057/380 3317/7047/380 3292/7056/380
f 3294/7058/380 3317/7047/380 3293/7057/380
f 3295/7042/380 3317/7045/380 3294/7039/380
f 3296/7044/380 3317/7045/380 3295/7042/380
f 3277/6997/380 3317/7045/380 3296/7044/380
f 3378/7059/379 3380/7060/379 3379/7061/379
f 3379/7061/379 3380/7060/379 3381/7062/379
f 3381/7062/379 3380/7060/379 3382/7063/382
f 3382/7063/382 3380/7060/379 3383/7064/379
f 3383/7064/379 3380/7060/379 3384/7065/379
f 3384/7065/379 3380/7060/379 3385/7066/379
f 3385/7066/379 3380/7060/379 3386/7067/379
f 3386/7067/379 3380/7060/379 3387/7068/379
f 3387/7068/379 3380/7060/379 3388/7069/379
f 3388/7069/379 3380/7060/379 3389/7070/379
f 3389/7070/379 3380/7060/379 3390/7071/379
f 3390/7071/379 3380/7060/379 3391/7072/379
f 3391/7072/379 3380/7060/379 3392/7073/379
f 3392/7073/379 3380/7060/379 3393/7074/379
f 3393/7074/379 3380/7060/379 3394/7075/379
f 3394/7075/379 3380/7060/379 3395/7076/379
f 3395/7076/379 3380/7060/379 3396/7077/379
f 3396/7077/379 3380/7060/379 3397/7078/379
f 3397/7078/379 3380/7060/379 3398/7079/379
f 3398/7079/379 3380/7060/379 3378/7059/379
f 3339/7080/293 3341/7081/293 3340/7082/365 3338/7083/365
f 3342/7084/364 3343/7085/364 3341/7081/293 3339/7080/293
f 3344/7086/363 3345/7087/363 3343/7085/364 3342/7084/364
f 3346/7088/362 3347/7089/362 3345/7087/363 3344/7086/363
f 3348/7090/361 3349/7091/361 3347/7092/362 3346/7093/362
f 3350/7094/378 3351/7095/378 3349/7091/361 3348/7090/361
f 3352/7096/377 3353/7097/377 3351/7095/378 3350/7094/378
f 3354/7098/376 3355/7099/376 3353/7097/377 3352/7096/377
f 3356/7100/375 3357/7101/375 3355/7102/376 3354/7103/376
f 3358/7104/374 3359/7105/374 3357/7101/375 3356/7100/375
f 3360/7106/303 3361/7107/303 3359/7105/374 3358/7104/374
f 3362/7108/373 3363/7109/373 3361/7107/303 3360/7106/303
f 3364/7110/372 3365/7111/372 3363/7109/373 3362/7108/373
f 3366/7112/371 3367/7113/371 3365/7111/372 3364/7110/372
f 3368/7114/370 3369/7115/370 3367/7116/371 3366/7117/371
f 3370/7118/369 3371/7119/369 3369/7115/370 3368/7114/370
f 3372/7120/368 3373/7121/368 3371/7119/369 3370/7118/369
f 3374/7122/367 3375/7123/367 3373/7121/368 3372/7120/368
f 3376/7124/366 3377/7125/366 3375/7126/367 3374/7127/367
f 3338/7083/365 3340/7082/365 3377/7125/366 3376/7124/366
f 3319/7128/380 3339/7129/380 3338/7130/380 3318/7131/380
f 3312/7132/379 3340/7133/379 3341/7134/379 3311/7135/379
f 3320/7136/380 3342/7137/380 3339/7129/380 3319/7128/380
f 3311/7135/379 3341/7134/379 3343/7138/379 3310/7139/379
f 3321/7140/380 3344/7141/380 3342/7137/380 3320/7136/380
f 3310/7139/379 3343/7138/379 3345/7142/379 3309/7143/379
f 3322/7023/380 3346/7093/380 3344/7141/380 3321/7140/380
f 3309/7143/379 3345/7142/379 3347/7144/379 3308/7145/379
f 3323/7021/380 3348/7090/380 3346/7093/380 3322/7023/380
f 3308/7146/379 3347/7092/379 3349/7091/379 3307/7147/379
f 3324/7019/380 3350/7094/380 3348/7090/380 3323/7021/380
f 3307/7147/379 3349/7091/379 3351/7095/379 3306/7148/379
f 3325/7017/380 3352/7096/380 3350/7094/380 3324/7019/380
f 3306/7148/379 3351/7095/379 3353/7097/379 3305/7149/379
f 3326/7016/380 3354/7098/380 3352/7096/380 3325/7017/380
f 3305/7150/379 3353/7151/379 3355/7152/379 3304/7153/379
f 3327/7154/380 3356/7155/380 3354/7098/380 3326/7016/380
f 3304/7153/379 3355/7152/379 3357/7156/379 3303/7157/379
f 3328/7158/380 3358/7159/380 3356/7155/380 3327/7154/380
f 3303/7157/379 3357/7156/379 3359/7160/379 3302/7161/379
f 3329/7162/380 3360/7163/380 3358/7159/380 3328/7158/380
f 3302/7161/379 3359/7160/379 3361/7164/379 3301/7165/379
f 3330/7166/380 3362/7167/380 3360/7163/380 3329/7162/380
f 3301/7165/379 3361/7164/379 3363/7168/379 3300/7169/379
f 3331/7170/380 3364/7171/380 3362/7167/380 3330/7166/380
f 3300/7169/379 3363/7168/379 3365/7172/379 3299/7173/379
f 3332/7174/380 3366/7175/380 3364/7171/380 3331/7170/380
f 3299/7173/379 3365/7172/379 3367/7176/379 3298/7177/379
f 3333/7178/380 3368/7114/380 3366/7117/380 3332/7179/380
f 3298/7180/379 3367/7116/379 3369/7115/379 3297/7181/379
f 3334/7043/380 3370/7182/380 3368/7183/380 3333/6998/380
f 3297/7181/379 3369/7115/379 3371/7119/379 3316/7184/379
f 3335/7041/380 3372/7185/380 3370/7182/380 3334/7043/380
f 3316/7184/379 3371/7119/379 3373/7121/379 3315/7186/379
f 3336/7187/380 3374/7122/380 3372/7120/380 3335/7188/380
f 3315/7186/379 3373/7121/379 3375/7123/379 3314/7189/379
f 3337/7190/380 3376/7191/380 3374/7192/380 3336/7193/380
f 3314/7189/379 3375/7123/379 3377/7194/379 3313/7195/379
f 3318/7131/380 3338/7130/380 3376/7191/380 3337/7190/380
f 3313/7195/379 3377/7194/379 3340/7133/379 3312/7132/379
f 3297/7196/361 3378/7197/361 3379/7198/362 3298/7199/362
f 3298/7200/362 3379/7201/362 3381/7202/363 3299/7203/363
f 3299/7203/363 3381/7202/363 3382/7204/364 3300/7205/364
f 3300/7205/364 3382/7204/364 3383/7206/293 3301/7207/293
f 3301/7207/293 3383/7206/293 3384/7208/365 3302/7209/365
f 3302/7209/365 3384/7208/365 3385/7210/366 3303/7211/366
f 3303/7211/366 3385/7210/366 3386/7212/367 3304/7213/367
f 3304/7153/367 3386/7067/367 3387/7068/368 3305/7150/368
f 3305/7150/368 3387/7068/368 3388/7069/369 3306/7214/369
f 3306/7214/369 3388/7069/369 3389/7070/370 3307/7215/370
f 3307/7215/370 3389/7070/370 3390/7071/371 3308/7216/371
f 3308/7217/371 3390/7218/371 3391/7219/372 3309/7220/372
f 3309/7220/372 3391/7219/372 3392/7221/373 3310/7222/373
f 3310/7222/373 3392/7221/373 3393/7223/303 3311/7224/303
f 3311/7224/303 3393/7223/303 3394/7225/374 3312/7226/374
f 3312/7226/374 3394/7225/374 3395/7227/375 3313/7228/375
f 3313/7228/375 3395/7227/375 3396/7229/376 3314/7230/376
f 3314/7231/376 3396/7232/376 3397/7233/377 3315/7234/377
f 3315/7234/377 3397/7233/377 3398/7235/378 3316/7236/378
f 3316/7236/378 3398/7235/378 3378/7197/361 3297/7196/361
f 3763/7237/383 3764/7238/384 3765/7239/384 3766/7240/383
f 3764/7238/384 3767/7241/385 3768/7242/385 3765/7239/384
f 3767/7243/385 3769/7244/386 3770/7245/386 3768/7246/385
f 3769/7244/386 3771/7247/293 3772/7248/293 3770/7245/386
f 3771/7247/293 3773/7249/387 3774/7250/387 3772/7248/293
f 3773/7249/387 3775/7251/388 3776/7252/388 3774/7250/387
f 3775/7253/388 3777/7254/389 3778/7255/389 3776/7256/388
f 3777/7254/389 3779/7257/390 3780/7258/390 3778/7255/389
f 3779/7257/390 3781/7259/391 3782/7260/391 3780/7258/390
f 3781/7259/391 3783/7261/392 3784/7262/392 3782/7260/391
f 3783/7261/392 3785/7263/393 3786/7264/393 3784/7262/392
f 3785/7263/393 3787/7265/394 3788/7266/394 3786/7264/393
f 3787/7267/394 3789/7268/395 3790/7269/395 3788/7270/394
f 3789/7268/395 3791/7271/303 3792/7272/303 3790/7269/395
f 3791/7271/303 3793/7273/396 3794/7274/396 3792/7272/303
f 3793/7273/396 3795/7275/397 3796/7276/397 3794/7274/396
f 3795/7277/397 3797/7278/398 3798/7279/398 3796/7280/397
f 3797/7278/398 3799/7281/399 3800/7282/399 3798/7279/398
f 3799/7281/399 3801/7283/400 3802/7284/400 3800/7282/399
f 3801/7283/400 3763/7237/383 3766/7240/383 3802/7284/400
f 3804/7285/401 3803/7286/401 3805/7287/401
f 3806/7288/401 3804/7285/401 3805/7287/401
f 3807/7289/401 3806/7288/401 3805/7287/401
f 3808/7290/401 3807/7289/401 3805/7287/401
f 3809/7291/401 3808/7290/401 3805/7287/401
f 3810/7292/401 3809/7291/401 3805/7287/401
f 3811/7293/401 3810/7292/401 3805/7287/401
f 3812/7294/401 3811/7293/401 3805/7287/401
f 3813/7295/401 3812/7294/401 3805/7287/401
f 3814/7296/401 3813/7295/401 3805/7287/401
f 3815/7297/401 3814/7296/401 3805/7287/401
f 3816/7298/401 3815/7297/401 3805/7287/401
f 3817/7299/401 3816/7298/401 3805/7287/401
f 3818/7300/401 3817/7299/401 3805/7287/401
f 3819/7301/401 3818/7300/401 3805/7287/401
f 3820/7302/401 3819/7301/401 3805/7287/401
f 3821/7303/401 3820/7302/401 3805/7287/401
f 3822/7304/401 3821/7303/401 3805/7287/401
f 3823/7305/401 3822/7304/401 3805/7287/401
f 3803/7286/401 3823/7305/401 3805/7287/401
f 3824/7306/402 3825/7307/402 3826/7308/402
f 3825/7307/402 3827/7309/402 3826/7308/402
f 3827/7309/402 3828/7310/402 3826/7308/402
f 3828/7310/402 3829/7311/402 3826/7308/402
f 3829/7311/402 3830/7312/402 3826/7308/402
f 3830/7312/402 3831/7313/402 3826/7308/402
f 3831/7313/402 3832/7314/402 3826/7308/402
f 3832/7314/402 3833/7315/402 3826/7308/402
f 3833/7315/402 3834/7316/402 3826/7308/402
f 3834/7316/402 3835/7317/402 3826/7308/402
f 3835/7317/402 3836/7318/402 3826/7308/402
f 3836/7318/402 3837/7319/402 3826/7308/402
f 3837/7319/402 3838/7320/402 3826/7308/402
f 3838/7320/402 3839/7321/402 3826/7308/402
f 3839/7321/402 3840/7322/402 3826/7308/402
f 3840/7322/402 3841/7323/402 3826/7308/402
f 3841/7323/402 3842/7324/402 3826/7308/402
f 3842/7324/402 3843/7325/402 3826/7308/402
f 3843/7325/402 3844/7326/402 3826/7308/402
f 3844/7326/402 3824/7306/402 3826/7308/402
f 3846/7327/395 3845/7328/303 3847/7329/303 3848/7330/395
f 3849/7331/394 3846/7327/395 3848/7330/395 3850/7332/394
f 3851/7333/393 3849/7334/394 3850/7335/394 3852/7336/393
f 3853/7337/392 3851/7333/393 3852/7336/393 3854/7338/392
f 3855/7339/391 3853/7337/392 3854/7338/392 3856/7340/391
f 3857/7341/390 3855/7339/391 3856/7340/391 3858/7342/390
f 3859/7343/389 3857/7341/390 3858/7342/390 3860/7344/389
f 3861/7345/388 3859/7343/389 3860/7344/389 3862/7346/388
f 3863/7347/387 3861/7348/388 3862/7349/388 3864/7350/387
f 3865/7351/293 3863/7347/387 3864/7350/387 3866/7352/293
f 3867/7353/386 3865/7351/293 3866/7352/293 3868/7354/386
f 3869/7355/385 3867/7353/386 3868/7354/386 3870/7356/385
f 3871/7357/384 3869/7358/385 3870/7359/385 3872/7360/384
f 3873/7361/383 3871/7357/384 3872/7360/384 3874/7362/383
f 3875/7363/400 3873/7361/383 3874/7362/383 3876/7364/400
f 3877/7365/399 3875/7363/400 3876/7364/400 3878/7366/399
f 3879/7367/398 3877/7365/399 3878/7366/399 3880/7368/398
f 3881/7369/397 3879/7367/398 3880/7368/398 3882/7370/397
f 3883/7371/396 3881/7372/397 3882/7373/397 3884/7374/396
f 3845/7328/303 3883/7371/396 3884/7374/396 3847/7329/303
f 3886/7375/303 3885/7376/396 3887/7377/396 3888/7378/303
f 3889/7379/395 3886/7375/303 3888/7378/303 3890/7380/395
f 3891/7381/394 3889/7379/395 3890/7380/395 3892/7382/394
f 3893/7383/393 3891/7384/394 3892/7385/394 3894/7386/393
f 3895/7387/392 3893/7383/393 3894/7386/393 3896/7388/392
f 3897/7389/391 3895/7387/392 3896/7388/392 3898/7390/391
f 3899/7391/390 3897/7389/391 3898/7390/391 3900/7392/390
f 3901/7393/389 3899/7391/390 3900/7392/390 3902/7394/389
f 3903/7395/388 3901/7393/389 3902/7394/389 3904/7396/388
f 3905/7397/387 3903/7398/388 3904/7399/388 3906/7400/387
f 3907/7401/293 3905/7397/387 3906/7400/387 3908/7402/293
f 3909/7403/386 3907/7401/293 3908/7402/293 3910/7404/386
f 3911/7405/385 3909/7403/386 3910/7404/386 3912/7406/385
f 3913/7407/384 3911/7408/385 3912/7409/385 3914/7410/384
f 3915/7411/383 3913/7407/384 3914/7410/384 3916/7412/383
f 3917/7413/400 3915/7411/383 3916/7412/383 3918/7414/400
f 3919/7415/399 3917/7413/400 3918/7414/400 3920/7416/399
f 3921/7417/398 3919/7415/399 3920/7416/399 3922/7418/398
f 3923/7419/397 3921/7417/398 3922/7418/398 3924/7420/397
f 3885/7376/396 3923/7421/397 3924/7422/397 3887/7377/396
f 3926/7423/303 3925/7424/396 3927/7425/396 3928/7426/303
f 3929/7427/395 3926/7423/303 3928/7426/303 3930/7428/395
f 3931/7429/394 3929/7427/395 3930/7428/395 3932/7430/394
f 3933/7431/393 3931/7432/394 3932/7433/394 3934/7434/393
f 3935/7435/392 3933/7431/393 3934/7434/393 3936/7436/392
f 3937/7437/391 3935/7435/392 3936/7436/392 3938/7438/391
f 3939/7439/390 3937/7437/391 3938/7438/391 3940/7440/390
f 3941/7441/389 3939/7439/390 3940/7440/390 3942/7442/389
f 3943/7443/388 3941/7441/389 3942/7442/389 3944/7444/388
f 3945/7445/387 3943/7446/388 3944/7447/388 3946/7448/387
f 3947/7449/293 3945/7445/387 3946/7448/387 3948/7450/293
f 3949/7451/386 3947/7449/293 3948/7450/293 3950/7452/386
f 3951/7453/385 3949/7451/386 3950/7452/386 3952/7454/385
f 3953/7455/384 3951/7456/385 3952/7457/385 3954/7458/384
f 3955/7459/383 3953/7455/384 3954/7458/384 3956/7460/383
f 3957/7461/400 3955/7459/383 3956/7460/383 3958/7462/400
f 3959/7463/399 3957/7461/400 3958/7462/400 3960/7464/399
f 3961/7465/398 3959/7463/399 3960/7464/399 3962/7466/398
f 3963/7467/397 3961/7465/398 3962/7466/398 3964/7468/397
f 3925/7424/396 3963/7469/397 3964/7470/397 3927/7425/396
f 3966/7471/395 3965/7472/303 3967/7473/303 3968/7474/395
f 3969/7475/394 3966/7471/395 3968/7474/395 3970/7476/394
f 3971/7477/393 3969/7478/394 3970/7479/394 3972/7480/393
f 3973/7481/392 3971/7477/393 3972/7480/393 3974/7482/392
f 3975/7483/391 3973/7481/392 3974/7482/392 3976/7484/391
f 3977/7485/390 3975/7483/391 3976/7484/391 3978/7486/390
f 3979/7487/389 3977/7485/390 3978/7486/390 3980/7488/389
f 3981/7489/388 3979/7487/389 3980/7488/389 3982/7490/388
f 3983/7491/387 3981/7492/388 3982/7493/388 3984/7494/387
f 3985/7495/293 3983/7491/387 3984/7494/387 3986/7496/293
f 3987/7497/386 3985/7495/293 3986/7496/293 3988/7498/386
f 3989/7499/385 3987/7497/386 3988/7498/386 3990/7500/385
f 3991/7501/384 3989/7502/385 3990/7503/385 3992/7504/384
f 3993/7505/383 3991/7501/384 3992/7504/384 3994/7506/383
f 3995/7507/400 3993/7505/383 3994/7506/383 3996/7508/400
f 3997/7509/399 3995/7507/400 3996/7508/400 3998/7510/399
f 3999/7511/398 3997/7509/399 3998/7510/399 4000/7512/398
f 4001/7513/397 3999/7511/398 4000/7512/398 4002/7514/397
f 4003/7515/396 4001/7516/397 4002/7517/397 4004/7518/396
f 3965/7472/303 4003/7515/396 4004/7518/396 3967/7473/303
f 3803/7286/401 3804/7285/401 3764/7519/401 3763/7520/401
f 3913/7521/402 3915/7522/402 3766/7523/402 3765/7524/402
f 3804/7285/401 3806/7288/401 3767/7525/401 3764/7519/401
f 3911/7526/402 3913/7521/402 3765/7524/402 3768/7527/402
f 3806/7288/401 3807/7289/401 3769/7528/401 3767/7525/401
f 3909/7529/402 3911/7526/402 3768/7527/402 3770/7530/402
f 3807/7289/401 3808/7290/401 3771/7531/401 3769/7528/401
f 3907/7532/402 3909/7529/402 3770/7530/402 3772/7533/402
f 3808/7290/401 3809/7291/401 3773/7534/401 3771/7531/401
f 3905/7535/402 3907/7532/402 3772/7533/402 3774/7536/402
f 3809/7291/401 3810/7292/401 3775/7537/401 3773/7534/401
f 3903/7538/402 3905/7535/402 3774/7536/402 3776/7539/402
f 3810/7292/401 3811/7293/401 3777/7540/401 3775/7537/401
f 3901/7541/402 3903/7538/402 3776/7539/402 3778/7542/402
f 3811/7293/401 3812/7294/401 3779/7543/401 3777/7540/401
f 3899/7544/402 3901/7541/402 3778/7542/402 3780/7545/402
f 3812/7294/401 3813/7295/401 3781/7546/401 3779/7543/401
f 3897/7547/402 3899/7544/402 3780/7545/402 3782/7548/402
f 3813/7295/401 3814/7296/401 3783/7549/401 3781/7546/401
f 3895/7550/402 3897/7547/402 3782/7548/402 3784/7551/402
f 3814/7296/401 3815/7297/401 3785/7552/401 3783/7549/401
f 3893/7553/402 3895/7550/402 3784/7551/402 3786/7554/402
f 3815/7297/401 3816/7298/401 3787/7555/401 3785/7552/401
f 3891/7556/402 3893/7553/402 3786/7554/402 3788/7557/402
f 3816/7298/401 3817/7299/401 3789/7558/401 3787/7555/401
f 3889/7559/402 3891/7556/402 3788/7557/402 3790/7560/402
f 3817/7299/401 3818/7300/401 3791/7561/401 3789/7558/401
f 3886/7562/402 3889/7559/402 3790/7560/402 3792/7563/402
f 3818/7300/401 3819/7301/401 3793/7564/401 3791/7561/401
f 3885/7565/402 3886/7562/402 3792/7563/402 3794/7566/402
f 3819/7301/401 3820/7302/401 3795/7567/401 3793/7564/401
f 3923/7568/402 3885/7565/402 3794/7566/402 3796/7569/402
f 3820/7302/401 3821/7303/401 3797/7570/401 3795/7567/401
f 3921/7571/402 3923/7568/402 3796/7569/402 3798/7572/402
f 3821/7303/401 3822/7304/401 3799/7573/401 3797/7570/401
f 3919/7574/402 3921/7571/402 3798/7572/402 3800/7575/402
f 3822/7304/401 3823/7305/401 3801/7576/401 3799/7573/401
f 3917/7577/402 3919/7574/402 3800/7575/402 3802/7578/402
f 3823/7305/401 3803/7286/401 3763/7520/401 3801/7576/401
f 3915/7522/402 3917/7577/402 3802/7578/402 3766/7523/402
f 3968/7579/401 3967/7580/401 3845/7581/401 3846/7582/401
f 3839/7321/402 3838/7320/402 3848/7583/402 3847/7584/402
f 3970/7585/401 3968/7579/401 3846/7582/401 3849/7586/401
f 3838/7320/402 3837/7319/402 3850/7587/402 3848/7583/402
f 3972/7588/401 3970/7585/401 3849/7586/401 3851/7589/401
f 3837/7319/402 3836/7318/402 3852/7590/402 3850/7587/402
f 3974/7591/401 3972/7588/401 3851/7589/401 3853/7592/401
f 3836/7318/402 3835/7317/402 3854/7593/402 3852/7590/402
f 3976/7594/401 3974/7591/401 3853/7592/401 3855/7595/401
f 3835/7317/402 3834/7316/402 3856/7596/402 3854/7593/402
f 3978/7597/401 3976/7594/401 3855/7595/401 3857/7598/401
f 3834/7316/402 3833/7315/402 3858/7599/402 3856/7596/402
f 3980/7600/401 3978/7597/401 3857/7598/401 3859/7601/401
f 3833/7315/402 3832/7314/402 3860/7602/402 3858/7599/402
f 3982/7603/401 3980/7600/401 3859/7601/401 3861/7604/401
f 3832/7314/402 3831/7313/402 3862/7605/402 3860/7602/402
f 3984/7606/401 3982/7603/401 3861/7604/401 3863/7607/401
f 3831/7313/402 3830/7312/402 3864/7608/402 3862/7605/402
f 3986/7609/401 3984/7606/401 3863/7607/401 3865/7610/401
f 3830/7312/402 3829/7311/402 3866/7611/402 3864/7608/402
f 3988/7612/401 3986/7609/401 3865/7610/401 3867/7613/401
f 3829/7311/402 3828/7310/402 3868/7614/402 3866/7611/402
f 3990/7615/401 3988/7612/401 3867/7613/401 3869/7616/401
f 3828/7310/402 3827/7309/402 3870/7617/402 3868/7614/402
f 3992/7618/401 3990/7615/401 3869/7616/401 3871/7619/401
f 3827/7309/402 3825/7307/402 3872/7620/402 3870/7617/402
f 3994/7621/401 3992/7618/401 3871/7619/401 3873/7622/401
f 3825/7307/402 3824/7306/402 3874/7623/402 3872/7620/402
f 3996/7624/401 3994/7621/401 3873/7622/401 3875/7625/401
f 3824/7306/402 3844/7326/402 3876/7626/402 3874/7623/402
f 3998/7627/401 3996/7624/401 3875/7625/401 3877/7628/401
f 3844/7326/402 3843/7325/402 3878/7629/402 3876/7626/402
f 4000/7630/401 3998/7627/401 3877/7628/401 3879/7631/401
f 3843/7325/402 3842/7324/402 3880/7632/402 3878/7629/402
f 4002/7633/401 4000/7630/401 3879/7631/401 3881/7634/401
f 3842/7324/402 3841/7323/402 3882/7635/402 3880/7632/402
f 4004/7636/401 4002/7633/401 3881/7634/401 3883/7637/401
f 3841/7323/402 3840/7322/402 3884/7638/402 3882/7635/402
f 3967/7580/401 4004/7636/401 3883/7637/401 3845/7581/401
f 3840/7322/402 3839/7321/402 3847/7584/402 3884/7638/402
f 3888/7639/401 3887/7640/401 3925/7641/401 3926/7642/401
f 4003/7643/402 3965/7644/402 3928/7645/402 3927/7646/402
f 3890/7647/401 3888/7639/401 3926/7642/401 3929/7648/401
f 3965/7644/402 3966/7649/402 3930/7650/402 3928/7645/402
f 3892/7651/401 3890/7647/401 3929/7648/401 3931/7652/401
f 3966/7649/402 3969/7653/402 3932/7654/402 3930/7650/402
f 3894/7655/401 3892/7651/401 3931/7652/401 3933/7656/401
f 3969/7653/402 3971/7657/402 3934/7658/402 3932/7654/402
f 3896/7659/401 3894/7655/401 3933/7656/401 3935/7660/401
f 3971/7657/402 3973/7661/402 3936/7662/402 3934/7658/402
f 3898/7663/401 3896/7659/401 3935/7660/401 3937/7664/401
f 3973/7661/402 3975/7665/402 3938/7666/402 3936/7662/402
f 3900/7667/401 3898/7663/401 3937/7664/401 3939/7668/401
f 3975/7665/402 3977/7669/402 3940/7670/402 3938/7666/402
f 3902/7671/401 3900/7667/401 3939/7668/401 3941/7672/401
f 3977/7669/402 3979/7673/402 3942/7674/402 3940/7670/402
f 3904/7675/401 3902/7671/401 3941/7672/401 3943/7676/401
f 3979/7673/402 3981/7677/402 3944/7678/402 3942/7674/402
f 3906/7679/401 3904/7675/401 3943/7676/401 3945/7680/401
f 3981/7677/402 3983/7681/402 3946/7682/402 3944/7678/402
f 3908/7683/401 3906/7679/401 3945/7680/401 3947/7684/401
f 3983/7681/402 3985/7685/402 3948/7686/402 3946/7682/402
f 3910/7687/401 3908/7683/401 3947/7684/401 3949/7688/401
f 3985/7685/402 3987/7689/402 3950/7690/402 3948/7686/402
f 3912/7691/401 3910/7687/401 3949/7688/401 3951/7692/401
f 3987/7689/402 3989/7693/402 3952/7694/402 3950/7690/402
f 3914/7695/401 3912/7691/401 3951/7692/401 3953/7696/401
f 3989/7693/402 3991/7697/402 3954/7698/402 3952/7694/402
f 3916/7699/401 3914/7695/401 3953/7696/401 3955/7700/401
f 3991/7697/402 3993/7701/402 3956/7702/402 3954/7698/402
f 3918/7703/401 3916/7699/401 3955/7700/401 3957/7704/401
f 3993/7701/402 3995/7705/402 3958/7706/402 3956/7702/402
f 3920/7707/401 3918/7703/401 3957/7704/401 3959/7708/401
f 3995/7705/402 3997/7709/402 3960/7710/402 3958/7706/402
f 3922/7711/401 3920/7707/401 3959/7708/401 3961/7712/401
f 3997/7709/402 3999/7713/402 3962/7714/402 3960/7710/402
f 3924/7715/401 3922/7711/401 3961/7712/401 3963/7716/401
f 3999/7713/402 4001/7717/402 3964/7718/402 3962/7714/402
f 3887/7640/401 3924/7715/401 3963/7716/401 3925/7641/401
f 4001/7717/402 4003/7643/402 3927/7646/402 3964/7718/402
f 3643/7719/392 3646/7720/392 3645/7721/393 3644/7722/393
f 3644/7722/393 3645/7721/393 3648/7723/394 3647/7724/394
f 3647/7725/394 3648/7726/394 3650/7727/395 3649/7728/395
f 3649/7728/395 3650/7727/395 3652/7729/303 3651/7730/303
f 3651/7730/303 3652/7729/303 3654/7731/396 3653/7732/396
f 3653/7732/396 3654/7731/396 3656/7733/397 3655/7734/397
f 3655/7735/397 3656/7736/397 3658/7737/398 3657/7738/398
f 3657/7738/398 3658/7737/398 3660/7739/399 3659/7740/399
f 3659/7740/399 3660/7739/399 3662/7741/400 3661/7742/400
f 3661/7742/400 3662/7741/400 3664/7743/383 3663/7744/383
f 3663/7744/383 3664/7743/383 3666/7745/384 3665/7746/384
f 3665/7746/384 3666/7745/384 3668/7747/385 3667/7748/385
f 3667/7749/385 3668/7750/385 3670/7751/386 3669/7752/386
f 3669/7752/386 3670/7751/386 3672/7753/293 3671/7754/293
f 3671/7754/293 3672/7753/293 3674/7755/387 3673/7756/387
f 3673/7756/387 3674/7755/387 3676/7757/388 3675/7758/388
f 3675/7759/388 3676/7760/388 3678/7761/389 3677/7762/389
f 3677/7762/389 3678/7761/389 3680/7763/390 3679/7764/390
f 3679/7764/390 3680/7763/390 3682/7765/391 3681/7766/391
f 3681/7766/391 3682/7765/391 3646/7720/392 3643/7719/392
f 3522/7767/402 3561/7768/402 3521/7769/402
f 3523/7770/402 3561/7768/402 3522/7767/402
f 3524/7771/402 3561/7768/402 3523/7770/402
f 3525/7772/402 3561/7768/402 3524/7771/402
f 3526/7773/402 3561/7768/402 3525/7772/402
f 3527/7774/402 3561/7768/402 3526/7773/402
f 3528/7775/402 3561/7768/402 3527/7774/402
f 3529/7776/402 3561/7768/402 3528/7775/402
f 3530/7777/402 3561/7768/402 3529/7776/402
f 3531/7778/402 3561/7768/402 3530/7777/402
f 3532/7779/402 3561/7768/402 3531/7778/402
f 3533/7780/402 3561/7768/402 3532/7779/402
f 3534/7781/402 3561/7768/402 3533/7780/402
f 3535/7782/402 3561/7768/402 3534/7781/402
f 3536/7783/402 3561/7768/402 3535/7782/402
f 3537/7784/402 3561/7768/402 3536/7783/402
f 3538/7785/402 3561/7768/402 3537/7784/402
f 3539/7786/402 3561/7768/402 3538/7785/402
f 3540/7787/402 3561/7768/402 3539/7786/402
f 3521/7769/402 3561/7768/402 3540/7787/402
f 3541/7788/401 3562/7789/401 3542/7790/401
f 3542/7790/401 3562/7789/401 3543/7791/401
f 3543/7791/401 3562/7789/401 3544/7792/401
f 3544/7792/401 3562/7789/401 3545/7793/401
f 3545/7793/401 3562/7789/401 3546/7794/401
f 3546/7794/401 3562/7789/401 3547/7795/401
f 3547/7795/401 3562/7789/401 3548/7796/401
f 3548/7796/401 3562/7789/401 3549/7797/401
f 3549/7797/401 3562/7789/401 3550/7798/401
f 3550/7798/401 3562/7789/401 3551/7799/401
f 3551/7799/401 3562/7789/401 3552/7800/401
f 3552/7800/401 3562/7789/401 3553/7801/401
f 3553/7801/401 3562/7789/401 3554/7802/401
f 3554/7802/401 3562/7789/401 3555/7803/401
f 3555/7803/401 3562/7789/401 3556/7804/401
f 3556/7804/401 3562/7789/401 3557/7805/401
f 3557/7805/401 3562/7789/401 3558/7806/401
f 3558/7806/401 3562/7789/401 3559/7807/401
f 3559/7807/401 3562/7789/401 3560/7808/401
f 3560/7808/401 3562/7789/401 3541/7788/401
f 3684/7809/386 3686/7810/386 3685/7811/293 3683/7812/293
f 3687/7813/385 3688/7814/385 3686/7810/386 3684/7809/386
f 3689/7815/384 3690/7816/384 3688/7817/385 3687/7818/385
f 3691/7819/383 3692/7820/383 3690/7816/384 3689/7815/384
f 3693/7821/400 3694/7822/400 3692/7820/383 3691/7819/383
f 3695/7823/399 3696/7824/399 3694/7822/400 3693/7821/400
f 3697/7825/398 3698/7826/398 3696/7824/399 3695/7823/399
f 3699/7827/397 3700/7828/397 3698/7826/398 3697/7825/398
f 3701/7829/396 3702/7830/396 3700/7831/397 3699/7832/397
f 3703/7833/303 3704/7834/303 3702/7830/396 3701/7829/396
f 3705/7835/395 3706/7836/395 3704/7834/303 3703/7833/303
f 3707/7837/394 3708/7838/394 3706/7836/395 3705/7835/395
f 3709/7839/393 3710/7840/393 3708/7841/394 3707/7842/394
f 3711/7843/392 3712/7844/392 3710/7840/393 3709/7839/393
f 3713/7845/391 3714/7846/391 3712/7844/392 3711/7843/392
f 3715/7847/390 3716/7848/390 3714/7846/391 3713/7845/391
f 3717/7849/389 3718/7850/389 3716/7848/390 3715/7847/390
f 3719/7851/388 3720/7852/388 3718/7850/389 3717/7849/389
f 3721/7853/387 3722/7854/387 3720/7855/388 3719/7856/388
f 3683/7812/293 3685/7811/293 3722/7854/387 3721/7853/387
f 3584/7857/293 3604/7858/293 3603/7859/387 3583/7860/387
f 3585/7861/386 3605/7862/386 3604/7858/293 3584/7857/293
f 3586/7863/385 3606/7864/385 3605/7862/386 3585/7861/386
f 3587/7865/384 3607/7866/384 3606/7867/385 3586/7868/385
f 3588/7869/383 3608/7870/383 3607/7866/384 3587/7865/384
f 3589/7871/400 3609/7872/400 3608/7870/383 3588/7869/383
f 3590/7873/399 3610/7874/399 3609/7872/400 3589/7871/400
f 3591/7875/398 3611/7876/398 3610/7874/399 3590/7873/399
f 3592/7877/397 3612/7878/397 3611/7876/398 3591/7875/398
f 3593/7879/396 3613/7880/396 3612/7881/397 3592/7882/397
f 3594/7883/303 3614/7884/303 3613/7880/396 3593/7879/396
f 3595/7885/395 3615/7886/395 3614/7884/303 3594/7883/303
f 3596/7887/394 3616/7888/394 3615/7886/395 3595/7885/395
f 3597/7889/393 3617/7890/393 3616/7891/394 3596/7892/394
f 3598/7893/392 3618/7894/392 3617/7890/393 3597/7889/393
f 3599/7895/391 3619/7896/391 3618/7894/392 3598/7893/392
f 3600/7897/390 3620/7898/390 3619/7896/391 3599/7895/391
f 3601/7899/389 3621/7900/389 3620/7898/390 3600/7897/390
f 3602/7901/388 3622/7902/388 3621/7900/389 3601/7899/389
f 3583/7860/387 3603/7859/387 3622/7903/388 3602/7904/388
f 3724/7905/293 3726/7906/293 3725/7907/387 3723/7908/387
f 3727/7909/386 3728/7910/386 3726/7906/293 3724/7905/293
f 3729/7911/385 3730/7912/385 3728/7910/386 3727/7909/386
f 3731/7913/384 3732/7914/384 3730/7915/385 3729/7916/385
f 3733/7917/383 3734/7918/383 3732/7914/384 3731/7913/384
f 3735/7919/400 3736/7920/400 3734/7918/383 3733/7917/383
f 3737/7921/399 3738/7922/399 3736/7920/400 3735/7919/400
f 3739/7923/398 3740/7924/398 3738/7922/399 3737/7921/399
f 3741/7925/397 3742/7926/397 3740/7924/398 3739/7923/398
f 3743/7927/396 3744/7928/396 3742/7929/397 3741/7930/397
f 3745/7931/303 3746/7932/303 3744/7928/396 3743/7927/396
f 3747/7933/395 3748/7934/395 3746/7932/303 3745/7931/303
f 3749/7935/394 3750/7936/394 3748/7934/395 3747/7933/395
f 3751/7937/393 3752/7938/393 3750/7939/394 3749/7940/394
f 3753/7941/392 3754/7942/392 3752/7938/393 3751/7937/393
f 3755/7943/391 3756/7944/391 3754/7942/392 3753/7941/392
f 3757/7945/390 3758/7946/390 3756/7944/391 3755/7943/391
f 3759/7947/389 3760/7948/389 3758/7946/390 3757/7945/390
f 3761/7949/388 3762/7950/388 3760/7948/389 3759/7947/389
f 3723/7908/387 3725/7907/387 3762/7951/388 3761/7952/388
f 3624/7953/386 3564/7954/386 3563/7955/293 3623/7956/293
f 3625/7957/385 3565/7958/385 3564/7954/386 3624/7953/386
f 3626/7959/384 3566/7960/384 3565/7961/385 3625/7962/385
f 3627/7963/383 3567/7964/383 3566/7960/384 3626/7959/384
f 3628/7965/400 3568/7966/400 3567/7964/383 3627/7963/383
f 3629/7967/399 3569/7968/399 3568/7966/400 3628/7965/400
f 3630/7969/398 3570/7970/398 3569/7968/399 3629/7967/399
f 3631/7971/397 3571/7972/397 3570/7970/398 3630/7969/398
f 3632/7973/396 3572/7974/396 3571/7975/397 3631/7976/397
f 3633/7977/303 3573/7978/303 3572/7974/396 3632/7973/396
f 3634/7979/395 3574/7980/395 3573/7978/303 3633/7977/303
f 3635/7981/394 3575/7982/394 3574/7980/395 3634/7979/395
f 3636/7983/393 3576/7984/393 3575/7985/394 3635/7986/394
f 3637/7987/392 3577/7988/392 3576/7984/393 3636/7983/393
f 3638/7989/391 3578/7990/391 3577/7988/392 3637/7987/392
f 3639/7991/390 3579/7992/390 3578/7990/391 3638/7989/391
f 3640/7993/389 3580/7994/389 3579/7992/390 3639/7991/390
f 3641/7995/388 3581/7996/388 3580/7994/389 3640/7993/389
f 3642/7997/387 3582/7998/387 3581/7999/388 3641/8000/388
f 3623/7956/293 3563/7955/293 3582/7998/387 3642/7997/387
f 3521/7769/402 3643/8001/402 3644/8002/402 3522/7767/402
f 3597/8003/401 3645/8004/401 3646/8005/401 3598/8006/401
f 3522/7767/402 3644/8002/402 3647/8007/402 3523/7770/402
f 3596/8008/401 3648/8009/401 3645/8004/401 3597/8003/401
f 3523/7770/402 3647/8007/402 3649/8010/402 3524/7771/402
f 3595/8011/401 3650/8012/401 3648/8009/401 3596/8008/401
f 3524/7771/402 3649/8010/402 3651/8013/402 3525/7772/402
f 3594/8014/401 3652/8015/401 3650/8012/401 3595/8011/401
f 3525/7772/402 3651/8013/402 3653/8016/402 3526/7773/402
f 3593/8017/401 3654/8018/401 3652/8015/401 3594/8014/401
f 3526/7773/402 3653/8016/402 3655/8019/402 3527/7774/402
f 3592/8020/401 3656/8021/401 3654/8018/401 3593/8017/401
f 3527/7774/402 3655/8019/402 3657/8022/402 3528/7775/402
f 3591/8023/401 3658/8024/401 3656/8021/401 3592/8020/401
f 3528/7775/402 3657/8022/402 3659/8025/402 3529/7776/402
f 3590/8026/401 3660/8027/401 3658/8024/401 3591/8023/401
f 3529/7776/402 3659/8025/402 3661/8028/402 3530/7777/402
f 3589/8029/401 3662/8030/401 3660/8027/401 3590/8026/401
f 3530/7777/402 3661/8028/402 3663/8031/402 3531/7778/402
f 3588/8032/401 3664/8033/401 3662/8030/401 3589/8029/401
f 3531/7778/402 3663/8031/402 3665/8034/402 3532/7779/402
f 3587/8035/401 3666/8036/401 3664/8033/401 3588/8032/401
f 3532/7779/402 3665/8034/402 3667/8037/402 3533/7780/402
f 3586/8038/401 3668/8039/401 3666/8036/401 3587/8035/401
f 3533/7780/402 3667/8037/402 3669/8040/402 3534/7781/402
f 3585/8041/401 3670/8042/401 3668/8039/401 3586/8038/401
f 3534/7781/402 3669/8040/402 3671/8043/402 3535/7782/402
f 3584/8044/401 3672/8045/401 3670/8042/401 3585/8041/401
f 3535/7782/402 3671/8043/402 3673/8046/402 3536/7783/402
f 3583/8047/401 3674/8048/401 3672/8045/401 3584/8044/401
f 3536/7783/402 3673/8046/402 3675/8049/402 3537/7784/402
f 3602/8050/401 3676/8051/401 3674/8048/401 3583/8047/401
f 3537/7784/402 3675/8049/402 3677/8052/402 3538/7785/402
f 3601/8053/401 3678/8054/401 3676/8051/401 3602/8050/401
f 3538/7785/402 3677/8052/402 3679/8055/402 3539/7786/402
f 3600/8056/401 3680/8057/401 3678/8054/401 3601/8053/401
f 3539/7786/402 3679/8055/402 3681/8058/402 3540/7787/402
f 3599/8059/401 3682/8060/401 3680/8057/401 3600/8056/401
f 3540/7787/402 3681/8058/402 3643/8001/402 3521/7769/402
f 3598/8006/401 3646/8005/401 3682/8060/401 3599/8059/401
f 3564/8061/402 3684/8062/402 3683/8063/402 3563/8064/402
f 3555/7803/401 3685/8065/401 3686/8066/401 3554/7802/401
f 3565/8067/402 3687/8068/402 3684/8062/402 3564/8061/402
f 3554/7802/401 3686/8066/401 3688/8069/401 3553/7801/401
f 3566/8070/402 3689/8071/402 3687/8068/402 3565/8067/402
f 3553/7801/401 3688/8069/401 3690/8072/401 3552/7800/401
f 3567/8073/402 3691/8074/402 3689/8071/402 3566/8070/402
f 3552/7800/401 3690/8072/401 3692/8075/401 3551/7799/401
f 3568/8076/402 3693/8077/402 3691/8074/402 3567/8073/402
f 3551/7799/401 3692/8075/401 3694/8078/401 3550/7798/401
f 3569/8079/402 3695/8080/402 3693/8077/402 3568/8076/402
f 3550/7798/401 3694/8078/401 3696/8081/401 3549/7797/401
f 3570/8082/402 3697/8083/402 3695/8080/402 3569/8079/402
f 3549/7797/401 3696/8081/401 3698/8084/401 3548/7796/401
f 3571/8085/402 3699/8086/402 3697/8083/402 3570/8082/402
f 3548/7796/401 3698/8084/401 3700/8087/401 3547/7795/401
f 3572/8088/402 3701/8089/402 3699/8086/402 3571/8085/402
f 3547/7795/401 3700/8087/401 3702/8090/401 3546/7794/401
f 3573/8091/402 3703/8092/402 3701/8089/402 3572/8088/402
f 3546/7794/401 3702/8090/401 3704/8093/401 3545/7793/401
f 3574/8094/402 3705/8095/402 3703/8092/402 3573/8091/402
f 3545/7793/401 3704/8093/401 3706/8096/401 3544/7792/401
f 3575/8097/402 3707/8098/402 3705/8095/402 3574/8094/402
f 3544/7792/401 3706/8096/401 3708/8099/401 3543/7791/401
f 3576/8100/402 3709/8101/402 3707/8098/402 3575/8097/402
f 3543/7791/401 3708/8099/401 3710/8102/401 3542/7790/401
f 3577/8103/402 3711/8104/402 3709/8101/402 3576/8100/402
f 3542/7790/401 3710/8102/401 3712/8105/401 3541/7788/401
f 3578/8106/402 3713/8107/402 3711/8104/402 3577/8103/402
f 3541/7788/401 3712/8105/401 3714/8108/401 3560/7808/401
f 3579/8109/402 3715/8110/402 3713/8107/402 3578/8106/402
f 3560/7808/401 3714/8108/401 3716/8111/401 3559/7807/401
f 3580/8112/402 3717/8113/402 3715/8110/402 3579/8109/402
f 3559/7807/401 3716/8111/401 3718/8114/401 3558/7806/401
f 3581/8115/402 3719/8116/402 3717/8113/402 3580/8112/402
f 3558/7806/401 3718/8114/401 3720/8117/401 3557/7805/401
f 3582/8118/402 3721/8119/402 3719/8116/402 3581/8115/402
f 3557/7805/401 3720/8117/401 3722/8120/401 3556/7804/401
f 3563/8064/402 3683/8063/402 3721/8119/402 3582/8118/402
f 3556/7804/401 3722/8120/401 3685/8065/401 3555/7803/401
f 3604/8121/402 3724/8122/402 3723/8123/402 3603/8124/402
f 3642/8125/401 3725/8126/401 3726/8127/401 3623/8128/401
f 3605/8129/402 3727/8130/402 3724/8122/402 3604/8121/402
f 3623/8128/401 3726/8127/401 3728/8131/401 3624/8132/401
f 3606/8133/402 3729/8134/402 3727/8130/402 3605/8129/402
f 3624/8132/401 3728/8131/401 3730/8135/401 3625/8136/401
f 3607/8137/402 3731/8138/402 3729/8134/402 3606/8133/402
f 3625/8136/401 3730/8135/401 3732/8139/401 3626/8140/401
f 3608/8141/402 3733/8142/402 3731/8138/402 3607/8137/402
f 3626/8140/401 3732/8139/401 3734/8143/401 3627/8144/401
f 3609/8145/402 3735/8146/402 3733/8142/402 3608/8141/402
f 3627/8144/401 3734/8143/401 3736/8147/401 3628/8148/401
f 3610/8149/402 3737/8150/402 3735/8146/402 3609/8145/402
f 3628/8148/401 3736/8147/401 3738/8151/401 3629/8152/401
f 3611/8153/402 3739/8154/402 3737/8150/402 3610/8149/402
f 3629/8152/401 3738/8151/401 3740/8155/401 3630/8156/401
f 3612/8157/402 3741/8158/402 3739/8154/402 3611/8153/402
f 3630/8156/401 3740/8155/401 3742/8159/401 3631/8160/401
f 3613/8161/402 3743/8162/402 3741/8158/402 3612/8157/402
f 3631/8160/401 3742/8159/401 3744/8163/401 3632/8164/401
f 3614/8165/402 3745/8166/402 3743/8162/402 3613/8161/402
f 3632/8164/401 3744/8163/401 3746/8167/401 3633/8168/401
f 3615/8169/402 3747/8170/402 3745/8166/402 3614/8165/402
f 3633/8168/401 3746/8167/401 3748/8171/401 3634/8172/401
f 3616/8173/402 3749/8174/402 3747/8170/402 3615/8169/402
f 3634/8172/401 3748/8171/401 3750/8175/401 3635/8176/401
f 3617/8177/402 3751/8178/402 3749/8174/402 3616/8173/402
f 3635/8176/401 3750/8175/401 3752/8179/401 3636/8180/401
f 3618/8181/402 3753/8182/402 3751/8178/402 3617/8177/402
f 3636/8180/401 3752/8179/401 3754/8183/401 3637/8184/401
f 3619/8185/402 3755/8186/402 3753/8182/402 3618/8181/402
f 3637/8184/401 3754/8183/401 3756/8187/401 3638/8188/401
f 3620/8189/402 3757/8190/402 3755/8186/402 3619/8185/402
f 3638/8188/401 3756/8187/401 3758/8191/401 3639/8192/401
f 3621/8193/402 3759/8194/402 3757/8190/402 3620/8189/402
f 3639/8192/401 3758/8191/401 3760/8195/401 3640/8196/401
f 3622/8197/402 3761/8198/402 3759/8194/402 3621/8193/402
f 3640/8196/401 3760/8195/401 3762/8199/401 3641/8200/401
f 3603/8124/402 3723/8123/402 3761/8198/402 3622/8197/402
f 3641/8200/401 3762/8199/401 3725/8126/401 3642/8125/401
f 4127/8201/403 4128/8202/404 4129/8203/404 4130/8204/403
f 4128/8202/404 4131/8205/405 4132/8206/405 4129/8203/404
f 4131/8207/405 4133/8208/406 4134/8209/406 4132/8210/405
f 4133/8208/406 4135/8211/293 4136/8212/293 4134/8209/406
f 4135/8211/293 4137/8213/407 4138/8214/407 4136/8212/293
f 4137/8213/407 4139/8215/408 4140/8216/408 4138/8214/407
f 4139/8217/408 4141/8218/409 4142/8219/409 4140/8220/408
f 4141/8218/409 4143/8221/410 4144/8222/410 4142/8219/409
f 4143/8221/410 4145/8223/411 4146/8224/411 4144/8222/410
f 4145/8223/411 4147/8225/412 4148/8226/412 4146/8224/411
f 4147/8225/412 4149/8227/413 4150/8228/413 4148/8226/412
f 4149/8227/413 4151/8229/414 4152/8230/414 4150/8228/413
f 4151/8231/414 4153/8232/415 4154/8233/415 4152/8234/414
f 4153/8232/415 4155/8235/303 4156/8236/303 4154/8233/415
f 4155/8235/303 4157/8237/416 4158/8238/416 4156/8236/303
f 4157/8237/416 4159/8239/417 4160/8240/417 4158/8238/416
f 4159/8241/417 4161/8242/418 4162/8243/419 4160/8244/417
f 4161/8242/418 4163/8245/420 4164/8246/420 4162/8243/419
f 4163/8245/420 4165/8247/421 4166/8248/421 4164/8246/420
f 4165/8247/421 4127/8201/403 4130/8204/403 4166/8248/421
f 4128/8249/422 4127/8250/422 4167/8251/422
f 4131/8252/422 4128/8249/422 4167/8251/422
f 4133/8253/422 4131/8252/422 4167/8251/422
f 4135/8254/422 4133/8253/422 4167/8251/422
f 4137/8255/422 4135/8254/422 4167/8251/422
f 4139/8256/422 4137/8255/422 4167/8251/422
f 4141/8257/422 4139/8256/422 4167/8251/422
f 4143/8258/422 4141/8257/422 4167/8251/422
f 4145/8259/422 4143/8258/422 4167/8251/422
f 4147/8260/422 4145/8259/422 4167/8251/422
f 4149/8261/422 4147/8260/422 4167/8251/422
f 4151/8262/422 4149/8261/422 4167/8251/422
f 4153/8263/422 4151/8262/422 4167/8251/422
f 4155/8264/422 4153/8263/422 4167/8251/422
f 4157/8265/422 4155/8264/422 4167/8251/422
f 4159/8266/422 4157/8265/422 4167/8251/422
f 4161/8267/422 4159/8266/422 4167/8251/422
f 4163/8268/422 4161/8267/422 4167/8251/422
f 4165/8269/422 4163/8268/422 4167/8251/422
f 4127/8250/422 4165/8269/422 4167/8251/422
f 4168/8270/423 4169/8271/423 4170/8272/423
f 4169/8271/423 4171/8273/423 4170/8272/423
f 4171/8273/423 4172/8274/423 4170/8272/423
f 4172/8274/423 4173/8275/423 4170/8272/423
f 4173/8275/423 4174/8276/423 4170/8272/423
f 4174/8276/423 4175/8277/423 4170/8272/423
f 4175/8277/423 4176/8278/423 4170/8272/423
f 4176/8278/423 4177/8279/423 4170/8272/423
f 4177/8279/423 4178/8280/423 4170/8272/423
f 4178/8280/423 4179/8281/423 4170/8272/423
f 4179/8281/423 4180/8282/423 4170/8272/423
f 4180/8282/423 4181/8283/423 4170/8272/423
f 4181/8283/423 4182/8284/423 4170/8272/423
f 4182/8284/423 4183/8285/423 4170/8272/423
f 4183/8285/423 4184/8286/423 4170/8272/423
f 4184/8286/423 4185/8287/423 4170/8272/423
f 4185/8287/423 4186/8288/423 4170/8272/423
f 4186/8288/423 4187/8289/423 4170/8272/423
f 4187/8289/423 4188/8290/423 4170/8272/423
f 4188/8290/423 4168/8270/423 4170/8272/423
f 4190/8291/303 4189/8292/416 4191/8293/416 4192/8294/303
f 4193/8295/415 4190/8291/303 4192/8294/303 4194/8296/415
f 4195/8297/414 4193/8295/415 4194/8296/415 4196/8298/414
f 4197/8299/413 4195/8300/414 4196/8301/414 4198/8302/413
f 4199/8303/412 4197/8299/413 4198/8302/413 4200/8304/412
f 4201/8305/411 4199/8303/412 4200/8304/412 4202/8306/411
f 4203/8307/410 4201/8305/411 4202/8306/411 4204/8308/410
f 4205/8309/409 4203/8307/410 4204/8308/410 4206/8310/409
f 4207/8311/408 4205/8309/409 4206/8310/409 4208/8312/408
f 4209/8313/407 4207/8314/408 4208/8315/408 4210/8316/407
f 4211/8317/293 4209/8313/407 4210/8316/407 4212/8318/293
f 4213/8319/406 4211/8317/293 4212/8318/293 4214/8320/406
f 4215/8321/424 4213/8319/406 4214/8320/406 4216/8322/424
f 4217/8323/425 4215/8324/424 4216/8325/424 4218/8326/425
f 4219/8327/403 4217/8323/425 4218/8326/425 4220/8328/403
f 4221/8329/421 4219/8327/403 4220/8328/403 4222/8330/421
f 4223/8331/420 4221/8329/421 4222/8330/421 4224/8332/420
f 4225/8333/419 4223/8331/420 4224/8332/420 4226/8334/419
f 4227/8335/417 4225/8333/419 4226/8334/419 4228/8336/417
f 4189/8292/416 4227/8337/417 4228/8338/417 4191/8293/416
f 4156/8339/422 4158/8340/422 4189/8341/422 4190/8342/422
f 4230/8343/423 4229/8344/423 4192/8345/423 4191/8346/423
f 4154/8347/422 4156/8339/422 4190/8342/422 4193/8348/422
f 4229/8344/423 4231/8349/423 4194/8350/423 4192/8345/423
f 4152/8351/422 4154/8347/422 4193/8348/422 4195/8352/422
f 4231/8349/423 4232/8353/423 4196/8354/423 4194/8350/423
f 4150/8355/422 4152/8351/422 4195/8352/422 4197/8356/422
f 4232/8353/423 4233/8357/423 4198/8358/423 4196/8354/423
f 4148/8359/422 4150/8355/422 4197/8356/422 4199/8360/422
f 4233/8357/423 4234/8361/423 4200/8362/423 4198/8358/423
f 4146/8363/422 4148/8359/422 4199/8360/422 4201/8364/422
f 4234/8361/423 4235/8365/423 4202/8366/423 4200/8362/423
f 4144/8367/422 4146/8363/422 4201/8364/422 4203/8368/422
f 4235/8365/423 4236/8369/423 4204/8370/423 4202/8366/423
f 4142/8371/422 4144/8367/422 4203/8368/422 4205/8372/422
f 4236/8369/423 4237/8373/423 4206/8374/423 4204/8370/423
f 4140/8375/422 4142/8371/422 4205/8372/422 4207/8376/422
f 4237/8373/423 4238/8377/423 4208/8378/423 4206/8374/423
f 4138/8379/422 4140/8375/422 4207/8376/422 4209/8380/422
f 4238/8377/423 4239/8381/423 4210/8382/423 4208/8378/423
f 4136/8383/422 4138/8379/422 4209/8380/422 4211/8384/422
f 4239/8381/423 4240/8385/423 4212/8386/423 4210/8382/423
f 4134/8387/422 4136/8383/422 4211/8384/422 4213/8388/422
f 4240/8385/423 4241/8389/423 4214/8390/423 4212/8386/423
f 4132/8391/422 4134/8387/422 4213/8388/422 4215/8392/422
f 4241/8389/423 4242/8393/423 4216/8394/423 4214/8390/423
f 4129/8395/422 4132/8391/422 4215/8392/422 4217/8396/422
f 4242/8393/423 4243/8397/423 4218/8398/423 4216/8394/423
f 4130/8399/422 4129/8395/422 4217/8396/422 4219/8400/422
f 4243/8397/423 4244/8401/423 4220/8402/423 4218/8398/423
f 4166/8403/422 4130/8399/422 4219/8400/422 4221/8404/422
f 4244/8401/423 4245/8405/423 4222/8406/423 4220/8402/423
f 4164/8407/422 4166/8403/422 4221/8404/422 4223/8408/422
f 4245/8405/423 4246/8409/423 4224/8410/423 4222/8406/423
f 4162/8411/422 4164/8407/422 4223/8408/422 4225/8412/422
f 4246/8409/423 4247/8413/423 4226/8414/423 4224/8410/423
f 4160/8415/422 4162/8411/422 4225/8412/422 4227/8416/422
f 4247/8413/423 4248/8417/423 4228/8418/423 4226/8414/423
f 4158/8340/422 4160/8415/422 4227/8416/422 4189/8341/422
f 4248/8417/423 4230/8343/423 4191/8346/423 4228/8418/423
f 4244/8419/412 4243/8420/413 4169/8421/413 4168/8422/412
f 4243/8420/413 4242/8423/414 4171/8424/414 4169/8421/413
f 4242/8425/414 4241/8426/415 4172/8427/415 4171/8428/414
f 4241/8426/415 4240/8429/303 4173/8430/303 4172/8427/415
f 4240/8429/303 4239/8431/416 4174/8432/416 4173/8430/303
f 4239/8431/416 4238/8433/417 4175/8434/417 4174/8432/416
f 4238/8435/417 4237/8436/418 4176/8437/418 4175/8438/417
f 4237/8436/418 4236/8439/420 4177/8440/420 4176/8437/418
f 4236/8439/420 4235/8441/421 4178/8442/421 4177/8440/420
f 4235/8441/421 4234/8443/403 4179/8444/403 4178/8442/421
f 4234/8443/403 4233/8445/404 4180/8446/404 4179/8444/403
f 4233/8445/404 4232/8447/405 4181/8448/405 4180/8446/404
f 4232/8449/405 4231/8450/406 4182/8451/406 4181/8452/405
f 4231/8450/406 4229/8453/293 4183/8454/293 4182/8451/406
f 4229/8453/293 4230/8455/407 4184/8456/407 4183/8454/293
f 4230/8455/407 4248/8457/408 4185/8458/408 4184/8456/407
f 4248/8459/408 4247/8460/409 4186/8461/409 4185/8462/408
f 4247/8460/409 4246/8463/410 4187/8464/410 4186/8461/409
f 4246/8463/410 4245/8465/411 4188/8466/411 4187/8464/410
f 4245/8465/411 4244/8419/412 4168/8422/412 4188/8466/411
f 4005/8467/412 4061/8468/412 4060/8469/426 4006/8470/426
f 4006/8470/426 4060/8469/426 4059/8471/427 4007/8472/427
f 4007/8473/427 4059/8474/427 4058/8475/415 4008/8476/415
f 4008/8476/415 4058/8475/415 4057/8477/303 4009/8478/303
f 4009/8478/303 4057/8477/303 4056/8479/416 4010/8480/416
f 4010/8480/416 4056/8479/416 4055/8481/417 4011/8482/417
f 4011/8483/417 4055/8484/417 4054/8485/419 4012/8486/419
f 4012/8486/419 4054/8485/419 4053/8487/420 4013/8488/420
f 4013/8488/420 4053/8487/420 4052/8489/421 4014/8490/421
f 4014/8490/421 4052/8489/421 4051/8491/403 4015/8492/403
f 4015/8492/403 4051/8491/403 4050/8493/425 4016/8494/425
f 4016/8494/425 4050/8493/425 4049/8495/424 4017/8496/424
f 4017/8497/424 4049/8498/424 4048/8499/406 4018/8500/406
f 4018/8500/406 4048/8499/406 4047/8501/293 4019/8502/293
f 4019/8502/293 4047/8501/293 4046/8503/407 4020/8504/407
f 4020/8504/407 4046/8503/407 4065/8505/408 4021/8506/408
f 4021/8507/408 4065/8508/408 4064/8509/409 4022/8510/428
f 4022/8510/428 4064/8509/409 4063/8511/410 4023/8512/410
f 4023/8512/410 4063/8511/410 4062/8513/411 4024/8514/411
f 4024/8514/411 4062/8513/411 4061/8468/412 4005/8467/412
f 4006/8515/423 4045/8516/423 4005/8517/423
f 4007/8518/423 4045/8516/423 4006/8515/423
f 4008/8519/423 4045/8516/423 4007/8518/423
f 4009/8520/423 4045/8516/423 4008/8519/423
f 4010/8521/423 4045/8516/423 4009/8520/423
f 4011/8522/423 4045/8516/423 4010/8521/423
f 4012/8523/423 4045/8516/423 4011/8522/423
f 4013/8524/423 4045/8516/423 4012/8523/423
f 4014/8525/423 4045/8516/423 4013/8524/423
f 4015/8526/423 4045/8516/423 4014/8525/423
f 4016/8527/423 4045/8516/423 4015/8526/423
f 4017/8528/423 4045/8516/423 4016/8527/423
f 4018/8529/423 4045/8516/423 4017/8528/423
f 4019/8530/423 4045/8516/423 4018/8529/423
f 4020/8531/423 4045/8516/423 4019/8530/423
f 4021/8532/423 4045/8516/423 4020/8531/423
f 4022/8533/423 4045/8516/423 4021/8532/423
f 4023/8534/423 4045/8516/423 4022/8533/423
f 4024/8535/423 4045/8516/423 4023/8534/423
f 4005/8517/423 4045/8516/423 4024/8535/423
f 4106/8536/422 4108/8537/422 4107/8538/422
f 4107/8538/422 4108/8537/422 4109/8539/422
f 4109/8539/422 4108/8537/422 4110/8540/422
f 4110/8540/422 4108/8537/422 4111/8541/422
f 4111/8541/422 4108/8537/422 4112/8542/422
f 4112/8542/422 4108/8537/422 4113/8543/422
f 4113/8543/422 4108/8537/422 4114/8544/422
f 4114/8544/422 4108/8537/422 4115/8545/422
f 4115/8545/422 4108/8537/422 4116/8546/422
f 4116/8546/422 4108/8537/422 4117/8547/422
f 4117/8547/422 4108/8537/422 4118/8548/422
f 4118/8548/422 4108/8537/422 4119/8549/422
f 4119/8549/422 4108/8537/422 4120/8550/422
f 4120/8550/422 4108/8537/422 4121/8551/422
f 4121/8551/422 4108/8537/422 4122/8552/422
f 4122/8552/422 4108/8537/422 4123/8553/422
f 4123/8553/422 4108/8537/422 4124/8554/422
f 4124/8554/422 4108/8537/422 4125/8555/422
f 4125/8555/422 4108/8537/422 4126/8556/422
f 4126/8556/422 4108/8537/422 4106/8536/422
f 4067/8557/293 4069/8558/293 4068/8559/407 4066/8560/407
f 4070/8561/406 4071/8562/406 4069/8558/293 4067/8557/293
f 4072/8563/424 4073/8564/424 4071/8562/406 4070/8561/406
f 4074/8565/425 4075/8566/425 4073/8567/424 4072/8568/424
f 4076/8569/403 4077/8570/403 4075/8566/425 4074/8565/425
f 4078/8571/421 4079/8572/421 4077/8570/403 4076/8569/403
f 4080/8573/420 4081/8574/420 4079/8572/421 4078/8571/421
f 4082/8575/419 4083/8576/419 4081/8574/420 4080/8573/420
f 4084/8577/417 4085/8578/417 4083/8576/419 4082/8575/419
f 4086/8579/416 4087/8580/416 4085/8581/417 4084/8582/417
f 4088/8583/303 4089/8584/303 4087/8580/416 4086/8579/416
f 4090/8585/415 4091/8586/415 4089/8584/303 4088/8583/303
f 4092/8587/414 4093/8588/414 4091/8586/415 4090/8585/415
f 4094/8589/413 4095/8590/413 4093/8591/414 4092/8592/414
f 4096/8593/412 4097/8594/412 4095/8590/413 4094/8589/413
f 4098/8595/411 4099/8596/411 4097/8594/412 4096/8593/412
f 4100/8597/410 4101/8598/410 4099/8596/411 4098/8595/411
f 4102/8599/409 4103/8600/409 4101/8598/410 4100/8597/410
f 4104/8601/408 4105/8602/408 4103/8600/409 4102/8599/409
f 4066/8560/407 4068/8559/407 4105/8603/408 4104/8604/408
f 4047/8605/423 4067/8606/423 4066/8607/423 4046/8608/423
f 4040/8609/422 4068/8610/422 4069/8611/422 4039/8612/422
f 4048/8613/423 4070/8614/423 4067/8606/423 4047/8605/423
f 4039/8612/422 4069/8611/422 4071/8615/422 4038/8616/422
f 4049/8617/423 4072/8618/423 4070/8614/423 4048/8613/423
f 4038/8616/422 4071/8615/422 4073/8619/422 4037/8620/422
f 4050/8621/423 4074/8622/423 4072/8618/423 4049/8617/423
f 4037/8620/422 4073/8619/422 4075/8623/422 4036/8624/422
f 4051/8625/423 4076/8626/423 4074/8622/423 4050/8621/423
f 4036/8624/422 4075/8623/422 4077/8627/422 4035/8628/422
f 4052/8629/423 4078/8630/423 4076/8626/423 4051/8625/423
f 4035/8628/422 4077/8627/422 4079/8631/422 4034/8632/422
f 4053/8633/423 4080/8634/423 4078/8630/423 4052/8629/423
f 4034/8632/422 4079/8631/422 4081/8635/422 4033/8636/422
f 4054/8637/423 4082/8638/423 4080/8634/423 4053/8633/423
f 4033/8636/422 4081/8635/422 4083/8639/422 4032/8640/422
f 4055/8641/423 4084/8642/423 4082/8638/423 4054/8637/423
f 4032/8640/422 4083/8639/422 4085/8643/422 4031/8644/422
f 4056/8645/423 4086/8646/423 4084/8642/423 4055/8641/423
f 4031/8644/422 4085/8643/422 4087/8647/422 4030/8648/422
f 4057/8649/423 4088/8650/423 4086/8646/423 4056/8645/423
f 4030/8648/422 4087/8647/422 4089/8651/422 4029/8652/422
f 4058/8653/423 4090/8654/423 4088/8650/423 4057/8649/423
f 4029/8652/422 4089/8651/422 4091/8655/422 4028/8656/422
f 4059/8657/423 4092/8658/423 4090/8654/423 4058/8653/423
f 4028/8656/422 4091/8655/422 4093/8659/422 4027/8660/422
f 4060/8661/423 4094/8662/423 4092/8658/423 4059/8657/423
f 4027/8660/422 4093/8659/422 4095/8663/422 4026/8664/422
f 4061/8665/423 4096/8666/423 4094/8662/423 4060/8661/423
f 4026/8664/422 4095/8663/422 4097/8667/422 4025/8668/422
f 4062/8669/423 4098/8670/423 4096/8666/423 4061/8665/423
f 4025/8668/422 4097/8667/422 4099/8671/422 4044/8672/422
f 4063/8673/423 4100/8674/423 4098/8670/423 4062/8669/423
f 4044/8672/422 4099/8671/422 4101/8675/422 4043/8676/422
f 4064/8677/423 4102/8678/423 4100/8674/423 4063/8673/423
f 4043/8676/422 4101/8675/422 4103/8679/422 4042/8680/422
f 4065/8681/423 4104/8682/423 4102/8678/423 4064/8677/423
f 4042/8680/422 4103/8679/422 4105/8683/422 4041/8684/422
f 4046/8608/423 4066/8607/423 4104/8682/423 4065/8681/423
f 4041/8684/422 4105/8683/422 4068/8610/422 4040/8609/422
f 4025/8685/403 4106/8686/403 4107/8687/404 4026/8688/425
f 4026/8688/425 4107/8687/404 4109/8689/424 4027/8690/424
f 4027/8691/424 4109/8692/424 4110/8693/406 4028/8694/406
f 4028/8694/406 4110/8693/406 4111/8695/293 4029/8696/293
f 4029/8696/293 4111/8695/293 4112/8697/407 4030/8698/407
f 4030/8698/407 4112/8697/407 4113/8699/408 4031/8700/408
f 4031/8701/408 4113/8702/408 4114/8703/428 4032/8704/428
f 4032/8704/428 4114/8703/428 4115/8705/410 4033/8706/410
f 4033/8706/410 4115/8705/410 4116/8707/411 4034/8708/411
f 4034/8708/411 4116/8707/411 4117/8709/412 4035/8710/412
f 4035/8710/412 4117/8709/412 4118/8711/413 4036/8712/413
f 4036/8712/413 4118/8711/413 4119/8713/427 4037/8714/427
f 4037/8715/427 4119/8716/427 4120/8717/415 4038/8718/415
f 4038/8718/415 4120/8717/415 4121/8719/303 4039/8720/303
f 4039/8720/303 4121/8719/303 4122/8721/416 4040/8722/416
f 4040/8722/416 4122/8721/416 4123/8723/417 4041/8724/417
f 4041/8725/417 4123/8726/417 4124/8727/418 4042/8728/419
f 4042/8728/419 4124/8727/418 4125/8729/420 4043/8730/420
f 4043/8730/420 4125/8729/420 4126/8731/421 4044/8732/421
f 4044/8732/421 4126/8731/421 4106/8686/403 4025/8685/403
f 4491/8733/383 4492/8734/384 4493/8735/384 4494/8736/383
f 4492/8734/384 4495/8737/385 4496/8738/385 4493/8735/384
f 4495/8739/385 4497/8740/386 4498/8741/386 4496/8742/385
f 4497/8740/386 4499/8743/293 4500/8744/293 4498/8741/386
f 4499/8743/293 4501/8745/387 4502/8746/387 4500/8744/293
f 4501/8745/387 4503/8747/388 4504/8748/388 4502/8746/387
f 4503/8749/388 4505/8750/389 4506/8751/389 4504/8752/388
f 4505/8750/389 4507/8753/390 4508/8754/390 4506/8751/389
f 4507/8753/390 4509/8755/391 4510/8756/391 4508/8754/390
f 4509/8755/391 4511/8757/392 4512/8758/392 4510/8756/391
f 4511/8757/392 4513/8759/393 4514/8760/393 4512/8758/392
f 4513/8759/393 4515/8761/394 4516/8762/394 4514/8760/393
f 4515/8763/394 4517/8764/395 4518/8765/395 4516/8766/394
f 4517/8764/395 4519/8767/303 4520/8768/303 4518/8765/395
f 4519/8767/303 4521/8769/396 4522/8770/396 4520/8768/303
f 4521/8769/396 4523/8771/397 4524/8772/397 4522/8770/396
f 4523/8773/397 4525/8774/398 4526/8775/398 4524/8776/397
f 4525/8774/398 4527/8777/399 4528/8778/399 4526/8775/398
f 4527/8777/399 4529/8779/400 4530/8780/400 4528/8778/399
f 4529/8779/400 4491/8733/383 4494/8736/383 4530/8780/400
f 4532/8781/401 4531/8782/401 4533/8783/401
f 4534/8784/401 4532/8781/401 4533/8783/401
f 4535/8785/401 4534/8784/401 4533/8783/401
f 4536/8786/401 4535/8785/401 4533/8783/401
f 4537/8787/401 4536/8786/401 4533/8783/401
f 4538/8788/401 4537/8787/401 4533/8783/401
f 4539/8789/401 4538/8788/401 4533/8783/401
f 4540/8790/401 4539/8789/401 4533/8783/401
f 4541/8791/401 4540/8790/401 4533/8783/401
f 4542/8792/401 4541/8791/401 4533/8783/401
f 4543/8793/401 4542/8792/401 4533/8783/401
f 4544/8794/401 4543/8793/401 4533/8783/401
f 4545/8795/401 4544/8794/401 4533/8783/401
f 4546/8796/401 4545/8795/401 4533/8783/401
f 4547/8797/401 4546/8796/401 4533/8783/401
f 4548/8798/401 4547/8797/401 4533/8783/401
f 4549/8799/401 4548/8798/401 4533/8783/401
f 4550/8800/401 4549/8799/401 4533/8783/401
f 4551/8801/401 4550/8800/401 4533/8783/401
f 4531/8782/401 4551/8801/401 4533/8783/401
f 4552/8802/402 4553/8803/402 4554/8804/402
f 4553/8803/402 4555/8805/402 4554/8804/402
f 4555/8805/402 4556/8806/402 4554/8804/402
f 4556/8806/402 4557/8807/402 4554/8804/402
f 4557/8807/402 4558/8808/402 4554/8804/402
f 4558/8808/402 4559/8809/402 4554/8804/402
f 4559/8809/402 4560/8810/402 4554/8804/402
f 4560/8810/402 4561/8811/402 4554/8804/402
f 4561/8811/402 4562/8812/402 4554/8804/402
f 4562/8812/402 4563/8813/402 4554/8804/402
f 4563/8813/402 4564/8814/402 4554/8804/402
f 4564/8814/402 4565/8815/402 4554/8804/402
f 4565/8815/402 4566/8816/402 4554/8804/402
f 4566/8816/402 4567/8817/402 4554/8804/402
f 4567/8817/402 4568/8818/402 4554/8804/402
f 4568/8818/402 4569/8819/402 4554/8804/402
f 4569/8819/402 4570/8820/402 4554/8804/402
f 4570/8820/402 4571/8821/402 4554/8804/402
f 4571/8821/402 4572/8822/402 4554/8804/402
f 4572/8822/402 4552/8802/402 4554/8804/402
f 4574/8823/395 4573/8824/303 4575/8825/303 4576/8826/395
f 4577/8827/394 4574/8823/395 4576/8826/395 4578/8828/394
f 4579/8829/393 4577/8830/394 4578/8831/394 4580/8832/393
f 4581/8833/392 4579/8829/393 4580/8832/393 4582/8834/392
f 4583/8835/391 4581/8833/392 4582/8834/392 4584/8836/391
f 4585/8837/390 4583/8835/391 4584/8836/391 4586/8838/390
f 4587/8839/389 4585/8837/390 4586/8838/390 4588/8840/389
f 4589/8841/388 4587/8839/389 4588/8840/389 4590/8842/388
f 4591/8843/387 4589/8844/388 4590/8845/388 4592/8846/387
f 4593/8847/293 4591/8843/387 4592/8846/387 4594/8848/293
f 4595/8849/386 4593/8847/293 4594/8848/293 4596/8850/386
f 4597/8851/385 4595/8849/386 4596/8850/386 4598/8852/385
f 4599/8853/384 4597/8854/385 4598/8855/385 4600/8856/384
f 4601/8857/383 4599/8853/384 4600/8856/384 4602/8858/383
f 4603/8859/400 4601/8857/383 4602/8858/383 4604/8860/400
f 4605/8861/399 4603/8859/400 4604/8860/400 4606/8862/399
f 4607/8863/398 4605/8861/399 4606/8862/399 4608/8864/398
f 4609/8865/397 4607/8863/398 4608/8864/398 4610/8866/397
f 4611/8867/396 4609/8868/397 4610/8869/397 4612/8870/396
f 4573/8824/303 4611/8867/396 4612/8870/396 4575/8825/303
f 4614/8871/303 4613/8872/396 4615/8873/396 4616/8874/303
f 4617/8875/395 4614/8871/303 4616/8874/303 4618/8876/395
f 4619/8877/394 4617/8875/395 4618/8876/395 4620/8878/394
f 4621/8879/393 4619/8880/394 4620/8881/394 4622/8882/393
f 4623/8883/392 4621/8879/393 4622/8882/393 4624/8884/392
f 4625/8885/391 4623/8883/392 4624/8884/392 4626/8886/391
f 4627/8887/390 4625/8885/391 4626/8886/391 4628/8888/390
f 4629/8889/389 4627/8887/390 4628/8888/390 4630/8890/389
f 4631/8891/388 4629/8889/389 4630/8890/389 4632/8892/388
f 4633/8893/387 4631/8894/388 4632/8895/388 4634/8896/387
f 4635/8897/293 4633/8893/387 4634/8896/387 4636/8898/293
f 4637/8899/386 4635/8897/293 4636/8898/293 4638/8900/386
f 4639/8901/385 4637/8899/386 4638/8900/386 4640/8902/385
f 4641/8903/384 4639/8904/385 4640/8905/385 4642/8906/384
f 4643/8907/383 4641/8903/384 4642/8906/384 4644/8908/383
f 4645/8909/400 4643/8907/383 4644/8908/383 4646/8910/400
f 4647/8911/399 4645/8909/400 4646/8910/400 4648/8912/399
f 4649/8913/398 4647/8911/399 4648/8912/399 4650/8914/398
f 4651/8915/397 4649/8913/398 4650/8914/398 4652/8916/397
f 4613/8872/396 4651/8917/397 4652/8918/397 4615/8873/396
f 4654/8919/303 4653/8920/396 4655/8921/396 4656/8922/303
f 4657/8923/395 4654/8919/303 4656/8922/303 4658/8924/395
f 4659/8925/394 4657/8923/395 4658/8924/395 4660/8926/394
f 4661/8927/393 4659/8928/394 4660/8929/394 4662/8930/393
f 4663/8931/392 4661/8927/393 4662/8930/393 4664/8932/392
f 4665/8933/391 4663/8931/392 4664/8932/392 4666/8934/391
f 4667/8935/390 4665/8933/391 4666/8934/391 4668/8936/390
f 4669/8937/389 4667/8935/390 4668/8936/390 4670/8938/389
f 4671/8939/388 4669/8937/389 4670/8938/389 4672/8940/388
f 4673/8941/387 4671/8942/388 4672/8943/388 4674/8944/387
f 4675/8945/293 4673/8941/387 4674/8944/387 4676/8946/293
f 4677/8947/386 4675/8945/293 4676/8946/293 4678/8948/386
f 4679/8949/385 4677/8947/386 4678/8948/386 4680/8950/385
f 4681/8951/384 4679/8952/385 4680/8953/385 4682/8954/384
f 4683/8955/383 4681/8951/384 4682/8954/384 4684/8956/383
f 4685/8957/400 4683/8955/383 4684/8956/383 4686/8958/400
f 4687/8959/399 4685/8957/400 4686/8958/400 4688/8960/399
f 4689/8961/398 4687/8959/399 4688/8960/399 4690/8962/398
f 4691/8963/397 4689/8961/398 4690/8962/398 4692/8964/397
f 4653/8920/396 4691/8965/397 4692/8966/397 4655/8921/396
f 4694/8967/395 4693/8968/303 4695/8969/303 4696/8970/395
f 4697/8971/394 4694/8967/395 4696/8970/395 4698/8972/394
f 4699/8973/393 4697/8974/394 4698/8975/394 4700/8976/393
f 4701/8977/392 4699/8973/393 4700/8976/393 4702/8978/392
f 4703/8979/391 4701/8977/392 4702/8978/392 4704/8980/391
f 4705/8981/390 4703/8979/391 4704/8980/391 4706/8982/390
f 4707/8983/389 4705/8981/390 4706/8982/390 4708/8984/389
f 4709/8985/388 4707/8983/389 4708/8984/389 4710/8986/388
f 4711/8987/387 4709/8988/388 4710/8989/388 4712/8990/387
f 4713/8991/293 4711/8987/387 4712/8990/387 4714/8992/293
f 4715/8993/386 4713/8991/293 4714/8992/293 4716/8994/386
f 4717/8995/385 4715/8993/386 4716/8994/386 4718/8996/385
f 4719/8997/384 4717/8998/385 4718/8999/385 4720/9000/384
f 4721/9001/383 4719/8997/384 4720/9000/384 4722/9002/383
f 4723/9003/400 4721/9001/383 4722/9002/383 4724/9004/400
f 4725/9005/399 4723/9003/400 4724/9004/400 4726/9006/399
f 4727/9007/398 4725/9005/399 4726/9006/399 4728/9008/398
f 4729/9009/397 4727/9007/398 4728/9008/398 4730/9010/397
f 4731/9011/396 4729/9012/397 4730/9013/397 4732/9014/396
f 4693/8968/303 4731/9011/396 4732/9014/396 4695/8969/303
f 4531/8782/401 4532/8781/401 4492/9015/401 4491/9016/401
f 4641/9017/402 4643/9018/402 4494/9019/402 4493/9020/402
f 4532/8781/401 4534/8784/401 4495/9021/401 4492/9015/401
f 4639/9022/402 4641/9017/402 4493/9020/402 4496/9023/402
f 4534/8784/401 4535/8785/401 4497/9024/401 4495/9021/401
f 4637/9025/402 4639/9022/402 4496/9023/402 4498/9026/402
f 4535/8785/401 4536/8786/401 4499/9027/401 4497/9024/401
f 4635/9028/402 4637/9025/402 4498/9026/402 4500/9029/402
f 4536/8786/401 4537/8787/401 4501/9030/401 4499/9027/401
f 4633/9031/402 4635/9028/402 4500/9029/402 4502/9032/402
f 4537/8787/401 4538/8788/401 4503/9033/401 4501/9030/401
f 4631/9034/402 4633/9031/402 4502/9032/402 4504/9035/402
f 4538/8788/401 4539/8789/401 4505/9036/401 4503/9033/401
f 4629/9037/402 4631/9034/402 4504/9035/402 4506/9038/402
f 4539/8789/401 4540/8790/401 4507/9039/401 4505/9036/401
f 4627/9040/402 4629/9037/402 4506/9038/402 4508/9041/402
f 4540/8790/401 4541/8791/401 4509/9042/401 4507/9039/401
f 4625/9043/402 4627/9040/402 4508/9041/402 4510/9044/402
f 4541/8791/401 4542/8792/401 4511/9045/401 4509/9042/401
f 4623/9046/402 4625/9043/402 4510/9044/402 4512/9047/402
f 4542/8792/401 4543/8793/401 4513/9048/401 4511/9045/401
f 4621/9049/402 4623/9046/402 4512/9047/402 4514/9050/402
f 4543/8793/401 4544/8794/401 4515/9051/401 4513/9048/401
f 4619/9052/402 4621/9049/402 4514/9050/402 4516/9053/402
f 4544/8794/401 4545/8795/401 4517/9054/401 4515/9051/401
f 4617/9055/402 4619/9052/402 4516/9053/402 4518/9056/402
f 4545/8795/401 4546/8796/401 4519/9057/401 4517/9054/401
f 4614/9058/402 4617/9055/402 4518/9056/402 4520/9059/402
f 4546/8796/401 4547/8797/401 4521/9060/401 4519/9057/401
f 4613/9061/402 4614/9058/402 4520/9059/402 4522/9062/402
f 4547/8797/401 4548/8798/401 4523/9063/401 4521/9060/401
f 4651/9064/402 4613/9061/402 4522/9062/402 4524/9065/402
f 4548/8798/401 4549/8799/401 4525/9066/401 4523/9063/401
f 4649/9067/402 4651/9064/402 4524/9065/402 4526/9068/402
f 4549/8799/401 4550/8800/401 4527/9069/401 4525/9066/401
f 4647/9070/402 4649/9067/402 4526/9068/402 4528/9071/402
f 4550/8800/401 4551/8801/401 4529/9072/401 4527/9069/401
f 4645/9073/402 4647/9070/402 4528/9071/402 4530/9074/402
f 4551/8801/401 4531/8782/401 4491/9016/401 4529/9072/401
f 4643/9018/402 4645/9073/402 4530/9074/402 4494/9019/402
f 4696/9075/401 4695/9076/401 4573/9077/401 4574/9078/401
f 4567/8817/402 4566/8816/402 4576/9079/402 4575/9080/402
f 4698/9081/401 4696/9075/401 4574/9078/401 4577/9082/401
f 4566/8816/402 4565/8815/402 4578/9083/402 4576/9079/402
f 4700/9084/401 4698/9081/401 4577/9082/401 4579/9085/401
f 4565/8815/402 4564/8814/402 4580/9086/402 4578/9083/402
f 4702/9087/401 4700/9084/401 4579/9085/401 4581/9088/401
f 4564/8814/402 4563/8813/402 4582/9089/402 4580/9086/402
f 4704/9090/401 4702/9087/401 4581/9088/401 4583/9091/401
f 4563/8813/402 4562/8812/402 4584/9092/402 4582/9089/402
f 4706/9093/401 4704/9090/401 4583/9091/401 4585/9094/401
f 4562/8812/402 4561/8811/402 4586/9095/402 4584/9092/402
f 4708/9096/401 4706/9093/401 4585/9094/401 4587/9097/401
f 4561/8811/402 4560/8810/402 4588/9098/402 4586/9095/402
f 4710/9099/401 4708/9096/401 4587/9097/401 4589/9100/401
f 4560/8810/402 4559/8809/402 4590/9101/402 4588/9098/402
f 4712/9102/401 4710/9099/401 4589/9100/401 4591/9103/401
f 4559/8809/402 4558/8808/402 4592/9104/402 4590/9101/402
f 4714/9105/401 4712/9102/401 4591/9103/401 4593/9106/401
f 4558/8808/402 4557/8807/402 4594/9107/402 4592/9104/402
f 4716/9108/401 4714/9105/401 4593/9106/401 4595/9109/401
f 4557/8807/402 4556/8806/402 4596/9110/402 4594/9107/402
f 4718/9111/401 4716/9108/401 4595/9109/401 4597/9112/401
f 4556/8806/402 4555/8805/402 4598/9113/402 4596/9110/402
f 4720/9114/401 4718/9111/401 4597/9112/401 4599/9115/401
f 4555/8805/402 4553/8803/402 4600/9116/402 4598/9113/402
f 4722/9117/401 4720/9114/401 4599/9115/401 4601/9118/401
f 4553/8803/402 4552/8802/402 4602/9119/402 4600/9116/402
f 4724/9120/401 4722/9117/401 4601/9118/401 4603/9121/401
f 4552/8802/402 4572/8822/402 4604/9122/402 4602/9119/402
f 4726/9123/401 4724/9120/401 4603/9121/401 4605/9124/401
f 4572/8822/402 4571/8821/402 4606/9125/402 4604/9122/402
f 4728/9126/401 4726/9123/401 4605/9124/401 4607/9127/401
f 4571/8821/402 4570/8820/402 4608/9128/402 4606/9125/402
f 4730/9129/401 4728/9126/401 4607/9127/401 4609/9130/401
f 4570/8820/402 4569/8819/402 4610/9131/402 4608/9128/402
f 4732/9132/401 4730/9129/401 4609/9130/401 4611/9133/401
f 4569/8819/402 4568/8818/402 4612/9134/402 4610/9131/402
f 4695/9076/401 4732/9132/401 4611/9133/401 4573/9077/401
f 4568/8818/402 4567/8817/402 4575/9080/402 4612/9134/402
f 4616/9135/401 4615/9136/401 4653/9137/401 4654/9138/401
f 4731/9139/402 4693/9140/402 4656/9141/402 4655/9142/402
f 4618/9143/401 4616/9135/401 4654/9138/401 4657/9144/401
f 4693/9140/402 4694/9145/402 4658/9146/402 4656/9141/402
f 4620/9147/401 4618/9143/401 4657/9144/401 4659/9148/401
f 4694/9145/402 4697/9149/402 4660/9150/402 4658/9146/402
f 4622/9151/401 4620/9147/401 4659/9148/401 4661/9152/401
f 4697/9149/402 4699/9153/402 4662/9154/402 4660/9150/402
f 4624/9155/401 4622/9151/401 4661/9152/401 4663/9156/401
f 4699/9153/402 4701/9157/402 4664/9158/402 4662/9154/402
f 4626/9159/401 4624/9155/401 4663/9156/401 4665/9160/401
f 4701/9157/402 4703/9161/402 4666/9162/402 4664/9158/402
f 4628/9163/401 4626/9159/401 4665/9160/401 4667/9164/401
f 4703/9161/402 4705/9165/402 4668/9166/402 4666/9162/402
f 4630/9167/401 4628/9163/401 4667/9164/401 4669/9168/401
f 4705/9165/402 4707/9169/402 4670/9170/402 4668/9166/402
f 4632/9171/401 4630/9167/401 4669/9168/401 4671/9172/401
f 4707/9169/402 4709/9173/402 4672/9174/402 4670/9170/402
f 4634/9175/401 4632/9171/401 4671/9172/401 4673/9176/401
f 4709/9173/402 4711/9177/402 4674/9178/402 4672/9174/402
f 4636/9179/401 4634/9175/401 4673/9176/401 4675/9180/401
f 4711/9177/402 4713/9181/402 4676/9182/402 4674/9178/402
f 4638/9183/401 4636/9179/401 4675/9180/401 4677/9184/401
f 4713/9181/402 4715/9185/402 4678/9186/402 4676/9182/402
f 4640/9187/401 4638/9183/401 4677/9184/401 4679/9188/401
f 4715/9185/402 4717/9189/402 4680/9190/402 4678/9186/402
f 4642/9191/401 4640/9187/401 4679/9188/401 4681/9192/401
f 4717/9189/402 4719/9193/402 4682/9194/402 4680/9190/402
f 4644/9195/401 4642/9191/401 4681/9192/401 4683/9196/401
f 4719/9193/402 4721/9197/402 4684/9198/402 4682/9194/402
f 4646/9199/401 4644/9195/401 4683/9196/401 4685/9200/401
f 4721/9197/402 4723/9201/402 4686/9202/402 4684/9198/402
f 4648/9203/401 4646/9199/401 4685/9200/401 4687/9204/401
f 4723/9201/402 4725/9205/402 4688/9206/402 4686/9202/402
f 4650/9207/401 4648/9203/401 4687/9204/401 4689/9208/401
f 4725/9205/402 4727/9209/402 4690/9210/402 4688/9206/402
f 4652/9211/401 4650/9207/401 4689/9208/401 4691/9212/401
f 4727/9209/402 4729/9213/402 4692/9214/402 4690/9210/402
f 4615/9136/401 4652/9211/401 4691/9212/401 4653/9137/401
f 4729/9213/402 4731/9139/402 4655/9142/402 4692/9214/402
f 4371/9215/392 4374/9216/392 4373/9217/393 4372/9218/393
f 4372/9218/393 4373/9217/393 4376/9219/394 4375/9220/394
f 4375/9221/394 4376/9222/394 4378/9223/395 4377/9224/395
f 4377/9224/395 4378/9223/395 4380/9225/303 4379/9226/303
f 4379/9226/303 4380/9225/303 4382/9227/396 4381/9228/396
f 4381/9228/396 4382/9227/396 4384/9229/397 4383/9230/397
f 4383/9231/397 4384/9232/397 4386/9233/398 4385/9234/398
f 4385/9234/398 4386/9233/398 4388/9235/399 4387/9236/399
f 4387/9236/399 4388/9235/399 4390/9237/400 4389/9238/400
f 4389/9238/400 4390/9237/400 4392/9239/383 4391/9240/383
f 4391/9240/383 4392/9239/383 4394/9241/384 4393/9242/384
f 4393/9242/384 4394/9241/384 4396/9243/385 4395/9244/385
f 4395/9245/385 4396/9246/385 4398/9247/386 4397/9248/386
f 4397/9248/386 4398/9247/386 4400/9249/293 4399/9250/293
f 4399/9250/293 4400/9249/293 4402/9251/387 4401/9252/387
f 4401/9252/387 4402/9251/387 4404/9253/388 4403/9254/388
f 4403/9255/388 4404/9256/388 4406/9257/389 4405/9258/389
f 4405/9258/389 4406/9257/389 4408/9259/390 4407/9260/390
f 4407/9260/390 4408/9259/390 4410/9261/391 4409/9262/391
f 4409/9262/391 4410/9261/391 4374/9216/392 4371/9215/392
f 4250/9263/402 4289/9264/402 4249/9265/402
f 4251/9266/402 4289/9264/402 4250/9263/402
f 4252/9267/402 4289/9264/402 4251/9266/402
f 4253/9268/402 4289/9264/402 4252/9267/402
f 4254/9269/402 4289/9264/402 4253/9268/402
f 4255/9270/402 4289/9264/402 4254/9269/402
f 4256/9271/402 4289/9264/402 4255/9270/402
f 4257/9272/402 4289/9264/402 4256/9271/402
f 4258/9273/402 4289/9264/402 4257/9272/402
f 4259/9274/402 4289/9264/402 4258/9273/402
f 4260/9275/402 4289/9264/402 4259/9274/402
f 4261/9276/402 4289/9264/402 4260/9275/402
f 4262/9277/402 4289/9264/402 4261/9276/402
f 4263/9278/402 4289/9264/402 4262/9277/402
f 4264/9279/402 4289/9264/402 4263/9278/402
f 4265/9280/402 4289/9264/402 4264/9279/402
f 4266/9281/402 4289/9264/402 4265/9280/402
f 4267/9282/402 4289/9264/402 4266/9281/402
f 4268/9283/402 4289/9264/402 4267/9282/402
f 4249/9265/402 4289/9264/402 4268/9283/402
f 4269/9284/401 4290/9285/401 4270/9286/401
f 4270/9286/401 4290/9285/401 4271/9287/401
f 4271/9287/401 4290/9285/401 4272/9288/401
f 4272/9288/401 4290/9285/401 4273/9289/401
f 4273/9289/401 4290/9285/401 4274/9290/401
f 4274/9290/401 4290/9285/401 4275/9291/401
f 4275/9291/401 4290/9285/401 4276/9292/401
f 4276/9292/401 4290/9285/401 4277/9293/401
f 4277/9293/401 4290/9285/401 4278/9294/401
f 4278/9294/401 4290/9285/401 4279/9295/401
f 4279/9295/401 4290/9285/401 4280/9296/401
f 4280/9296/401 4290/9285/401 4281/9297/401
f 4281/9297/401 4290/9285/401 4282/9298/401
f 4282/9298/401 4290/9285/401 4283/9299/401
f 4283/9299/401 4290/9285/401 4284/9300/401
f 4284/9300/401 4290/9285/401 4285/9301/401
f 4285/9301/401 4290/9285/401 4286/9302/401
f 4286/9302/401 4290/9285/401 4287/9303/401
f 4287/9303/401 4290/9285/401 4288/9304/401
f 4288/9304/401 4290/9285/401 4269/9284/401
f 4412/9305/386 4414/9306/386 4413/9307/293 4411/9308/293
f 4415/9309/385 4416/9310/385 4414/9306/386 4412/9305/386
f 4417/9311/384 4418/9312/384 4416/9313/385 4415/9314/385
f 4419/9315/383 4420/9316/383 4418/9312/384 4417/9311/384
f 4421/9317/400 4422/9318/400 4420/9316/383 4419/9315/383
f 4423/9319/399 4424/9320/399 4422/9318/400 4421/9317/400
f 4425/9321/398 4426/9322/398 4424/9320/399 4423/9319/399
f 4427/9323/397 4428/9324/397 4426/9322/398 4425/9321/398
f 4429/9325/396 4430/9326/396 4428/9327/397 4427/9328/397
f 4431/9329/303 4432/9330/303 4430/9326/396 4429/9325/396
f 4433/9331/395 4434/9332/395 4432/9330/303 4431/9329/303
f 4435/9333/394 4436/9334/394 4434/9332/395 4433/9331/395
f 4437/9335/393 4438/9336/393 4436/9337/394 4435/9338/394
f 4439/9339/392 4440/9340/392 4438/9336/393 4437/9335/393
f 4441/9341/391 4442/9342/391 4440/9340/392 4439/9339/392
f 4443/9343/390 4444/9344/390 4442/9342/391 4441/9341/391
f 4445/9345/389 4446/9346/389 4444/9344/390 4443/9343/390
f 4447/9347/388 4448/9348/388 4446/9346/389 4445/9345/389
f 4449/9349/387 4450/9350/387 4448/9351/388 4447/9352/388
f 4411/9308/293 4413/9307/293 4450/9350/387 4449/9349/387
f 4312/9353/293 4332/9354/293 4331/9355/387 4311/9356/387
f 4313/9357/386 4333/9358/386 4332/9354/293 4312/9353/293
f 4314/9359/385 4334/9360/385 4333/9358/386 4313/9357/386
f 4315/9361/384 4335/9362/384 4334/9363/385 4314/9364/385
f 4316/9365/383 4336/9366/383 4335/9362/384 4315/9361/384
f 4317/9367/400 4337/9368/400 4336/9366/383 4316/9365/383
f 4318/9369/399 4338/9370/399 4337/9368/400 4317/9367/400
f 4319/9371/398 4339/9372/398 4338/9370/399 4318/9369/399
f 4320/9373/397 4340/9374/397 4339/9372/398 4319/9371/398
f 4321/9375/396 4341/9376/396 4340/9377/397 4320/9378/397
f 4322/9379/303 4342/9380/303 4341/9376/396 4321/9375/396
f 4323/9381/395 4343/9382/395 4342/9380/303 4322/9379/303
f 4324/9383/394 4344/9384/394 4343/9382/395 4323/9381/395
f 4325/9385/393 4345/9386/393 4344/9387/394 4324/9388/394
f 4326/9389/392 4346/9390/392 4345/9386/393 4325/9385/393
f 4327/9391/391 4347/9392/391 4346/9390/392 4326/9389/392
f 4328/9393/390 4348/9394/390 4347/9392/391 4327/9391/391
f 4329/9395/389 4349/9396/389 4348/9394/390 4328/9393/390
f 4330/9397/388 4350/9398/388 4349/9396/389 4329/9395/389
f 4311/9356/387 4331/9355/387 4350/9399/388 4330/9400/388
f 4452/9401/293 4454/9402/293 4453/9403/387 4451/9404/387
f 4455/9405/386 4456/9406/386 4454/9402/293 4452/9401/293
f 4457/9407/385 4458/9408/385 4456/9406/386 4455/9405/386
f 4459/9409/384 4460/9410/384 4458/9411/385 4457/9412/385
f 4461/9413/383 4462/9414/383 4460/9410/384 4459/9409/384
f 4463/9415/400 4464/9416/400 4462/9414/383 4461/9413/383
f 4465/9417/399 4466/9418/399 4464/9416/400 4463/9415/400
f 4467/9419/398 4468/9420/398 4466/9418/399 4465/9417/399
f 4469/9421/397 4470/9422/397 4468/9420/398 4467/9419/398
f 4471/9423/396 4472/9424/396 4470/9425/397 4469/9426/397
f 4473/9427/303 4474/9428/303 4472/9424/396 4471/9423/396
f 4475/9429/395 4476/9430/395 4474/9428/303 4473/9427/303
f 4477/9431/394 4478/9432/394 4476/9430/395 4475/9429/395
f 4479/9433/393 4480/9434/393 4478/9435/394 4477/9436/394
f 4481/9437/392 4482/9438/392 4480/9434/393 4479/9433/393
f 4483/9439/391 4484/9440/391 4482/9438/392 4481/9437/392
f 4485/9441/390 4486/9442/390 4484/9440/391 4483/9439/391
f 4487/9443/389 4488/9444/389 4486/9442/390 4485/9441/390
f 4489/9445/388 4490/9446/388 4488/9444/389 4487/9443/389
f 4451/9404/387 4453/9403/387 4490/9447/388 4489/9448/388
f 4352/9449/386 4292/9450/386 4291/9451/293 4351/9452/293
f 4353/9453/385 4293/9454/385 4292/9450/386 4352/9449/386
f 4354/9455/384 4294/9456/384 4293/9457/385 4353/9458/385
f 4355/9459/383 4295/9460/383 4294/9456/384 4354/9455/384
f 4356/9461/400 4296/9462/400 4295/9460/383 4355/9459/383
f 4357/9463/399 4297/9464/399 4296/9462/400 4356/9461/400
f 4358/9465/398 4298/9466/398 4297/9464/399 4357/9463/399
f 4359/9467/397 4299/9468/397 4298/9466/398 4358/9465/398
f 4360/9469/396 4300/9470/396 4299/9471/397 4359/9472/397
f 4361/9473/303 4301/9474/303 4300/9470/396 4360/9469/396
f 4362/9475/395 4302/9476/395 4301/9474/303 4361/9473/303
f 4363/9477/394 4303/9478/394 4302/9476/395 4362/9475/395
f 4364/9479/393 4304/9480/393 4303/9481/394 4363/9482/394
f 4365/9483/392 4305/9484/392 4304/9480/393 4364/9479/393
f 4366/9485/391 4306/9486/391 4305/9484/392 4365/9483/392
f 4367/9487/390 4307/9488/390 4306/9486/391 4366/9485/391
f 4368/9489/389 4308/9490/389 4307/9488/390 4367/9487/390
f 4369/9491/388 4309/9492/388 4308/9490/389 4368/9489/389
f 4370/9493/387 4310/9494/387 4309/9495/388 4369/9496/388
f 4351/9452/293 4291/9451/293 4310/9494/387 4370/9493/387
f 4249/9265/402 4371/9497/402 4372/9498/402 4250/9263/402
f 4325/9499/401 4373/9500/401 4374/9501/401 4326/9502/401
f 4250/9263/402 4372/9498/402 4375/9503/402 4251/9266/402
f 4324/9504/401 4376/9505/401 4373/9500/401 4325/9499/401
f 4251/9266/402 4375/9503/402 4377/9506/402 4252/9267/402
f 4323/9507/401 4378/9508/401 4376/9505/401 4324/9504/401
f 4252/9267/402 4377/9506/402 4379/9509/402 4253/9268/402
f 4322/9510/401 4380/9511/401 4378/9508/401 4323/9507/401
f 4253/9268/402 4379/9509/402 4381/9512/402 4254/9269/402
f 4321/9513/401 4382/9514/401 4380/9511/401 4322/9510/401
f 4254/9269/402 4381/9512/402 4383/9515/402 4255/9270/402
f 4320/9516/401 4384/9517/401 4382/9514/401 4321/9513/401
f 4255/9270/402 4383/9515/402 4385/9518/402 4256/9271/402
f 4319/9519/401 4386/9520/401 4384/9517/401 4320/9516/401
f 4256/9271/402 4385/9518/402 4387/9521/402 4257/9272/402
f 4318/9522/401 4388/9523/401 4386/9520/401 4319/9519/401
f 4257/9272/402 4387/9521/402 4389/9524/402 4258/9273/402
f 4317/9525/401 4390/9526/401 4388/9523/401 4318/9522/401
f 4258/9273/402 4389/9524/402 4391/9527/402 4259/9274/402
f 4316/9528/401 4392/9529/401 4390/9526/401 4317/9525/401
f 4259/9274/402 4391/9527/402 4393/9530/402 4260/9275/402
f 4315/9531/401 4394/9532/401 4392/9529/401 4316/9528/401
f 4260/9275/402 4393/9530/402 4395/9533/402 4261/9276/402
f 4314/9534/401 4396/9535/401 4394/9532/401 4315/9531/401
f 4261/9276/402 4395/9533/402 4397/9536/402 4262/9277/402
f 4313/9537/401 4398/9538/401 4396/9535/401 4314/9534/401
f 4262/9277/402 4397/9536/402 4399/9539/402 4263/9278/402
f 4312/9540/401 4400/9541/401 4398/9538/401 4313/9537/401
f 4263/9278/402 4399/9539/402 4401/9542/402 4264/9279/402
f 4311/9543/401 4402/9544/401 4400/9541/401 4312/9540/401
f 4264/9279/402 4401/9542/402 4403/9545/402 4265/9280/402
f 4330/9546/401 4404/9547/401 4402/9544/401 4311/9543/401
f 4265/9280/402 4403/9545/402 4405/9548/402 4266/9281/402
f 4329/9549/401 4406/9550/401 4404/9547/401 4330/9546/401
f 4266/9281/402 4405/9548/402 4407/9551/402 4267/9282/402
f 4328/9552/401 4408/9553/401 4406/9550/401 4329/9549/401
f 4267/9282/402 4407/9551/402 4409/9554/402 4268/9283/402
f 4327/9555/401 4410/9556/401 4408/9553/401 4328/9552/401
f 4268/9283/402 4409/9554/402 4371/9497/402 4249/9265/402
f 4326/9502/401 4374/9501/401 4410/9556/401 4327/9555/401
f 4292/9557/402 4412/9558/402 4411/9559/402 4291/9560/402
f 4283/9299/401 4413/9561/401 4414/9562/401 4282/9298/401
f 4293/9563/402 4415/9564/402 4412/9558/402 4292/9557/402
f 4282/9298/401 4414/9562/401 4416/9565/401 4281/9297/401
f 4294/9566/402 4417/9567/402 4415/9564/402 4293/9563/402
f 4281/9297/401 4416/9565/401 4418/9568/401 4280/9296/401
f 4295/9569/402 4419/9570/402 4417/9567/402 4294/9566/402
f 4280/9296/401 4418/9568/401 4420/9571/401 4279/9295/401
f 4296/9572/402 4421/9573/402 4419/9570/402 4295/9569/402
f 4279/9295/401 4420/9571/401 4422/9574/401 4278/9294/401
f 4297/9575/402 4423/9576/402 4421/9573/402 4296/9572/402
f 4278/9294/401 4422/9574/401 4424/9577/401 4277/9293/401
f 4298/9578/402 4425/9579/402 4423/9576/402 4297/9575/402
f 4277/9293/401 4424/9577/401 4426/9580/401 4276/9292/401
f 4299/9581/402 4427/9582/402 4425/9579/402 4298/9578/402
f 4276/9292/401 4426/9580/401 4428/9583/401 4275/9291/401
f 4300/9584/402 4429/9585/402 4427/9582/402 4299/9581/402
f 4275/9291/401 4428/9583/401 4430/9586/401 4274/9290/401
f 4301/9587/402 4431/9588/402 4429/9585/402 4300/9584/402
f 4274/9290/401 4430/9586/401 4432/9589/401 4273/9289/401
f 4302/9590/402 4433/9591/402 4431/9588/402 4301/9587/402
f 4273/9289/401 4432/9589/401 4434/9592/401 4272/9288/401
f 4303/9593/402 4435/9594/402 4433/9591/402 4302/9590/402
f 4272/9288/401 4434/9592/401 4436/9595/401 4271/9287/401
f 4304/9596/402 4437/9597/402 4435/9594/402 4303/9593/402
f 4271/9287/401 4436/9595/401 4438/9598/401 4270/9286/401
f 4305/9599/402 4439/9600/402 4437/9597/402 4304/9596/402
f 4270/9286/401 4438/9598/401 4440/9601/401 4269/9284/401
f 4306/9602/402 4441/9603/402 4439/9600/402 4305/9599/402
f 4269/9284/401 4440/9601/401 4442/9604/401 4288/9304/401
f 4307/9605/402 4443/9606/402 4441/9603/402 4306/9602/402
f 4288/9304/401 4442/9604/401 4444/9607/401 4287/9303/401
f 4308/9608/402 4445/9609/402 4443/9606/402 4307/9605/402
f 4287/9303/401 4444/9607/401 4446/9610/401 4286/9302/401
f 4309/9611/402 4447/9612/402 4445/9609/402 4308/9608/402
f 4286/9302/401 4446/9610/401 4448/9613/401 4285/9301/401
f 4310/9614/402 4449/9615/402 4447/9612/402 4309/9611/402
f 4285/9301/401 4448/9613/401 4450/9616/401 4284/9300/401
f 4291/9560/402 4411/9559/402 4449/9615/402 4310/9614/402
f 4284/9300/401 4450/9616/401 4413/9561/401 4283/9299/401
f 4332/9617/402 4452/9618/402 4451/9619/402 4331/9620/402
f 4370/9621/401 4453/9622/401 4454/9623/401 4351/9624/401
f 4333/9625/402 4455/9626/402 4452/9618/402 4332/9617/402
f 4351/9624/401 4454/9623/401 4456/9627/401 4352/9628/401
f 4334/9629/402 4457/9630/402 4455/9626/402 4333/9625/402
f 4352/9628/401 4456/9627/401 4458/9631/401 4353/9632/401
f 4335/9633/402 4459/9634/402 4457/9630/402 4334/9629/402
f 4353/9632/401 4458/9631/401 4460/9635/401 4354/9636/401
f 4336/9637/402 4461/9638/402 4459/9634/402 4335/9633/402
f 4354/9636/401 4460/9635/401 4462/9639/401 4355/9640/401
f 4337/9641/402 4463/9642/402 4461/9638/402 4336/9637/402
f 4355/9640/401 4462/9639/401 4464/9643/401 4356/9644/401
f 4338/9645/402 4465/9646/402 4463/9642/402 4337/9641/402
f 4356/9644/401 4464/9643/401 4466/9647/401 4357/9648/401
f 4339/9649/402 4467/9650/402 4465/9646/402 4338/9645/402
f 4357/9648/401 4466/9647/401 4468/9651/401 4358/9652/401
f 4340/9653/402 4469/9654/402 4467/9650/402 4339/9649/402
f 4358/9652/401 4468/9651/401 4470/9655/401 4359/9656/401
f 4341/9657/402 4471/9658/402 4469/9654/402 4340/9653/402
f 4359/9656/401 4470/9655/401 4472/9659/401 4360/9660/401
f 4342/9661/402 4473/9662/402 4471/9658/402 4341/9657/402
f 4360/9660/401 4472/9659/401 4474/9663/401 4361/9664/401
f 4343/9665/402 4475/9666/402 4473/9662/402 4342/9661/402
f 4361/9664/401 4474/9663/401 4476/9667/401 4362/9668/401
f 4344/9669/402 4477/9670/402 4475/9666/402 4343/9665/402
f 4362/9668/401 4476/9667/401 4478/9671/401 4363/9672/401
f 4345/9673/402 4479/9674/402 4477/9670/402 4344/9669/402
f 4363/9672/401 4478/9671/401 4480/9675/401 4364/9676/401
f 4346/9677/402 4481/9678/402 4479/9674/402 4345/9673/402
f 4364/9676/401 4480/9675/401 4482/9679/401 4365/9680/401
f 4347/9681/402 4483/9682/402 4481/9678/402 4346/9677/402
f 4365/9680/401 4482/9679/401 4484/9683/401 4366/9684/401
f 4348/9685/402 4485/9686/402 4483/9682/402 4347/9681/402
f 4366/9684/401 4484/9683/401 4486/9687/401 4367/9688/401
f 4349/9689/402 4487/9690/402 4485/9686/402 4348/9685/402
f 4367/9688/401 4486/9687/401 4488/9691/401 4368/9692/401
f 4350/9693/402 4489/9694/402 4487/9690/402 4349/9689/402
f 4368/9692/401 4488/9691/401 4490/9695/401 4369/9696/401
f 4331/9620/402 4451/9619/402 4489/9694/402 4350/9693/402
f 4369/9696/401 4490/9695/401 4453/9622/401 4370/9621/401
f 4733/9697/429 4734/9698/430 4735/9699/430 4736/9700/429
f 4737/9701/402 4738/9702/431 4739/9703/432 4740/9704/402
f 4741/9700/433 4742/9699/434 4743/9698/434 4744/9697/433
f 4744/9705/401 4743/9706/401 4734/9707/401 4733/9708/401
f 4746/9709/400 4745/9710/400 4747/9711/400 4748/9712/400
f 4744/9713/391 4733/9714/391 4736/9715/391 4741/9716/391
f 4749/9717/435 4750/9718/436 4751/9719/436 4752/9720/437
f 4754/9721/438 4753/9722/439 4747/9723/440 4745/9724/440
f 4755/9725/441 4754/9726/442 4745/9727/401 4746/9728/401
f 4756/9722/443 4755/9721/444 4746/9724/445 4748/9723/445
f 4757/9729/446 4749/9717/435 4752/9720/437 4758/9730/447
f 4760/9731/448 4759/9732/449 4753/9733/439 4754/9734/438
f 4761/9735/450 4760/9736/451 4754/9726/442 4755/9725/441
f 4762/9732/452 4761/9731/453 4755/9734/444 4756/9733/443
f 4763/9737/454 4757/9729/446 4758/9730/447 4764/9738/455
f 4766/9739/456 4765/9740/457 4759/9741/449 4760/9742/448
f 4767/9743/458 4766/9744/459 4760/9736/451 4761/9735/450
f 4768/9740/460 4767/9739/461 4761/9742/453 4762/9741/452
f 4769/9745/462 4763/9737/454 4764/9738/455 4770/9746/463
f 4772/9747/464 4771/9748/465 4765/9749/457 4766/9750/456
f 4773/9751/466 4772/9752/467 4766/9744/459 4767/9743/458
f 4774/9748/468 4773/9747/469 4767/9750/461 4768/9749/460
f 4775/9753/470 4776/9754/471 4777/9755/472 4778/9756/473
f 4780/9757/474 4779/9758/475 4781/9759/476 4782/9760/476
f 4783/9761/477 4780/9762/478 4782/9763/401 4784/9764/401
f 4785/9758/479 4783/9757/480 4784/9760/481 4786/9759/481
f 4787/9765/482 4775/9753/470 4778/9756/473 4788/9766/483
f 4790/9767/484 4789/9768/485 4779/9769/475 4780/9770/474
f 4791/9771/486 4790/9772/487 4780/9762/478 4783/9761/477
f 4792/9768/488 4791/9767/489 4783/9770/480 4785/9769/479
f 4793/9773/490 4787/9765/482 4788/9766/483 4794/9774/491
f 4796/9775/492 4795/9776/493 4789/9777/485 4790/9778/484
f 4797/9779/494 4796/9780/495 4790/9772/487 4791/9771/486
f 4798/9776/496 4797/9775/497 4791/9778/489 4792/9777/488
f 4799/9781/498 4793/9773/490 4794/9774/491 4800/9782/499
f 4802/9783/500 4801/9784/501 4795/9785/493 4796/9786/492
f 4803/9787/502 4802/9788/503 4796/9780/495 4797/9779/494
f 4804/9784/504 4803/9783/505 4797/9786/497 4798/9785/496
f 4805/9789/506 4799/9781/498 4800/9782/499 4806/9790/507
f 4808/9791/508 4807/9792/509 4801/9793/501 4802/9794/500
f 4809/9795/510 4808/9796/511 4802/9788/503 4803/9787/502
f 4810/9792/512 4809/9791/513 4803/9794/505 4804/9793/504
f 4738/9702/431 4805/9789/506 4806/9790/507 4739/9703/432
f 4743/9797/434 4742/9798/434 4807/9799/509 4808/9800/508
f 4734/9707/401 4743/9706/401 4808/9796/511 4809/9795/510
f 4735/9798/430 4734/9797/430 4809/9800/513 4810/9799/512
f 4812/9801/391 4811/9802/391 4737/9803/391 4740/9804/391
f 4740/9805/433 4739/9806/514 4813/9807/515 4812/9808/433
f 4814/9809/516 4813/9810/515 4739/9811/514 4806/9812/517
f 4815/9813/518 4814/9814/516 4806/9815/517 4800/9816/519
f 4816/9817/520 4815/9818/518 4800/9819/519 4794/9820/521
f 4817/9821/522 4816/9822/520 4794/9823/521 4788/9824/523
f 4818/9825/524 4817/9826/522 4788/9827/523 4778/9828/525
f 4819/9829/476 4818/9830/524 4778/9831/525 4777/9832/476
f 4821/9833/526 4820/9834/527 4770/9835/528 4764/9836/529
f 4822/9837/530 4821/9838/526 4764/9839/529 4758/9840/531
f 4823/9841/532 4822/9842/530 4758/9843/531 4752/9844/533
f 4824/9845/534 4823/9846/532 4752/9847/533 4751/9848/534
f 4825/9849/400 4824/9850/400 4751/9851/400 4750/9852/400
f 4749/9847/535 4826/9846/536 4825/9845/445 4750/9848/445
f 4757/9843/537 4827/9842/538 4826/9841/536 4749/9844/535
f 4763/9839/539 4828/9838/540 4827/9837/538 4757/9840/537
f 4769/9835/541 4829/9834/542 4828/9833/540 4763/9836/539
f 4775/9831/543 4830/9830/544 4831/9829/481 4776/9832/481
f 4787/9827/545 4832/9826/546 4830/9825/544 4775/9828/543
f 4793/9823/547 4833/9822/548 4832/9821/546 4787/9824/545
f 4799/9819/549 4834/9818/550 4833/9817/548 4793/9820/547
f 4805/9815/551 4835/9814/552 4834/9813/550 4799/9816/549
f 4738/9811/553 4836/9810/554 4835/9809/552 4805/9812/551
f 4811/9808/429 4836/9807/554 4738/9806/553 4737/9805/429
f 4741/9716/391 4736/9715/391 4811/9802/391 4812/9801/391
f 4812/9853/433 4813/9810/515 4742/9798/434 4741/9854/433
f 4807/9792/509 4742/9699/434 4813/9807/515 4814/9814/516
f 4801/9784/501 4807/9799/509 4814/9809/516 4815/9818/518
f 4795/9776/493 4801/9793/501 4815/9813/518 4816/9822/520
f 4789/9768/485 4795/9785/493 4816/9817/520 4817/9826/522
f 4779/9758/475 4789/9777/485 4817/9821/522 4818/9830/524
f 4781/9855/476 4779/9769/475 4818/9825/524 4819/9856/476
f 4765/9740/457 4771/9857/465 4820/9858/527 4821/9838/526
f 4759/9732/449 4765/9749/457 4821/9833/526 4822/9842/530
f 4753/9722/439 4759/9741/449 4822/9837/530 4823/9846/532
f 4747/9859/440 4753/9733/439 4823/9841/532 4824/9860/534
f 4748/9712/400 4747/9711/400 4824/9850/400 4825/9849/400
f 4826/9841/536 4756/9733/443 4748/9859/445 4825/9860/445
f 4827/9837/538 4762/9741/452 4756/9722/443 4826/9846/536
f 4828/9833/540 4768/9749/460 4762/9732/452 4827/9842/538
f 4829/9858/542 4774/9857/468 4768/9740/460 4828/9838/540
f 4830/9825/544 4785/9769/479 4786/9855/481 4831/9856/481
f 4832/9821/546 4792/9777/488 4785/9758/479 4830/9830/544
f 4833/9817/548 4798/9785/496 4792/9768/488 4832/9826/546
f 4834/9813/550 4804/9793/504 4798/9776/496 4833/9822/548
f 4835/9809/552 4810/9799/512 4804/9784/504 4834/9818/550
f 4836/9807/554 4735/9699/430 4810/9792/512 4835/9814/552
f 4736/9854/429 4735/9798/430 4836/9810/554 4811/9853/429
f 4776/9754/471 4837/9861/555 4838/9862/556 4777/9755/472
f 4839/9863/476 4819/9829/476 4777/9832/476 4838/9864/476
f 4840/9865/476 4781/9855/476 4819/9856/476 4839/9866/476
f 4782/9760/476 4781/9759/476 4840/9867/476 4841/9868/476
f 4784/9764/401 4782/9763/401 4841/9869/401 4842/9870/401
f 4786/9759/481 4784/9760/481 4842/9868/481 4843/9867/481
f 4831/9856/481 4786/9855/481 4843/9865/481 4844/9866/481
f 4776/9832/481 4831/9829/481 4844/9863/481 4837/9864/481
f 4837/9861/555 4769/9745/462 4770/9746/463 4838/9862/556
f 4820/9858/527 4839/9863/476 4838/9864/476 4770/9871/528
f 4771/9748/465 4840/9865/476 4839/9866/476 4820/9834/527
f 4841/9868/476 4840/9867/476 4771/9857/465 4772/9872/464
f 4842/9870/401 4841/9869/401 4772/9752/467 4773/9751/466
f 4843/9867/481 4842/9868/481 4773/9872/469 4774/9857/468
f 4844/9866/481 4843/9865/481 4774/9748/468 4829/9834/542
f 4837/9864/481 4844/9863/481 4829/9858/542 4769/9871/541
f 4967/9873/557 4968/9874/558 4969/9875/558 4970/9876/557
f 4968/9874/558 4971/9877/559 4972/9878/559 4969/9875/558
f 4971/9879/559 4973/9880/560 4974/9881/560 4972/9882/559
f 4973/9880/560 4975/9883/293 4976/9884/293 4974/9881/560
f 4975/9883/293 4977/9885/561 4978/9886/561 4976/9884/293
f 4977/9885/561 4979/9887/562 4980/9888/562 4978/9886/561
f 4979/9889/562 4981/9890/563 4982/9891/563 4980/9892/562
f 4981/9890/563 4983/9893/564 4984/9894/564 4982/9891/563
f 4983/9893/564 4985/9895/565 4986/9896/565 4984/9894/564
f 4985/9895/565 4987/9897/566 4988/9898/566 4986/9896/565
f 4987/9897/566 4989/9899/567 4990/9900/567 4988/9898/566
f 4989/9899/567 4991/9901/568 4992/9902/568 4990/9900/567
f 4991/9903/568 4993/9904/569 4994/9905/569 4992/9906/568
f 4993/9904/569 4995/9907/303 4996/9908/303 4994/9905/569
f 4995/9907/303 4997/9909/570 4998/9910/570 4996/9908/303
f 4997/9909/570 4999/9911/571 5000/9912/571 4998/9910/570
f 4999/9913/571 5001/9914/572 5002/9915/572 5000/9916/571
f 5001/9914/572 5003/9917/573 5004/9918/573 5002/9915/572
f 5003/9917/573 5005/9919/574 5006/9920/574 5004/9918/573
f 5005/9919/574 4967/9873/557 4970/9876/557 5006/9920/574
f 4968/9921/575 4967/9922/575 5007/9923/575
f 4971/9924/575 4968/9921/575 5007/9923/575
f 4973/9925/575 4971/9924/575 5007/9923/575
f 4975/9926/575 4973/9925/575 5007/9923/575
f 4977/9927/575 4975/9926/575 5007/9923/575
f 4979/9928/575 4977/9927/575 5007/9923/575
f 4981/9929/575 4979/9928/575 5007/9923/575
f 4983/9930/575 4981/9929/575 5007/9923/575
f 4985/9931/575 4983/9930/575 5007/9923/575
f 4987/9932/575 4985/9931/575 5007/9923/575
f 4989/9933/575 4987/9932/575 5007/9923/575
f 4991/9934/575 4989/9933/575 5007/9923/575
f 4993/9935/575 4991/9934/575 5007/9923/575
f 4995/9936/575 4993/9935/575 5007/9923/575
f 4997/9937/575 4995/9936/575 5007/9923/575
f 4999/9938/575 4997/9937/575 5007/9923/575
f 5001/9939/575 4999/9938/575 5007/9923/575
f 5003/9940/575 5001/9939/575 5007/9923/575
f 5005/9941/575 5003/9940/575 5007/9923/575
f 4967/9922/575 5005/9941/575 5007/9923/575
f 5008/9942/576 5009/9943/576 5010/9944/576
f 5009/9943/576 5011/9945/576 5010/9944/576
f 5011/9945/576 5012/9946/576 5010/9944/576
f 5012/9946/576 5013/9947/576 5010/9944/576
f 5013/9947/576 5014/9948/576 5010/9944/576
f 5014/9948/576 5015/9949/576 5010/9944/576
f 5015/9949/576 5016/9950/576 5010/9944/576
f 5016/9950/576 5017/9951/576 5010/9944/576
f 5017/9951/576 5018/9952/576 5010/9944/576
f 5018/9952/576 5019/9953/576 5010/9944/576
f 5019/9953/576 5020/9954/576 5010/9944/576
f 5020/9954/576 5021/9955/576 5010/9944/576
f 5021/9955/576 5022/9956/576 5010/9944/576
f 5022/9956/576 5023/9957/576 5010/9944/576
f 5023/9957/576 5024/9958/576 5010/9944/576
f 5024/9958/576 5025/9959/576 5010/9944/576
f 5025/9959/576 5026/9960/576 5010/9944/576
f 5026/9960/576 5027/9961/576 5010/9944/576
f 5027/9961/576 5028/9962/576 5010/9944/576
f 5028/9962/576 5008/9942/576 5010/9944/576
f 5030/9963/303 5029/9964/570 5031/9965/570 5032/9966/303
f 5033/9967/569 5030/9963/303 5032/9966/303 5034/9968/569
f 5035/9969/568 5033/9967/569 5034/9968/569 5036/9970/568
f 5037/9971/567 5035/9972/568 5036/9973/568 5038/9974/567
f 5039/9975/566 5037/9971/567 5038/9974/567 5040/9976/566
f 5041/9977/565 5039/9975/566 5040/9976/566 5042/9978/565
f 5043/9979/564 5041/9977/565 5042/9978/565 5044/9980/564
f 5045/9981/563 5043/9979/564 5044/9980/564 5046/9982/563
f 5047/9983/562 5045/9981/563 5046/9982/563 5048/9984/562
f 5049/9985/561 5047/9986/562 5048/9987/562 5050/9988/561
f 5051/9989/293 5049/9985/561 5050/9988/561 5052/9990/293
f 5053/9991/560 5051/9989/293 5052/9990/293 5054/9992/560
f 5055/9993/559 5053/9991/560 5054/9992/560 5056/9994/559
f 5057/9995/558 5055/9996/559 5056/9997/559 5058/9998/558
f 5059/9999/557 5057/9995/558 5058/9998/558 5060/10000/557
f 5061/10001/574 5059/9999/557 5060/10000/557 5062/10002/574
f 5063/10003/573 5061/10001/574 5062/10002/574 5064/10004/573
f 5065/10005/572 5063/10003/573 5064/10004/573 5066/10006/572
f 5067/10007/571 5065/10005/572 5066/10006/572 5068/10008/571
f 5029/9964/570 5067/10009/571 5068/10010/571 5031/9965/570
f 4996/10011/575 4998/10012/575 5029/10013/575 5030/10014/575
f 5070/10015/576 5069/10016/576 5032/10017/576 5031/10018/576
f 4994/10019/575 4996/10011/575 5030/10014/575 5033/10020/575
f 5069/10016/576 5071/10021/576 5034/10022/576 5032/10017/576
f 4992/10023/575 4994/10019/575 5033/10020/575 5035/10024/575
f 5071/10021/576 5072/10025/576 5036/10026/576 5034/10022/576
f 4990/10027/575 4992/10023/575 5035/10024/575 5037/10028/575
f 5072/10025/576 5073/10029/576 5038/10030/576 5036/10026/576
f 4988/10031/575 4990/10027/575 5037/10028/575 5039/10032/575
f 5073/10029/576 5074/10033/576 5040/10034/576 5038/10030/576
f 4986/10035/575 4988/10031/575 5039/10032/575 5041/10036/575
f 5074/10033/576 5075/10037/576 5042/10038/576 5040/10034/576
f 4984/10039/575 4986/10035/575 5041/10036/575 5043/10040/575
f 5075/10037/576 5076/10041/576 5044/10042/576 5042/10038/576
f 4982/10043/575 4984/10039/575 5043/10040/575 5045/10044/575
f 5076/10041/576 5077/10045/576 5046/10046/576 5044/10042/576
f 4980/10047/575 4982/10043/575 5045/10044/575 5047/10048/575
f 5077/10045/576 5078/10049/576 5048/10050/576 5046/10046/576
f 4978/10051/575 4980/10047/575 5047/10048/575 5049/10052/575
f 5078/10049/576 5079/10053/576 5050/10054/576 5048/10050/576
f 4976/10055/575 4978/10051/575 5049/10052/575 5051/10056/575
f 5079/10053/576 5080/10057/576 5052/10058/576 5050/10054/576
f 4974/10059/575 4976/10055/575 5051/10056/575 5053/10060/575
f 5080/10057/576 5081/10061/576 5054/10062/576 5052/10058/576
f 4972/10063/575 4974/10059/575 5053/10060/575 5055/10064/575
f 5081/10061/576 5082/10065/576 5056/10066/576 5054/10062/576
f 4969/10067/575 4972/10063/575 5055/10064/575 5057/10068/575
f 5082/10065/576 5083/10069/576 5058/10070/576 5056/10066/576
f 4970/10071/575 4969/10067/575 5057/10068/575 5059/10072/575
f 5083/10069/576 5084/10073/576 5060/10074/576 5058/10070/576
f 5006/10075/575 4970/10071/575 5059/10072/575 5061/10076/575
f 5084/10073/576 5085/10077/576 5062/10078/576 5060/10074/576
f 5004/10079/575 5006/10075/575 5061/10076/575 5063/10080/575
f 5085/10077/576 5086/10081/576 5064/10082/576 5062/10078/576
f 5002/10083/575 5004/10079/575 5063/10080/575 5065/10084/575
f 5086/10081/576 5087/10085/576 5066/10086/576 5064/10082/576
f 5000/10087/575 5002/10083/575 5065/10084/575 5067/10088/575
f 5087/10085/576 5088/10089/576 5068/10090/576 5066/10086/576
f 4998/10012/575 5000/10087/575 5067/10088/575 5029/10013/575
f 5088/10089/576 5070/10015/576 5031/10018/576 5068/10090/576
f 5084/10091/566 5083/10092/567 5009/10093/567 5008/10094/566
f 5083/10092/567 5082/10095/568 5011/10096/568 5009/10093/567
f 5082/10097/568 5081/10098/569 5012/10099/569 5011/10100/568
f 5081/10098/569 5080/10101/303 5013/10102/303 5012/10099/569
f 5080/10101/303 5079/10103/570 5014/10104/570 5013/10102/303
f 5079/10103/570 5078/10105/571 5015/10106/571 5014/10104/570
f 5078/10107/571 5077/10108/572 5016/10109/572 5015/10110/571
f 5077/10108/572 5076/10111/573 5017/10112/573 5016/10109/572
f 5076/10111/573 5075/10113/574 5018/10114/574 5017/10112/573
f 5075/10113/574 5074/10115/557 5019/10116/557 5018/10114/574
f 5074/10115/557 5073/10117/558 5020/10118/558 5019/10116/557
f 5073/10117/558 5072/10119/559 5021/10120/559 5020/10118/558
f 5072/10121/559 5071/10122/560 5022/10123/560 5021/10124/559
f 5071/10122/560 5069/10125/293 5023/10126/293 5022/10123/560
f 5069/10125/293 5070/10127/561 5024/10128/561 5023/10126/293
f 5070/10127/561 5088/10129/562 5025/10130/562 5024/10128/561
f 5088/10131/562 5087/10132/563 5026/10133/563 5025/10134/562
f 5087/10132/563 5086/10135/564 5027/10136/564 5026/10133/563
f 5086/10135/564 5085/10137/565 5028/10138/565 5027/10136/564
f 5085/10137/565 5084/10091/566 5008/10094/566 5028/10138/565
f 4845/10139/566 4901/10140/566 4900/10141/567 4846/10142/567
f 4846/10142/567 4900/10141/567 4899/10143/568 4847/10144/568
f 4847/10145/568 4899/10146/568 4898/10147/569 4848/10148/569
f 4848/10148/569 4898/10147/569 4897/10149/303 4849/10150/303
f 4849/10150/303 4897/10149/303 4896/10151/570 4850/10152/570
f 4850/10152/570 4896/10151/570 4895/10153/571 4851/10154/571
f 4851/10155/571 4895/10156/571 4894/10157/572 4852/10158/572
f 4852/10158/572 4894/10157/572 4893/10159/573 4853/10160/573
f 4853/10160/573 4893/10159/573 4892/10161/574 4854/10162/574
f 4854/10162/574 4892/10161/574 4891/10163/557 4855/10164/557
f 4855/10164/557 4891/10163/557 4890/10165/558 4856/10166/558
f 4856/10166/558 4890/10165/558 4889/10167/559 4857/10168/559
f 4857/10169/559 4889/10170/559 4888/10171/560 4858/10172/560
f 4858/10172/560 4888/10171/560 4887/10173/293 4859/10174/293
f 4859/10174/293 4887/10173/293 4886/10175/561 4860/10176/561
f 4860/10176/561 4886/10175/561 4905/10177/562 4861/10178/562
f 4861/10179/562 4905/10180/562 4904/10181/563 4862/10182/563
f 4862/10182/563 4904/10181/563 4903/10183/564 4863/10184/564
f 4863/10184/564 4903/10183/564 4902/10185/565 4864/10186/565
f 4864/10186/565 4902/10185/565 4901/10140/566 4845/10139/566
f 4846/10187/576 4885/10188/576 4845/10189/576
f 4847/10190/576 4885/10188/576 4846/10187/576
f 4848/10191/576 4885/10188/576 4847/10190/576
f 4849/10192/576 4885/10188/576 4848/10191/576
f 4850/10193/576 4885/10188/576 4849/10192/576
f 4851/10194/576 4885/10188/576 4850/10193/576
f 4852/10195/576 4885/10188/576 4851/10194/576
f 4853/10196/576 4885/10188/576 4852/10195/576
f 4854/10197/576 4885/10188/576 4853/10196/576
f 4855/10198/576 4885/10188/576 4854/10197/576
f 4856/10199/576 4885/10188/576 4855/10198/576
f 4857/10200/576 4885/10188/576 4856/10199/576
f 4858/10201/576 4885/10188/576 4857/10200/576
f 4859/10202/576 4885/10188/576 4858/10201/576
f 4860/10203/576 4885/10188/576 4859/10202/576
f 4861/10204/576 4885/10188/576 4860/10203/576
f 4862/10205/576 4885/10188/576 4861/10204/576
f 4863/10206/576 4885/10188/576 4862/10205/576
f 4864/10207/576 4885/10188/576 4863/10206/576
f 4845/10189/576 4885/10188/576 4864/10207/576
f 4946/10208/575 4948/10209/575 4947/10210/575
f 4947/10210/575 4948/10209/575 4949/10211/575
f 4949/10211/575 4948/10209/575 4950/10212/575
f 4950/10212/575 4948/10209/575 4951/10213/575
f 4951/10213/575 4948/10209/575 4952/10214/575
f 4952/10214/575 4948/10209/575 4953/10215/575
f 4953/10215/575 4948/10209/575 4954/10216/575
f 4954/10216/575 4948/10209/575 4955/10217/575
f 4955/10217/575 4948/10209/575 4956/10218/575
f 4956/10218/575 4948/10209/575 4957/10219/575
f 4957/10219/575 4948/10209/575 4958/10220/575
f 4958/10220/575 4948/10209/575 4959/10221/575
f 4959/10221/575 4948/10209/575 4960/10222/575
f 4960/10222/575 4948/10209/575 4961/10223/575
f 4961/10223/575 4948/10209/575 4962/10224/575
f 4962/10224/575 4948/10209/575 4963/10225/575
f 4963/10225/575 4948/10209/575 4964/10226/575
f 4964/10226/575 4948/10209/575 4965/10227/575
f 4965/10227/575 4948/10209/575 4966/10228/575
f 4966/10228/575 4948/10209/575 4946/10208/575
f 4907/10229/293 4909/10230/293 4908/10231/561 4906/10232/561
f 4910/10233/560 4911/10234/560 4909/10230/293 4907/10229/293
f 4912/10235/559 4913/10236/559 4911/10234/560 4910/10233/560
f 4914/10237/558 4915/10238/558 4913/10239/559 4912/10240/559
f 4916/10241/557 4917/10242/557 4915/10238/558 4914/10237/558
f 4918/10243/574 4919/10244/574 4917/10242/557 4916/10241/557
f 4920/10245/573 4921/10246/573 4919/10244/574 4918/10243/574
f 4922/10247/572 4923/10248/572 4921/10246/573 4920/10245/573
f 4924/10249/571 4925/10250/571 4923/10248/572 4922/10247/572
f 4926/10251/570 4927/10252/570 4925/10253/571 4924/10254/571
f 4928/10255/303 4929/10256/303 4927/10252/570 4926/10251/570
f 4930/10257/569 4931/10258/569 4929/10256/303 4928/10255/303
f 4932/10259/568 4933/10260/568 4931/10258/569 4930/10257/569
f 4934/10261/567 4935/10262/567 4933/10263/568 4932/10264/568
f 4936/10265/566 4937/10266/566 4935/10262/567 4934/10261/567
f 4938/10267/565 4939/10268/565 4937/10266/566 4936/10265/566
f 4940/10269/564 4941/10270/564 4939/10268/565 4938/10267/565
f 4942/10271/563 4943/10272/563 4941/10270/564 4940/10269/564
f 4944/10273/562 4945/10274/562 4943/10272/563 4942/10271/563
f 4906/10232/561 4908/10231/561 4945/10275/562 4944/10276/562
f 4887/10277/576 4907/10278/576 4906/10279/576 4886/10280/576
f 4880/10281/575 4908/10282/575 4909/10283/575 4879/10284/575
f 4888/10285/576 4910/10286/576 4907/10278/576 4887/10277/576
f 4879/10284/575 4909/10283/575 4911/10287/575 4878/10288/575
f 4889/10289/576 4912/10290/576 4910/10286/576 4888/10285/576
f 4878/10288/575 4911/10287/575 4913/10291/575 4877/10292/575
f 4890/10293/576 4914/10294/576 4912/10290/576 4889/10289/576
f 4877/10292/575 4913/10291/575 4915/10295/575 4876/10296/575
f 4891/10297/576 4916/10298/576 4914/10294/576 4890/10293/576
f 4876/10296/575 4915/10295/575 4917/10299/575 4875/10300/575
f 4892/10301/576 4918/10302/576 4916/10298/576 4891/10297/576
f 4875/10300/575 4917/10299/575 4919/10303/575 4874/10304/575
f 4893/10305/576 4920/10306/576 4918/10302/576 4892/10301/576
f 4874/10304/575 4919/10303/575 4921/10307/575 4873/10308/575
f 4894/10309/576 4922/10310/576 4920/10306/576 4893/10305/576
f 4873/10308/575 4921/10307/575 4923/10311/575 4872/10312/575
f 4895/10313/576 4924/10314/576 4922/10310/576 4894/10309/576
f 4872/10312/575 4923/10311/575 4925/10315/575 4871/10316/575
f 4896/10317/576 4926/10318/576 4924/10314/576 4895/10313/576
f 4871/10316/575 4925/10315/575 4927/10319/575 4870/10320/575
f 4897/10321/576 4928/10322/576 4926/10318/576 4896/10317/576
f 4870/10320/575 4927/10319/575 4929/10323/575 4869/10324/575
f 4898/10325/576 4930/10326/576 4928/10322/576 4897/10321/576
f 4869/10324/575 4929/10323/575 4931/10327/575 4868/10328/575
f 4899/10329/576 4932/10330/576 4930/10326/576 4898/10325/576
f 4868/10328/575 4931/10327/575 4933/10331/575 4867/10332/575
f 4900/10333/576 4934/10334/576 4932/10330/576 4899/10329/576
f 4867/10332/575 4933/10331/575 4935/10335/575 4866/10336/575
f 4901/10337/576 4936/10338/576 4934/10334/576 4900/10333/576
f 4866/10336/575 4935/10335/575 4937/10339/575 4865/10340/575
f 4902/10341/576 4938/10342/576 4936/10338/576 4901/10337/576
f 4865/10340/575 4937/10339/575 4939/10343/575 4884/10344/575
f 4903/10345/576 4940/10346/576 4938/10342/576 4902/10341/576
f 4884/10344/575 4939/10343/575 4941/10347/575 4883/10348/575
f 4904/10349/576 4942/10350/576 4940/10346/576 4903/10345/576
f 4883/10348/575 4941/10347/575 4943/10351/575 4882/10352/575
f 4905/10353/576 4944/10354/576 4942/10350/576 4904/10349/576
f 4882/10352/575 4943/10351/575 4945/10355/575 4881/10356/575
f 4886/10280/576 4906/10279/576 4944/10354/576 4905/10353/576
f 4881/10356/575 4945/10355/575 4908/10282/575 4880/10281/575
f 4865/10357/557 4946/10358/557 4947/10359/558 4866/10360/558
f 4866/10360/558 4947/10359/558 4949/10361/559 4867/10362/559
f 4867/10363/559 4949/10364/559 4950/10365/560 4868/10366/560
f 4868/10366/560 4950/10365/560 4951/10367/293 4869/10368/293
f 4869/10368/293 4951/10367/293 4952/10369/561 4870/10370/561
f 4870/10370/561 4952/10369/561 4953/10371/562 4871/10372/562
f 4871/10373/562 4953/10374/562 4954/10375/563 4872/10376/563
f 4872/10376/563 4954/10375/563 4955/10377/564 4873/10378/564
f 4873/10378/564 4955/10377/564 4956/10379/565 4874/10380/565
f 4874/10380/565 4956/10379/565 4957/10381/566 4875/10382/566
f 4875/10382/566 4957/10381/566 4958/10383/567 4876/10384/567
f 4876/10384/567 4958/10383/567 4959/10385/568 4877/10386/568
f 4877/10387/568 4959/10388/568 4960/10389/569 4878/10390/569
f 4878/10390/569 4960/10389/569 4961/10391/303 4879/10392/303
f 4879/10392/303 4961/10391/303 4962/10393/570 4880/10394/570
f 4880/10394/570 4962/10393/570 4963/10395/571 4881/10396/571
f 4881/10397/571 4963/10398/571 4964/10399/572 4882/10400/572
f 4882/10400/572 4964/10399/572 4965/10401/573 4883/10402/573
f 4883/10402/573 4965/10401/573 4966/10403/574 4884/10404/574
f 4884/10404/574 4966/10403/574 4946/10358/557 4865/10357/557
